planner,benchmark,instance,status,compatible,return_code,wall_seconds,max_rss_kb,plan_length,metric_value,validation,case_directory
count-downward-agile,01_LOGISTIC,p001.pddl,dry-run,true,,0,,,,not-run,results/smoke/all-numeric-planners-smoke-20260907-170137-711276/cases/count-downward-agile/01_LOGISTIC/p001
count-downward-agile,02_LOGISTIC_NEW,p001.pddl,dry-run,true,,0,,,,not-run,results/smoke/all-numeric-planners-smoke-20260907-170137-711276/cases/count-downward-agile/02_LOGISTIC_NEW/p001
count-downward-agile,03_BLOCKSWORLD,p001.pddl,dry-run,true,,0,,,,not-run,results/smoke/all-numeric-planners-smoke-20260907-170137-711276/cases/count-downward-agile/03_BLOCKSWORLD/p001
count-downward-agile,04_ROVER_CHANGMIN,p001.pddl,dry-run,true,,0,,,,not-run,results/smoke/all-numeric-planners-smoke-20260907-170137-711276/cases/count-downward-agile/04_ROVER_CHANGMIN/p001
count-downward-agile,05_PIPESWORLD_STRIPS,p001.pddl,dry-run,true,,0,,,,not-run,results/smoke/all-numeric-planners-smoke-20260907-170137-711276/cases/count-downward-agile/05_PIPESWORLD_STRIPS/p001
count-downward-agile,06_TSP_NUMERIC,p001.pddl,dry-run,true,,0,,,,not-run,results/smoke/all-numeric-planners-smoke-20260907-170137-711276/cases/count-downward-agile/06_TSP_NUMERIC/p001
count-downward-agile,07_TSP_CONNECTED_NUMERIC,p001.pddl,dry-run,true,,0,,,,not-run,results/smoke/all-numeric-planners-smoke-20260907-170137-711276/cases/count-downward-agile/07_TSP_CONNECTED_NUMERIC/p001
count-downward-agile,08_RAILWAYS_SIMPLE,p001.pddl,dry-run,true,,0,,,,not-run,results/smoke/all-numeric-planners-smoke-20260907-170137-711276/cases/count-downward-agile/08_RAILWAYS_SIMPLE/p001
count-downward-agile,09_WATERING,p001.pddl,dry-run,true,,0,,,,not-run,results/smoke/all-numeric-planners-smoke-20260907-170137-711276/cases/count-downward-agile/09_WATERING/p001
count-downward-agile,10_EIGHT_PUZZLE,p001.pddl,dry-run,true,,0,,,,not-run,results/smoke/all-numeric-planners-smoke-20260907-170137-711276/cases/count-downward-agile/10_EIGHT_PUZZLE/p001
count-downward-agile,11_SEEDSET,p001.pddl,dry-run,true,,0,,,,not-run,results/smoke/all-numeric-planners-smoke-20260907-170137-711276/cases/count-downward-agile/11_SEEDSET/p001
count-downward-agile,12_BOOKNEW,p001.pddl,dry-run,true,,0,,,,not-run,results/smoke/all-numeric-planners-smoke-20260907-170137-711276/cases/count-downward-agile/12_BOOKNEW/p001
count-downward-agile,13_GROUNDED_TRUCKS,p001.pddl,dry-run,true,,0,,,,not-run,results/smoke/all-numeric-planners-smoke-20260907-170137-711276/cases/count-downward-agile/13_GROUNDED_TRUCKS/p001
count-downward-agile,14_DESIRE,p001.pddl,dry-run,true,,0,,,,not-run,results/smoke/all-numeric-planners-smoke-20260907-170137-711276/cases/count-downward-agile/14_DESIRE/p001
count-downward-agile,15_ISSUE49,p001.pddl,dry-run,true,,0,,,,not-run,results/smoke/all-numeric-planners-smoke-20260907-170137-711276/cases/count-downward-agile/15_ISSUE49/p001
count-downward-agile,16_TEST1,p001.pddl,dry-run,true,,0,,,,not-run,results/smoke/all-numeric-planners-smoke-20260907-170137-711276/cases/count-downward-agile/16_TEST1/p001
count-downward-agile,17_SATELLITE,p001.pddl,dry-run,true,,0,,,,not-run,results/smoke/all-numeric-planners-smoke-20260907-170137-711276/cases/count-downward-agile/17_SATELLITE/p001
count-downward-agile,18_BLOCK_GROUPING,p001.pddl,dry-run,true,,0,,,,not-run,results/smoke/all-numeric-planners-smoke-20260907-170137-711276/cases/count-downward-agile/18_BLOCK_GROUPING/p001
count-downward-agile,19_COUNTERS,p001.pddl,dry-run,true,,0,,,,not-run,results/smoke/all-numeric-planners-smoke-20260907-170137-711276/cases/count-downward-agile/19_COUNTERS/p001
count-downward-agile,20_DELIVERY,p001.pddl,dry-run,true,,0,,,,not-run,results/smoke/all-numeric-planners-smoke-20260907-170137-711276/cases/count-downward-agile/20_DELIVERY/p001
count-downward-agile,21_DRONE,p001.pddl,dry-run,true,,0,,,,not-run,results/smoke/all-numeric-planners-smoke-20260907-170137-711276/cases/count-downward-agile/21_DRONE/p001
count-downward-agile,22_EXPEDITION,p001.pddl,dry-run,true,,0,,,,not-run,results/smoke/all-numeric-planners-smoke-20260907-170137-711276/cases/count-downward-agile/22_EXPEDITION/p001
count-downward-agile,23_EXT_PLANT_WATERING,p001.pddl,dry-run,true,,0,,,,not-run,results/smoke/all-numeric-planners-smoke-20260907-170137-711276/cases/count-downward-agile/23_EXT_PLANT_WATERING/p001
count-downward-agile,24_FARMLAND,p001.pddl,dry-run,true,,0,,,,not-run,results/smoke/all-numeric-planners-smoke-20260907-170137-711276/cases/count-downward-agile/24_FARMLAND/p001
count-downward-agile,25_FO_COUNTERS,p001.pddl,dry-run,true,,0,,,,not-run,results/smoke/all-numeric-planners-smoke-20260907-170137-711276/cases/count-downward-agile/25_FO_COUNTERS/p001
count-downward-agile,26_FO_FARMLAND,p001.pddl,dry-run,true,,0,,,,not-run,results/smoke/all-numeric-planners-smoke-20260907-170137-711276/cases/count-downward-agile/26_FO_FARMLAND/p001
count-downward-agile,27_FO_SAILING,p001.pddl,dry-run,true,,0,,,,not-run,results/smoke/all-numeric-planners-smoke-20260907-170137-711276/cases/count-downward-agile/27_FO_SAILING/p001
count-downward-agile,28_HYDROPOWER,p001.pddl,dry-run,true,,0,,,,not-run,results/smoke/all-numeric-planners-smoke-20260907-170137-711276/cases/count-downward-agile/28_HYDROPOWER/p001
count-downward-agile,29_MARKETTRADER,p001.pddl,dry-run,true,,0,,,,not-run,results/smoke/all-numeric-planners-smoke-20260907-170137-711276/cases/count-downward-agile/29_MARKETTRADER/p001
count-downward-agile,30_MPRIME,p001.pddl,dry-run,true,,0,,,,not-run,results/smoke/all-numeric-planners-smoke-20260907-170137-711276/cases/count-downward-agile/30_MPRIME/p001
count-downward-agile,31_PATHWAYSMETRIC,p001.pddl,dry-run,true,,0,,,,not-run,results/smoke/all-numeric-planners-smoke-20260907-170137-711276/cases/count-downward-agile/31_PATHWAYSMETRIC/p001
count-downward-agile,32_ROVER_IPC23,p001.pddl,dry-run,true,,0,,,,not-run,results/smoke/all-numeric-planners-smoke-20260907-170137-711276/cases/count-downward-agile/32_ROVER_IPC23/p001
count-downward-agile,33_SAILING,p001.pddl,dry-run,true,,0,,,,not-run,results/smoke/all-numeric-planners-smoke-20260907-170137-711276/cases/count-downward-agile/33_SAILING/p001
count-downward-agile,34_SETTLERSNUMERIC,p001.pddl,dry-run,true,,0,,,,not-run,results/smoke/all-numeric-planners-smoke-20260907-170137-711276/cases/count-downward-agile/34_SETTLERSNUMERIC/p001
count-downward-agile,35_SUGAR,p001.pddl,dry-run,true,,0,,,,not-run,results/smoke/all-numeric-planners-smoke-20260907-170137-711276/cases/count-downward-agile/35_SUGAR/p001
count-downward-agile,36_TPP,p001.pddl,dry-run,true,,0,,,,not-run,results/smoke/all-numeric-planners-smoke-20260907-170137-711276/cases/count-downward-agile/36_TPP/p001
count-downward-agile,37_ZENOTRAVEL,p001.pddl,dry-run,true,,0,,,,not-run,results/smoke/all-numeric-planners-smoke-20260907-170137-711276/cases/count-downward-agile/37_ZENOTRAVEL/p001
count-downward-agile,38_SETTLERS_IPC04,p001.pddl,dry-run,true,,0,,,,not-run,results/smoke/all-numeric-planners-smoke-20260907-170137-711276/cases/count-downward-agile/38_SETTLERS_IPC04/p001
count-downward-agile,39_PSR_LARGE_IPC04,p001.pddl,dry-run,true,,0,,,,not-run,results/smoke/all-numeric-planners-smoke-20260907-170137-711276/cases/count-downward-agile/39_PSR_LARGE_IPC04/p001
count-downward-opt-pdbs,01_LOGISTIC,p001.pddl,dry-run,true,,0,,,,not-run,results/smoke/all-numeric-planners-smoke-20260907-170137-711276/cases/count-downward-opt-pdbs/01_LOGISTIC/p001
count-downward-opt-pdbs,02_LOGISTIC_NEW,p001.pddl,dry-run,true,,0,,,,not-run,results/smoke/all-numeric-planners-smoke-20260907-170137-711276/cases/count-downward-opt-pdbs/02_LOGISTIC_NEW/p001
count-downward-opt-pdbs,03_BLOCKSWORLD,p001.pddl,dry-run,true,,0,,,,not-run,results/smoke/all-numeric-planners-smoke-20260907-170137-711276/cases/count-downward-opt-pdbs/03_BLOCKSWORLD/p001
count-downward-opt-pdbs,04_ROVER_CHANGMIN,p001.pddl,dry-run,true,,0,,,,not-run,results/smoke/all-numeric-planners-smoke-20260907-170137-711276/cases/count-downward-opt-pdbs/04_ROVER_CHANGMIN/p001
count-downward-opt-pdbs,05_PIPESWORLD_STRIPS,p001.pddl,dry-run,true,,0,,,,not-run,results/smoke/all-numeric-planners-smoke-20260907-170137-711276/cases/count-downward-opt-pdbs/05_PIPESWORLD_STRIPS/p001
count-downward-opt-pdbs,06_TSP_NUMERIC,p001.pddl,dry-run,true,,0,,,,not-run,results/smoke/all-numeric-planners-smoke-20260907-170137-711276/cases/count-downward-opt-pdbs/06_TSP_NUMERIC/p001
count-downward-opt-pdbs,07_TSP_CONNECTED_NUMERIC,p001.pddl,dry-run,true,,0,,,,not-run,results/smoke/all-numeric-planners-smoke-20260907-170137-711276/cases/count-downward-opt-pdbs/07_TSP_CONNECTED_NUMERIC/p001
count-downward-opt-pdbs,08_RAILWAYS_SIMPLE,p001.pddl,dry-run,true,,0,,,,not-run,results/smoke/all-numeric-planners-smoke-20260907-170137-711276/cases/count-downward-opt-pdbs/08_RAILWAYS_SIMPLE/p001
count-downward-opt-pdbs,09_WATERING,p001.pddl,dry-run,true,,0,,,,not-run,results/smoke/all-numeric-planners-smoke-20260907-170137-711276/cases/count-downward-opt-pdbs/09_WATERING/p001
count-downward-opt-pdbs,10_EIGHT_PUZZLE,p001.pddl,dry-run,true,,0,,,,not-run,results/smoke/all-numeric-planners-smoke-20260907-170137-711276/cases/count-downward-opt-pdbs/10_EIGHT_PUZZLE/p001
count-downward-opt-pdbs,11_SEEDSET,p001.pddl,dry-run,true,,0,,,,not-run,results/smoke/all-numeric-planners-smoke-20260907-170137-711276/cases/count-downward-opt-pdbs/11_SEEDSET/p001
count-downward-opt-pdbs,12_BOOKNEW,p001.pddl,dry-run,true,,0,,,,not-run,results/smoke/all-numeric-planners-smoke-20260907-170137-711276/cases/count-downward-opt-pdbs/12_BOOKNEW/p001
count-downward-opt-pdbs,13_GROUNDED_TRUCKS,p001.pddl,dry-run,true,,0,,,,not-run,results/smoke/all-numeric-planners-smoke-20260907-170137-711276/cases/count-downward-opt-pdbs/13_GROUNDED_TRUCKS/p001
count-downward-opt-pdbs,14_DESIRE,p001.pddl,dry-run,true,,0,,,,not-run,results/smoke/all-numeric-planners-smoke-20260907-170137-711276/cases/count-downward-opt-pdbs/14_DESIRE/p001
count-downward-opt-pdbs,15_ISSUE49,p001.pddl,dry-run,true,,0,,,,not-run,results/smoke/all-numeric-planners-smoke-20260907-170137-711276/cases/count-downward-opt-pdbs/15_ISSUE49/p001
count-downward-opt-pdbs,16_TEST1,p001.pddl,dry-run,true,,0,,,,not-run,results/smoke/all-numeric-planners-smoke-20260907-170137-711276/cases/count-downward-opt-pdbs/16_TEST1/p001
count-downward-opt-pdbs,17_SATELLITE,p001.pddl,dry-run,true,,0,,,,not-run,results/smoke/all-numeric-planners-smoke-20260907-170137-711276/cases/count-downward-opt-pdbs/17_SATELLITE/p001
count-downward-opt-pdbs,18_BLOCK_GROUPING,p001.pddl,dry-run,true,,0,,,,not-run,results/smoke/all-numeric-planners-smoke-20260907-170137-711276/cases/count-downward-opt-pdbs/18_BLOCK_GROUPING/p001
count-downward-opt-pdbs,19_COUNTERS,p001.pddl,dry-run,true,,0,,,,not-run,results/smoke/all-numeric-planners-smoke-20260907-170137-711276/cases/count-downward-opt-pdbs/19_COUNTERS/p001
count-downward-opt-pdbs,20_DELIVERY,p001.pddl,dry-run,true,,0,,,,not-run,results/smoke/all-numeric-planners-smoke-20260907-170137-711276/cases/count-downward-opt-pdbs/20_DELIVERY/p001
count-downward-opt-pdbs,21_DRONE,p001.pddl,dry-run,true,,0,,,,not-run,results/smoke/all-numeric-planners-smoke-20260907-170137-711276/cases/count-downward-opt-pdbs/21_DRONE/p001
count-downward-opt-pdbs,22_EXPEDITION,p001.pddl,dry-run,true,,0,,,,not-run,results/smoke/all-numeric-planners-smoke-20260907-170137-711276/cases/count-downward-opt-pdbs/22_EXPEDITION/p001
count-downward-opt-pdbs,23_EXT_PLANT_WATERING,p001.pddl,dry-run,true,,0,,,,not-run,results/smoke/all-numeric-planners-smoke-20260907-170137-711276/cases/count-downward-opt-pdbs/23_EXT_PLANT_WATERING/p001
count-downward-opt-pdbs,24_FARMLAND,p001.pddl,dry-run,true,,0,,,,not-run,results/smoke/all-numeric-planners-smoke-20260907-170137-711276/cases/count-downward-opt-pdbs/24_FARMLAND/p001
count-downward-opt-pdbs,25_FO_COUNTERS,p001.pddl,dry-run,true,,0,,,,not-run,results/smoke/all-numeric-planners-smoke-20260907-170137-711276/cases/count-downward-opt-pdbs/25_FO_COUNTERS/p001
count-downward-opt-pdbs,26_FO_FARMLAND,p001.pddl,dry-run,true,,0,,,,not-run,results/smoke/all-numeric-planners-smoke-20260907-170137-711276/cases/count-downward-opt-pdbs/26_FO_FARMLAND/p001
count-downward-opt-pdbs,27_FO_SAILING,p001.pddl,dry-run,true,,0,,,,not-run,results/smoke/all-numeric-planners-smoke-20260907-170137-711276/cases/count-downward-opt-pdbs/27_FO_SAILING/p001
count-downward-opt-pdbs,28_HYDROPOWER,p001.pddl,dry-run,true,,0,,,,not-run,results/smoke/all-numeric-planners-smoke-20260907-170137-711276/cases/count-downward-opt-pdbs/28_HYDROPOWER/p001
count-downward-opt-pdbs,29_MARKETTRADER,p001.pddl,dry-run,true,,0,,,,not-run,results/smoke/all-numeric-planners-smoke-20260907-170137-711276/cases/count-downward-opt-pdbs/29_MARKETTRADER/p001
count-downward-opt-pdbs,30_MPRIME,p001.pddl,dry-run,true,,0,,,,not-run,results/smoke/all-numeric-planners-smoke-20260907-170137-711276/cases/count-downward-opt-pdbs/30_MPRIME/p001
count-downward-opt-pdbs,31_PATHWAYSMETRIC,p001.pddl,dry-run,true,,0,,,,not-run,results/smoke/all-numeric-planners-smoke-20260907-170137-711276/cases/count-downward-opt-pdbs/31_PATHWAYSMETRIC/p001
count-downward-opt-pdbs,32_ROVER_IPC23,p001.pddl,dry-run,true,,0,,,,not-run,results/smoke/all-numeric-planners-smoke-20260907-170137-711276/cases/count-downward-opt-pdbs/32_ROVER_IPC23/p001
count-downward-opt-pdbs,33_SAILING,p001.pddl,dry-run,true,,0,,,,not-run,results/smoke/all-numeric-planners-smoke-20260907-170137-711276/cases/count-downward-opt-pdbs/33_SAILING/p001
count-downward-opt-pdbs,34_SETTLERSNUMERIC,p001.pddl,dry-run,true,,0,,,,not-run,results/smoke/all-numeric-planners-smoke-20260907-170137-711276/cases/count-downward-opt-pdbs/34_SETTLERSNUMERIC/p001
count-downward-opt-pdbs,35_SUGAR,p001.pddl,dry-run,true,,0,,,,not-run,results/smoke/all-numeric-planners-smoke-20260907-170137-711276/cases/count-downward-opt-pdbs/35_SUGAR/p001
count-downward-opt-pdbs,36_TPP,p001.pddl,dry-run,true,,0,,,,not-run,results/smoke/all-numeric-planners-smoke-20260907-170137-711276/cases/count-downward-opt-pdbs/36_TPP/p001
count-downward-opt-pdbs,37_ZENOTRAVEL,p001.pddl,dry-run,true,,0,,,,not-run,results/smoke/all-numeric-planners-smoke-20260907-170137-711276/cases/count-downward-opt-pdbs/37_ZENOTRAVEL/p001
count-downward-opt-pdbs,38_SETTLERS_IPC04,p001.pddl,dry-run,true,,0,,,,not-run,results/smoke/all-numeric-planners-smoke-20260907-170137-711276/cases/count-downward-opt-pdbs/38_SETTLERS_IPC04/p001
count-downward-opt-pdbs,39_PSR_LARGE_IPC04,p001.pddl,dry-run,true,,0,,,,not-run,results/smoke/all-numeric-planners-smoke-20260907-170137-711276/cases/count-downward-opt-pdbs/39_PSR_LARGE_IPC04/p001
count-downward-sat,01_LOGISTIC,p001.pddl,dry-run,true,,0,,,,not-run,results/smoke/all-numeric-planners-smoke-20260907-170137-711276/cases/count-downward-sat/01_LOGISTIC/p001
count-downward-sat,02_LOGISTIC_NEW,p001.pddl,dry-run,true,,0,,,,not-run,results/smoke/all-numeric-planners-smoke-20260907-170137-711276/cases/count-downward-sat/02_LOGISTIC_NEW/p001
count-downward-sat,03_BLOCKSWORLD,p001.pddl,dry-run,true,,0,,,,not-run,results/smoke/all-numeric-planners-smoke-20260907-170137-711276/cases/count-downward-sat/03_BLOCKSWORLD/p001
count-downward-sat,04_ROVER_CHANGMIN,p001.pddl,dry-run,true,,0,,,,not-run,results/smoke/all-numeric-planners-smoke-20260907-170137-711276/cases/count-downward-sat/04_ROVER_CHANGMIN/p001
count-downward-sat,05_PIPESWORLD_STRIPS,p001.pddl,dry-run,true,,0,,,,not-run,results/smoke/all-numeric-planners-smoke-20260907-170137-711276/cases/count-downward-sat/05_PIPESWORLD_STRIPS/p001
count-downward-sat,06_TSP_NUMERIC,p001.pddl,dry-run,true,,0,,,,not-run,results/smoke/all-numeric-planners-smoke-20260907-170137-711276/cases/count-downward-sat/06_TSP_NUMERIC/p001
count-downward-sat,07_TSP_CONNECTED_NUMERIC,p001.pddl,dry-run,true,,0,,,,not-run,results/smoke/all-numeric-planners-smoke-20260907-170137-711276/cases/count-downward-sat/07_TSP_CONNECTED_NUMERIC/p001
count-downward-sat,08_RAILWAYS_SIMPLE,p001.pddl,dry-run,true,,0,,,,not-run,results/smoke/all-numeric-planners-smoke-20260907-170137-711276/cases/count-downward-sat/08_RAILWAYS_SIMPLE/p001
count-downward-sat,09_WATERING,p001.pddl,dry-run,true,,0,,,,not-run,results/smoke/all-numeric-planners-smoke-20260907-170137-711276/cases/count-downward-sat/09_WATERING/p001
count-downward-sat,10_EIGHT_PUZZLE,p001.pddl,dry-run,true,,0,,,,not-run,results/smoke/all-numeric-planners-smoke-20260907-170137-711276/cases/count-downward-sat/10_EIGHT_PUZZLE/p001
count-downward-sat,11_SEEDSET,p001.pddl,dry-run,true,,0,,,,not-run,results/smoke/all-numeric-planners-smoke-20260907-170137-711276/cases/count-downward-sat/11_SEEDSET/p001
count-downward-sat,12_BOOKNEW,p001.pddl,dry-run,true,,0,,,,not-run,results/smoke/all-numeric-planners-smoke-20260907-170137-711276/cases/count-downward-sat/12_BOOKNEW/p001
count-downward-sat,13_GROUNDED_TRUCKS,p001.pddl,dry-run,true,,0,,,,not-run,results/smoke/all-numeric-planners-smoke-20260907-170137-711276/cases/count-downward-sat/13_GROUNDED_TRUCKS/p001
count-downward-sat,14_DESIRE,p001.pddl,dry-run,true,,0,,,,not-run,results/smoke/all-numeric-planners-smoke-20260907-170137-711276/cases/count-downward-sat/14_DESIRE/p001
count-downward-sat,15_ISSUE49,p001.pddl,dry-run,true,,0,,,,not-run,results/smoke/all-numeric-planners-smoke-20260907-170137-711276/cases/count-downward-sat/15_ISSUE49/p001
count-downward-sat,16_TEST1,p001.pddl,dry-run,true,,0,,,,not-run,results/smoke/all-numeric-planners-smoke-20260907-170137-711276/cases/count-downward-sat/16_TEST1/p001
count-downward-sat,17_SATELLITE,p001.pddl,dry-run,true,,0,,,,not-run,results/smoke/all-numeric-planners-smoke-20260907-170137-711276/cases/count-downward-sat/17_SATELLITE/p001
count-downward-sat,18_BLOCK_GROUPING,p001.pddl,dry-run,true,,0,,,,not-run,results/smoke/all-numeric-planners-smoke-20260907-170137-711276/cases/count-downward-sat/18_BLOCK_GROUPING/p001
count-downward-sat,19_COUNTERS,p001.pddl,dry-run,true,,0,,,,not-run,results/smoke/all-numeric-planners-smoke-20260907-170137-711276/cases/count-downward-sat/19_COUNTERS/p001
count-downward-sat,20_DELIVERY,p001.pddl,dry-run,true,,0,,,,not-run,results/smoke/all-numeric-planners-smoke-20260907-170137-711276/cases/count-downward-sat/20_DELIVERY/p001
count-downward-sat,21_DRONE,p001.pddl,dry-run,true,,0,,,,not-run,results/smoke/all-numeric-planners-smoke-20260907-170137-711276/cases/count-downward-sat/21_DRONE/p001
count-downward-sat,22_EXPEDITION,p001.pddl,dry-run,true,,0,,,,not-run,results/smoke/all-numeric-planners-smoke-20260907-170137-711276/cases/count-downward-sat/22_EXPEDITION/p001
count-downward-sat,23_EXT_PLANT_WATERING,p001.pddl,dry-run,true,,0,,,,not-run,results/smoke/all-numeric-planners-smoke-20260907-170137-711276/cases/count-downward-sat/23_EXT_PLANT_WATERING/p001
count-downward-sat,24_FARMLAND,p001.pddl,dry-run,true,,0,,,,not-run,results/smoke/all-numeric-planners-smoke-20260907-170137-711276/cases/count-downward-sat/24_FARMLAND/p001
count-downward-sat,25_FO_COUNTERS,p001.pddl,dry-run,true,,0,,,,not-run,results/smoke/all-numeric-planners-smoke-20260907-170137-711276/cases/count-downward-sat/25_FO_COUNTERS/p001
count-downward-sat,26_FO_FARMLAND,p001.pddl,dry-run,true,,0,,,,not-run,results/smoke/all-numeric-planners-smoke-20260907-170137-711276/cases/count-downward-sat/26_FO_FARMLAND/p001
count-downward-sat,27_FO_SAILING,p001.pddl,dry-run,true,,0,,,,not-run,results/smoke/all-numeric-planners-smoke-20260907-170137-711276/cases/count-downward-sat/27_FO_SAILING/p001
count-downward-sat,28_HYDROPOWER,p001.pddl,dry-run,true,,0,,,,not-run,results/smoke/all-numeric-planners-smoke-20260907-170137-711276/cases/count-downward-sat/28_HYDROPOWER/p001
count-downward-sat,29_MARKETTRADER,p001.pddl,dry-run,true,,0,,,,not-run,results/smoke/all-numeric-planners-smoke-20260907-170137-711276/cases/count-downward-sat/29_MARKETTRADER/p001
count-downward-sat,30_MPRIME,p001.pddl,dry-run,true,,0,,,,not-run,results/smoke/all-numeric-planners-smoke-20260907-170137-711276/cases/count-downward-sat/30_MPRIME/p001
count-downward-sat,31_PATHWAYSMETRIC,p001.pddl,dry-run,true,,0,,,,not-run,results/smoke/all-numeric-planners-smoke-20260907-170137-711276/cases/count-downward-sat/31_PATHWAYSMETRIC/p001
count-downward-sat,32_ROVER_IPC23,p001.pddl,dry-run,true,,0,,,,not-run,results/smoke/all-numeric-planners-smoke-20260907-170137-711276/cases/count-downward-sat/32_ROVER_IPC23/p001
count-downward-sat,33_SAILING,p001.pddl,dry-run,true,,0,,,,not-run,results/smoke/all-numeric-planners-smoke-20260907-170137-711276/cases/count-downward-sat/33_SAILING/p001
count-downward-sat,34_SETTLERSNUMERIC,p001.pddl,dry-run,true,,0,,,,not-run,results/smoke/all-numeric-planners-smoke-20260907-170137-711276/cases/count-downward-sat/34_SETTLERSNUMERIC/p001
count-downward-sat,35_SUGAR,p001.pddl,dry-run,true,,0,,,,not-run,results/smoke/all-numeric-planners-smoke-20260907-170137-711276/cases/count-downward-sat/35_SUGAR/p001
count-downward-sat,36_TPP,p001.pddl,dry-run,true,,0,,,,not-run,results/smoke/all-numeric-planners-smoke-20260907-170137-711276/cases/count-downward-sat/36_TPP/p001
count-downward-sat,37_ZENOTRAVEL,p001.pddl,dry-run,true,,0,,,,not-run,results/smoke/all-numeric-planners-smoke-20260907-170137-711276/cases/count-downward-sat/37_ZENOTRAVEL/p001
count-downward-sat,38_SETTLERS_IPC04,p001.pddl,dry-run,true,,0,,,,not-run,results/smoke/all-numeric-planners-smoke-20260907-170137-711276/cases/count-downward-sat/38_SETTLERS_IPC04/p001
count-downward-sat,39_PSR_LARGE_IPC04,p001.pddl,dry-run,true,,0,,,,not-run,results/smoke/all-numeric-planners-smoke-20260907-170137-711276/cases/count-downward-sat/39_PSR_LARGE_IPC04/p001
count-downward-together-opt-1,01_LOGISTIC,p001.pddl,dry-run,true,,0,,,,not-run,results/smoke/all-numeric-planners-smoke-20260907-170137-711276/cases/count-downward-together-opt-1/01_LOGISTIC/p001
count-downward-together-opt-1,02_LOGISTIC_NEW,p001.pddl,dry-run,true,,0,,,,not-run,results/smoke/all-numeric-planners-smoke-20260907-170137-711276/cases/count-downward-together-opt-1/02_LOGISTIC_NEW/p001
count-downward-together-opt-1,03_BLOCKSWORLD,p001.pddl,dry-run,true,,0,,,,not-run,results/smoke/all-numeric-planners-smoke-20260907-170137-711276/cases/count-downward-together-opt-1/03_BLOCKSWORLD/p001
count-downward-together-opt-1,04_ROVER_CHANGMIN,p001.pddl,dry-run,true,,0,,,,not-run,results/smoke/all-numeric-planners-smoke-20260907-170137-711276/cases/count-downward-together-opt-1/04_ROVER_CHANGMIN/p001
count-downward-together-opt-1,05_PIPESWORLD_STRIPS,p001.pddl,dry-run,true,,0,,,,not-run,results/smoke/all-numeric-planners-smoke-20260907-170137-711276/cases/count-downward-together-opt-1/05_PIPESWORLD_STRIPS/p001
count-downward-together-opt-1,06_TSP_NUMERIC,p001.pddl,dry-run,true,,0,,,,not-run,results/smoke/all-numeric-planners-smoke-20260907-170137-711276/cases/count-downward-together-opt-1/06_TSP_NUMERIC/p001
count-downward-together-opt-1,07_TSP_CONNECTED_NUMERIC,p001.pddl,dry-run,true,,0,,,,not-run,results/smoke/all-numeric-planners-smoke-20260907-170137-711276/cases/count-downward-together-opt-1/07_TSP_CONNECTED_NUMERIC/p001
count-downward-together-opt-1,08_RAILWAYS_SIMPLE,p001.pddl,dry-run,true,,0,,,,not-run,results/smoke/all-numeric-planners-smoke-20260907-170137-711276/cases/count-downward-together-opt-1/08_RAILWAYS_SIMPLE/p001
count-downward-together-opt-1,09_WATERING,p001.pddl,dry-run,true,,0,,,,not-run,results/smoke/all-numeric-planners-smoke-20260907-170137-711276/cases/count-downward-together-opt-1/09_WATERING/p001
count-downward-together-opt-1,10_EIGHT_PUZZLE,p001.pddl,dry-run,true,,0,,,,not-run,results/smoke/all-numeric-planners-smoke-20260907-170137-711276/cases/count-downward-together-opt-1/10_EIGHT_PUZZLE/p001
count-downward-together-opt-1,11_SEEDSET,p001.pddl,dry-run,true,,0,,,,not-run,results/smoke/all-numeric-planners-smoke-20260907-170137-711276/cases/count-downward-together-opt-1/11_SEEDSET/p001
count-downward-together-opt-1,12_BOOKNEW,p001.pddl,dry-run,true,,0,,,,not-run,results/smoke/all-numeric-planners-smoke-20260907-170137-711276/cases/count-downward-together-opt-1/12_BOOKNEW/p001
count-downward-together-opt-1,13_GROUNDED_TRUCKS,p001.pddl,dry-run,true,,0,,,,not-run,results/smoke/all-numeric-planners-smoke-20260907-170137-711276/cases/count-downward-together-opt-1/13_GROUNDED_TRUCKS/p001
count-downward-together-opt-1,14_DESIRE,p001.pddl,dry-run,true,,0,,,,not-run,results/smoke/all-numeric-planners-smoke-20260907-170137-711276/cases/count-downward-together-opt-1/14_DESIRE/p001
count-downward-together-opt-1,15_ISSUE49,p001.pddl,dry-run,true,,0,,,,not-run,results/smoke/all-numeric-planners-smoke-20260907-170137-711276/cases/count-downward-together-opt-1/15_ISSUE49/p001
count-downward-together-opt-1,16_TEST1,p001.pddl,dry-run,true,,0,,,,not-run,results/smoke/all-numeric-planners-smoke-20260907-170137-711276/cases/count-downward-together-opt-1/16_TEST1/p001
count-downward-together-opt-1,17_SATELLITE,p001.pddl,dry-run,true,,0,,,,not-run,results/smoke/all-numeric-planners-smoke-20260907-170137-711276/cases/count-downward-together-opt-1/17_SATELLITE/p001
count-downward-together-opt-1,18_BLOCK_GROUPING,p001.pddl,dry-run,true,,0,,,,not-run,results/smoke/all-numeric-planners-smoke-20260907-170137-711276/cases/count-downward-together-opt-1/18_BLOCK_GROUPING/p001
count-downward-together-opt-1,19_COUNTERS,p001.pddl,dry-run,true,,0,,,,not-run,results/smoke/all-numeric-planners-smoke-20260907-170137-711276/cases/count-downward-together-opt-1/19_COUNTERS/p001
count-downward-together-opt-1,20_DELIVERY,p001.pddl,dry-run,true,,0,,,,not-run,results/smoke/all-numeric-planners-smoke-20260907-170137-711276/cases/count-downward-together-opt-1/20_DELIVERY/p001
count-downward-together-opt-1,21_DRONE,p001.pddl,dry-run,true,,0,,,,not-run,results/smoke/all-numeric-planners-smoke-20260907-170137-711276/cases/count-downward-together-opt-1/21_DRONE/p001
count-downward-together-opt-1,22_EXPEDITION,p001.pddl,dry-run,true,,0,,,,not-run,results/smoke/all-numeric-planners-smoke-20260907-170137-711276/cases/count-downward-together-opt-1/22_EXPEDITION/p001
count-downward-together-opt-1,23_EXT_PLANT_WATERING,p001.pddl,dry-run,true,,0,,,,not-run,results/smoke/all-numeric-planners-smoke-20260907-170137-711276/cases/count-downward-together-opt-1/23_EXT_PLANT_WATERING/p001
count-downward-together-opt-1,24_FARMLAND,p001.pddl,dry-run,true,,0,,,,not-run,results/smoke/all-numeric-planners-smoke-20260907-170137-711276/cases/count-downward-together-opt-1/24_FARMLAND/p001
count-downward-together-opt-1,25_FO_COUNTERS,p001.pddl,dry-run,true,,0,,,,not-run,results/smoke/all-numeric-planners-smoke-20260907-170137-711276/cases/count-downward-together-opt-1/25_FO_COUNTERS/p001
count-downward-together-opt-1,26_FO_FARMLAND,p001.pddl,dry-run,true,,0,,,,not-run,results/smoke/all-numeric-planners-smoke-20260907-170137-711276/cases/count-downward-together-opt-1/26_FO_FARMLAND/p001
count-downward-together-opt-1,27_FO_SAILING,p001.pddl,dry-run,true,,0,,,,not-run,results/smoke/all-numeric-planners-smoke-20260907-170137-711276/cases/count-downward-together-opt-1/27_FO_SAILING/p001
count-downward-together-opt-1,28_HYDROPOWER,p001.pddl,dry-run,true,,0,,,,not-run,results/smoke/all-numeric-planners-smoke-20260907-170137-711276/cases/count-downward-together-opt-1/28_HYDROPOWER/p001
count-downward-together-opt-1,29_MARKETTRADER,p001.pddl,dry-run,true,,0,,,,not-run,results/smoke/all-numeric-planners-smoke-20260907-170137-711276/cases/count-downward-together-opt-1/29_MARKETTRADER/p001
count-downward-together-opt-1,30_MPRIME,p001.pddl,dry-run,true,,0,,,,not-run,results/smoke/all-numeric-planners-smoke-20260907-170137-711276/cases/count-downward-together-opt-1/30_MPRIME/p001
count-downward-together-opt-1,31_PATHWAYSMETRIC,p001.pddl,dry-run,true,,0,,,,not-run,results/smoke/all-numeric-planners-smoke-20260907-170137-711276/cases/count-downward-together-opt-1/31_PATHWAYSMETRIC/p001
count-downward-together-opt-1,32_ROVER_IPC23,p001.pddl,dry-run,true,,0,,,,not-run,results/smoke/all-numeric-planners-smoke-20260907-170137-711276/cases/count-downward-together-opt-1/32_ROVER_IPC23/p001
count-downward-together-opt-1,33_SAILING,p001.pddl,dry-run,true,,0,,,,not-run,results/smoke/all-numeric-planners-smoke-20260907-170137-711276/cases/count-downward-together-opt-1/33_SAILING/p001
count-downward-together-opt-1,34_SETTLERSNUMERIC,p001.pddl,dry-run,true,,0,,,,not-run,results/smoke/all-numeric-planners-smoke-20260907-170137-711276/cases/count-downward-together-opt-1/34_SETTLERSNUMERIC/p001
count-downward-together-opt-1,35_SUGAR,p001.pddl,dry-run,true,,0,,,,not-run,results/smoke/all-numeric-planners-smoke-20260907-170137-711276/cases/count-downward-together-opt-1/35_SUGAR/p001
count-downward-together-opt-1,36_TPP,p001.pddl,dry-run,true,,0,,,,not-run,results/smoke/all-numeric-planners-smoke-20260907-170137-711276/cases/count-downward-together-opt-1/36_TPP/p001
count-downward-together-opt-1,37_ZENOTRAVEL,p001.pddl,dry-run,true,,0,,,,not-run,results/smoke/all-numeric-planners-smoke-20260907-170137-711276/cases/count-downward-together-opt-1/37_ZENOTRAVEL/p001
count-downward-together-opt-1,38_SETTLERS_IPC04,p001.pddl,dry-run,true,,0,,,,not-run,results/smoke/all-numeric-planners-smoke-20260907-170137-711276/cases/count-downward-together-opt-1/38_SETTLERS_IPC04/p001
count-downward-together-opt-1,39_PSR_LARGE_IPC04,p001.pddl,dry-run,true,,0,,,,not-run,results/smoke/all-numeric-planners-smoke-20260907-170137-711276/cases/count-downward-together-opt-1/39_PSR_LARGE_IPC04/p001
crikey2,01_LOGISTIC,p001.pddl,unsupported,false,,0,,,,not-run,results/smoke/all-numeric-planners-smoke-20260907-170137-711276/cases/crikey2/01_LOGISTIC/p001
crikey2,02_LOGISTIC_NEW,p001.pddl,unsupported,false,,0,,,,not-run,results/smoke/all-numeric-planners-smoke-20260907-170137-711276/cases/crikey2/02_LOGISTIC_NEW/p001
crikey2,03_BLOCKSWORLD,p001.pddl,unsupported,false,,0,,,,not-run,results/smoke/all-numeric-planners-smoke-20260907-170137-711276/cases/crikey2/03_BLOCKSWORLD/p001
crikey2,04_ROVER_CHANGMIN,p001.pddl,unsupported,false,,0,,,,not-run,results/smoke/all-numeric-planners-smoke-20260907-170137-711276/cases/crikey2/04_ROVER_CHANGMIN/p001
crikey2,05_PIPESWORLD_STRIPS,p001.pddl,unsupported,false,,0,,,,not-run,results/smoke/all-numeric-planners-smoke-20260907-170137-711276/cases/crikey2/05_PIPESWORLD_STRIPS/p001
crikey2,06_TSP_NUMERIC,p001.pddl,unsupported,false,,0,,,,not-run,results/smoke/all-numeric-planners-smoke-20260907-170137-711276/cases/crikey2/06_TSP_NUMERIC/p001
crikey2,07_TSP_CONNECTED_NUMERIC,p001.pddl,unsupported,false,,0,,,,not-run,results/smoke/all-numeric-planners-smoke-20260907-170137-711276/cases/crikey2/07_TSP_CONNECTED_NUMERIC/p001
crikey2,08_RAILWAYS_SIMPLE,p001.pddl,unsupported,false,,0,,,,not-run,results/smoke/all-numeric-planners-smoke-20260907-170137-711276/cases/crikey2/08_RAILWAYS_SIMPLE/p001
crikey2,09_WATERING,p001.pddl,unsupported,false,,0,,,,not-run,results/smoke/all-numeric-planners-smoke-20260907-170137-711276/cases/crikey2/09_WATERING/p001
crikey2,10_EIGHT_PUZZLE,p001.pddl,unsupported,false,,0,,,,not-run,results/smoke/all-numeric-planners-smoke-20260907-170137-711276/cases/crikey2/10_EIGHT_PUZZLE/p001
crikey2,11_SEEDSET,p001.pddl,unsupported,false,,0,,,,not-run,results/smoke/all-numeric-planners-smoke-20260907-170137-711276/cases/crikey2/11_SEEDSET/p001
crikey2,12_BOOKNEW,p001.pddl,unsupported,false,,0,,,,not-run,results/smoke/all-numeric-planners-smoke-20260907-170137-711276/cases/crikey2/12_BOOKNEW/p001
crikey2,13_GROUNDED_TRUCKS,p001.pddl,unsupported,false,,0,,,,not-run,results/smoke/all-numeric-planners-smoke-20260907-170137-711276/cases/crikey2/13_GROUNDED_TRUCKS/p001
crikey2,14_DESIRE,p001.pddl,unsupported,false,,0,,,,not-run,results/smoke/all-numeric-planners-smoke-20260907-170137-711276/cases/crikey2/14_DESIRE/p001
crikey2,15_ISSUE49,p001.pddl,unsupported,false,,0,,,,not-run,results/smoke/all-numeric-planners-smoke-20260907-170137-711276/cases/crikey2/15_ISSUE49/p001
crikey2,16_TEST1,p001.pddl,unsupported,false,,0,,,,not-run,results/smoke/all-numeric-planners-smoke-20260907-170137-711276/cases/crikey2/16_TEST1/p001
crikey2,17_SATELLITE,p001.pddl,unsupported,false,,0,,,,not-run,results/smoke/all-numeric-planners-smoke-20260907-170137-711276/cases/crikey2/17_SATELLITE/p001
crikey2,18_BLOCK_GROUPING,p001.pddl,unsupported,false,,0,,,,not-run,results/smoke/all-numeric-planners-smoke-20260907-170137-711276/cases/crikey2/18_BLOCK_GROUPING/p001
crikey2,19_COUNTERS,p001.pddl,unsupported,false,,0,,,,not-run,results/smoke/all-numeric-planners-smoke-20260907-170137-711276/cases/crikey2/19_COUNTERS/p001
crikey2,20_DELIVERY,p001.pddl,unsupported,false,,0,,,,not-run,results/smoke/all-numeric-planners-smoke-20260907-170137-711276/cases/crikey2/20_DELIVERY/p001
crikey2,21_DRONE,p001.pddl,unsupported,false,,0,,,,not-run,results/smoke/all-numeric-planners-smoke-20260907-170137-711276/cases/crikey2/21_DRONE/p001
crikey2,22_EXPEDITION,p001.pddl,unsupported,false,,0,,,,not-run,results/smoke/all-numeric-planners-smoke-20260907-170137-711276/cases/crikey2/22_EXPEDITION/p001
crikey2,23_EXT_PLANT_WATERING,p001.pddl,unsupported,false,,0,,,,not-run,results/smoke/all-numeric-planners-smoke-20260907-170137-711276/cases/crikey2/23_EXT_PLANT_WATERING/p001
crikey2,24_FARMLAND,p001.pddl,unsupported,false,,0,,,,not-run,results/smoke/all-numeric-planners-smoke-20260907-170137-711276/cases/crikey2/24_FARMLAND/p001
crikey2,25_FO_COUNTERS,p001.pddl,unsupported,false,,0,,,,not-run,results/smoke/all-numeric-planners-smoke-20260907-170137-711276/cases/crikey2/25_FO_COUNTERS/p001
crikey2,26_FO_FARMLAND,p001.pddl,unsupported,false,,0,,,,not-run,results/smoke/all-numeric-planners-smoke-20260907-170137-711276/cases/crikey2/26_FO_FARMLAND/p001
crikey2,27_FO_SAILING,p001.pddl,unsupported,false,,0,,,,not-run,results/smoke/all-numeric-planners-smoke-20260907-170137-711276/cases/crikey2/27_FO_SAILING/p001
crikey2,28_HYDROPOWER,p001.pddl,unsupported,false,,0,,,,not-run,results/smoke/all-numeric-planners-smoke-20260907-170137-711276/cases/crikey2/28_HYDROPOWER/p001
crikey2,29_MARKETTRADER,p001.pddl,unsupported,false,,0,,,,not-run,results/smoke/all-numeric-planners-smoke-20260907-170137-711276/cases/crikey2/29_MARKETTRADER/p001
crikey2,30_MPRIME,p001.pddl,unsupported,false,,0,,,,not-run,results/smoke/all-numeric-planners-smoke-20260907-170137-711276/cases/crikey2/30_MPRIME/p001
crikey2,31_PATHWAYSMETRIC,p001.pddl,unsupported,false,,0,,,,not-run,results/smoke/all-numeric-planners-smoke-20260907-170137-711276/cases/crikey2/31_PATHWAYSMETRIC/p001
crikey2,32_ROVER_IPC23,p001.pddl,unsupported,false,,0,,,,not-run,results/smoke/all-numeric-planners-smoke-20260907-170137-711276/cases/crikey2/32_ROVER_IPC23/p001
crikey2,33_SAILING,p001.pddl,unsupported,false,,0,,,,not-run,results/smoke/all-numeric-planners-smoke-20260907-170137-711276/cases/crikey2/33_SAILING/p001
crikey2,34_SETTLERSNUMERIC,p001.pddl,unsupported,false,,0,,,,not-run,results/smoke/all-numeric-planners-smoke-20260907-170137-711276/cases/crikey2/34_SETTLERSNUMERIC/p001
crikey2,35_SUGAR,p001.pddl,unsupported,false,,0,,,,not-run,results/smoke/all-numeric-planners-smoke-20260907-170137-711276/cases/crikey2/35_SUGAR/p001
crikey2,36_TPP,p001.pddl,unsupported,false,,0,,,,not-run,results/smoke/all-numeric-planners-smoke-20260907-170137-711276/cases/crikey2/36_TPP/p001
crikey2,37_ZENOTRAVEL,p001.pddl,unsupported,false,,0,,,,not-run,results/smoke/all-numeric-planners-smoke-20260907-170137-711276/cases/crikey2/37_ZENOTRAVEL/p001
crikey2,38_SETTLERS_IPC04,p001.pddl,unsupported,false,,0,,,,not-run,results/smoke/all-numeric-planners-smoke-20260907-170137-711276/cases/crikey2/38_SETTLERS_IPC04/p001
crikey2,39_PSR_LARGE_IPC04,p001.pddl,unsupported,false,,0,,,,not-run,results/smoke/all-numeric-planners-smoke-20260907-170137-711276/cases/crikey2/39_PSR_LARGE_IPC04/p001
enhsp,01_LOGISTIC,p001.pddl,dry-run,true,,0,,,,not-run,results/smoke/all-numeric-planners-smoke-20260907-170137-711276/cases/enhsp/01_LOGISTIC/p001
enhsp,02_LOGISTIC_NEW,p001.pddl,dry-run,true,,0,,,,not-run,results/smoke/all-numeric-planners-smoke-20260907-170137-711276/cases/enhsp/02_LOGISTIC_NEW/p001
enhsp,03_BLOCKSWORLD,p001.pddl,dry-run,true,,0,,,,not-run,results/smoke/all-numeric-planners-smoke-20260907-170137-711276/cases/enhsp/03_BLOCKSWORLD/p001
enhsp,04_ROVER_CHANGMIN,p001.pddl,dry-run,true,,0,,,,not-run,results/smoke/all-numeric-planners-smoke-20260907-170137-711276/cases/enhsp/04_ROVER_CHANGMIN/p001
enhsp,05_PIPESWORLD_STRIPS,p001.pddl,dry-run,true,,0,,,,not-run,results/smoke/all-numeric-planners-smoke-20260907-170137-711276/cases/enhsp/05_PIPESWORLD_STRIPS/p001
enhsp,06_TSP_NUMERIC,p001.pddl,dry-run,true,,0,,,,not-run,results/smoke/all-numeric-planners-smoke-20260907-170137-711276/cases/enhsp/06_TSP_NUMERIC/p001
enhsp,07_TSP_CONNECTED_NUMERIC,p001.pddl,dry-run,true,,0,,,,not-run,results/smoke/all-numeric-planners-smoke-20260907-170137-711276/cases/enhsp/07_TSP_CONNECTED_NUMERIC/p001
enhsp,08_RAILWAYS_SIMPLE,p001.pddl,unsupported,false,,0,,,,not-run,results/smoke/all-numeric-planners-smoke-20260907-170137-711276/cases/enhsp/08_RAILWAYS_SIMPLE/p001
enhsp,09_WATERING,p001.pddl,dry-run,true,,0,,,,not-run,results/smoke/all-numeric-planners-smoke-20260907-170137-711276/cases/enhsp/09_WATERING/p001
enhsp,10_EIGHT_PUZZLE,p001.pddl,dry-run,true,,0,,,,not-run,results/smoke/all-numeric-planners-smoke-20260907-170137-711276/cases/enhsp/10_EIGHT_PUZZLE/p001
enhsp,11_SEEDSET,p001.pddl,dry-run,true,,0,,,,not-run,results/smoke/all-numeric-planners-smoke-20260907-170137-711276/cases/enhsp/11_SEEDSET/p001
enhsp,12_BOOKNEW,p001.pddl,dry-run,true,,0,,,,not-run,results/smoke/all-numeric-planners-smoke-20260907-170137-711276/cases/enhsp/12_BOOKNEW/p001
enhsp,13_GROUNDED_TRUCKS,p001.pddl,dry-run,true,,0,,,,not-run,results/smoke/all-numeric-planners-smoke-20260907-170137-711276/cases/enhsp/13_GROUNDED_TRUCKS/p001
enhsp,14_DESIRE,p001.pddl,dry-run,true,,0,,,,not-run,results/smoke/all-numeric-planners-smoke-20260907-170137-711276/cases/enhsp/14_DESIRE/p001
enhsp,15_ISSUE49,p001.pddl,dry-run,true,,0,,,,not-run,results/smoke/all-numeric-planners-smoke-20260907-170137-711276/cases/enhsp/15_ISSUE49/p001
enhsp,16_TEST1,p001.pddl,dry-run,true,,0,,,,not-run,results/smoke/all-numeric-planners-smoke-20260907-170137-711276/cases/enhsp/16_TEST1/p001
enhsp,17_SATELLITE,p001.pddl,dry-run,true,,0,,,,not-run,results/smoke/all-numeric-planners-smoke-20260907-170137-711276/cases/enhsp/17_SATELLITE/p001
enhsp,18_BLOCK_GROUPING,p001.pddl,dry-run,true,,0,,,,not-run,results/smoke/all-numeric-planners-smoke-20260907-170137-711276/cases/enhsp/18_BLOCK_GROUPING/p001
enhsp,19_COUNTERS,p001.pddl,dry-run,true,,0,,,,not-run,results/smoke/all-numeric-planners-smoke-20260907-170137-711276/cases/enhsp/19_COUNTERS/p001
enhsp,20_DELIVERY,p001.pddl,dry-run,true,,0,,,,not-run,results/smoke/all-numeric-planners-smoke-20260907-170137-711276/cases/enhsp/20_DELIVERY/p001
enhsp,21_DRONE,p001.pddl,dry-run,true,,0,,,,not-run,results/smoke/all-numeric-planners-smoke-20260907-170137-711276/cases/enhsp/21_DRONE/p001
enhsp,22_EXPEDITION,p001.pddl,dry-run,true,,0,,,,not-run,results/smoke/all-numeric-planners-smoke-20260907-170137-711276/cases/enhsp/22_EXPEDITION/p001
enhsp,23_EXT_PLANT_WATERING,p001.pddl,dry-run,true,,0,,,,not-run,results/smoke/all-numeric-planners-smoke-20260907-170137-711276/cases/enhsp/23_EXT_PLANT_WATERING/p001
enhsp,24_FARMLAND,p001.pddl,dry-run,true,,0,,,,not-run,results/smoke/all-numeric-planners-smoke-20260907-170137-711276/cases/enhsp/24_FARMLAND/p001
enhsp,25_FO_COUNTERS,p001.pddl,dry-run,true,,0,,,,not-run,results/smoke/all-numeric-planners-smoke-20260907-170137-711276/cases/enhsp/25_FO_COUNTERS/p001
enhsp,26_FO_FARMLAND,p001.pddl,unsupported,false,,0,,,,not-run,results/smoke/all-numeric-planners-smoke-20260907-170137-711276/cases/enhsp/26_FO_FARMLAND/p001
enhsp,27_FO_SAILING,p001.pddl,dry-run,true,,0,,,,not-run,results/smoke/all-numeric-planners-smoke-20260907-170137-711276/cases/enhsp/27_FO_SAILING/p001
enhsp,28_HYDROPOWER,p001.pddl,dry-run,true,,0,,,,not-run,results/smoke/all-numeric-planners-smoke-20260907-170137-711276/cases/enhsp/28_HYDROPOWER/p001
enhsp,29_MARKETTRADER,p001.pddl,dry-run,true,,0,,,,not-run,results/smoke/all-numeric-planners-smoke-20260907-170137-711276/cases/enhsp/29_MARKETTRADER/p001
enhsp,30_MPRIME,p001.pddl,dry-run,true,,0,,,,not-run,results/smoke/all-numeric-planners-smoke-20260907-170137-711276/cases/enhsp/30_MPRIME/p001
enhsp,31_PATHWAYSMETRIC,p001.pddl,dry-run,true,,0,,,,not-run,results/smoke/all-numeric-planners-smoke-20260907-170137-711276/cases/enhsp/31_PATHWAYSMETRIC/p001
enhsp,32_ROVER_IPC23,p001.pddl,dry-run,true,,0,,,,not-run,results/smoke/all-numeric-planners-smoke-20260907-170137-711276/cases/enhsp/32_ROVER_IPC23/p001
enhsp,33_SAILING,p001.pddl,dry-run,true,,0,,,,not-run,results/smoke/all-numeric-planners-smoke-20260907-170137-711276/cases/enhsp/33_SAILING/p001
enhsp,34_SETTLERSNUMERIC,p001.pddl,dry-run,true,,0,,,,not-run,results/smoke/all-numeric-planners-smoke-20260907-170137-711276/cases/enhsp/34_SETTLERSNUMERIC/p001
enhsp,35_SUGAR,p001.pddl,dry-run,true,,0,,,,not-run,results/smoke/all-numeric-planners-smoke-20260907-170137-711276/cases/enhsp/35_SUGAR/p001
enhsp,36_TPP,p001.pddl,dry-run,true,,0,,,,not-run,results/smoke/all-numeric-planners-smoke-20260907-170137-711276/cases/enhsp/36_TPP/p001
enhsp,37_ZENOTRAVEL,p001.pddl,dry-run,true,,0,,,,not-run,results/smoke/all-numeric-planners-smoke-20260907-170137-711276/cases/enhsp/37_ZENOTRAVEL/p001
enhsp,38_SETTLERS_IPC04,p001.pddl,dry-run,true,,0,,,,not-run,results/smoke/all-numeric-planners-smoke-20260907-170137-711276/cases/enhsp/38_SETTLERS_IPC04/p001
enhsp,39_PSR_LARGE_IPC04,p001.pddl,unsupported,false,,0,,,,not-run,results/smoke/all-numeric-planners-smoke-20260907-170137-711276/cases/enhsp/39_PSR_LARGE_IPC04/p001
ferroplan,01_LOGISTIC,p001.pddl,dry-run,true,,0,,,,not-run,results/smoke/all-numeric-planners-smoke-20260907-170137-711276/cases/ferroplan/01_LOGISTIC/p001
ferroplan,02_LOGISTIC_NEW,p001.pddl,dry-run,true,,0,,,,not-run,results/smoke/all-numeric-planners-smoke-20260907-170137-711276/cases/ferroplan/02_LOGISTIC_NEW/p001
ferroplan,03_BLOCKSWORLD,p001.pddl,dry-run,true,,0,,,,not-run,results/smoke/all-numeric-planners-smoke-20260907-170137-711276/cases/ferroplan/03_BLOCKSWORLD/p001
ferroplan,04_ROVER_CHANGMIN,p001.pddl,dry-run,true,,0,,,,not-run,results/smoke/all-numeric-planners-smoke-20260907-170137-711276/cases/ferroplan/04_ROVER_CHANGMIN/p001
ferroplan,05_PIPESWORLD_STRIPS,p001.pddl,dry-run,true,,0,,,,not-run,results/smoke/all-numeric-planners-smoke-20260907-170137-711276/cases/ferroplan/05_PIPESWORLD_STRIPS/p001
ferroplan,06_TSP_NUMERIC,p001.pddl,dry-run,true,,0,,,,not-run,results/smoke/all-numeric-planners-smoke-20260907-170137-711276/cases/ferroplan/06_TSP_NUMERIC/p001
ferroplan,07_TSP_CONNECTED_NUMERIC,p001.pddl,dry-run,true,,0,,,,not-run,results/smoke/all-numeric-planners-smoke-20260907-170137-711276/cases/ferroplan/07_TSP_CONNECTED_NUMERIC/p001
ferroplan,08_RAILWAYS_SIMPLE,p001.pddl,dry-run,true,,0,,,,not-run,results/smoke/all-numeric-planners-smoke-20260907-170137-711276/cases/ferroplan/08_RAILWAYS_SIMPLE/p001
ferroplan,09_WATERING,p001.pddl,dry-run,true,,0,,,,not-run,results/smoke/all-numeric-planners-smoke-20260907-170137-711276/cases/ferroplan/09_WATERING/p001
ferroplan,10_EIGHT_PUZZLE,p001.pddl,dry-run,true,,0,,,,not-run,results/smoke/all-numeric-planners-smoke-20260907-170137-711276/cases/ferroplan/10_EIGHT_PUZZLE/p001
ferroplan,11_SEEDSET,p001.pddl,dry-run,true,,0,,,,not-run,results/smoke/all-numeric-planners-smoke-20260907-170137-711276/cases/ferroplan/11_SEEDSET/p001
ferroplan,12_BOOKNEW,p001.pddl,dry-run,true,,0,,,,not-run,results/smoke/all-numeric-planners-smoke-20260907-170137-711276/cases/ferroplan/12_BOOKNEW/p001
ferroplan,13_GROUNDED_TRUCKS,p001.pddl,dry-run,true,,0,,,,not-run,results/smoke/all-numeric-planners-smoke-20260907-170137-711276/cases/ferroplan/13_GROUNDED_TRUCKS/p001
ferroplan,14_DESIRE,p001.pddl,dry-run,true,,0,,,,not-run,results/smoke/all-numeric-planners-smoke-20260907-170137-711276/cases/ferroplan/14_DESIRE/p001
ferroplan,15_ISSUE49,p001.pddl,dry-run,true,,0,,,,not-run,results/smoke/all-numeric-planners-smoke-20260907-170137-711276/cases/ferroplan/15_ISSUE49/p001
ferroplan,16_TEST1,p001.pddl,dry-run,true,,0,,,,not-run,results/smoke/all-numeric-planners-smoke-20260907-170137-711276/cases/ferroplan/16_TEST1/p001
ferroplan,17_SATELLITE,p001.pddl,dry-run,true,,0,,,,not-run,results/smoke/all-numeric-planners-smoke-20260907-170137-711276/cases/ferroplan/17_SATELLITE/p001
ferroplan,18_BLOCK_GROUPING,p001.pddl,dry-run,true,,0,,,,not-run,results/smoke/all-numeric-planners-smoke-20260907-170137-711276/cases/ferroplan/18_BLOCK_GROUPING/p001
ferroplan,19_COUNTERS,p001.pddl,dry-run,true,,0,,,,not-run,results/smoke/all-numeric-planners-smoke-20260907-170137-711276/cases/ferroplan/19_COUNTERS/p001
ferroplan,20_DELIVERY,p001.pddl,dry-run,true,,0,,,,not-run,results/smoke/all-numeric-planners-smoke-20260907-170137-711276/cases/ferroplan/20_DELIVERY/p001
ferroplan,21_DRONE,p001.pddl,dry-run,true,,0,,,,not-run,results/smoke/all-numeric-planners-smoke-20260907-170137-711276/cases/ferroplan/21_DRONE/p001
ferroplan,22_EXPEDITION,p001.pddl,dry-run,true,,0,,,,not-run,results/smoke/all-numeric-planners-smoke-20260907-170137-711276/cases/ferroplan/22_EXPEDITION/p001
ferroplan,23_EXT_PLANT_WATERING,p001.pddl,dry-run,true,,0,,,,not-run,results/smoke/all-numeric-planners-smoke-20260907-170137-711276/cases/ferroplan/23_EXT_PLANT_WATERING/p001
ferroplan,24_FARMLAND,p001.pddl,dry-run,true,,0,,,,not-run,results/smoke/all-numeric-planners-smoke-20260907-170137-711276/cases/ferroplan/24_FARMLAND/p001
ferroplan,25_FO_COUNTERS,p001.pddl,dry-run,true,,0,,,,not-run,results/smoke/all-numeric-planners-smoke-20260907-170137-711276/cases/ferroplan/25_FO_COUNTERS/p001
ferroplan,26_FO_FARMLAND,p001.pddl,dry-run,true,,0,,,,not-run,results/smoke/all-numeric-planners-smoke-20260907-170137-711276/cases/ferroplan/26_FO_FARMLAND/p001
ferroplan,27_FO_SAILING,p001.pddl,dry-run,true,,0,,,,not-run,results/smoke/all-numeric-planners-smoke-20260907-170137-711276/cases/ferroplan/27_FO_SAILING/p001
ferroplan,28_HYDROPOWER,p001.pddl,dry-run,true,,0,,,,not-run,results/smoke/all-numeric-planners-smoke-20260907-170137-711276/cases/ferroplan/28_HYDROPOWER/p001
ferroplan,29_MARKETTRADER,p001.pddl,dry-run,true,,0,,,,not-run,results/smoke/all-numeric-planners-smoke-20260907-170137-711276/cases/ferroplan/29_MARKETTRADER/p001
ferroplan,30_MPRIME,p001.pddl,dry-run,true,,0,,,,not-run,results/smoke/all-numeric-planners-smoke-20260907-170137-711276/cases/ferroplan/30_MPRIME/p001
ferroplan,31_PATHWAYSMETRIC,p001.pddl,dry-run,true,,0,,,,not-run,results/smoke/all-numeric-planners-smoke-20260907-170137-711276/cases/ferroplan/31_PATHWAYSMETRIC/p001
ferroplan,32_ROVER_IPC23,p001.pddl,dry-run,true,,0,,,,not-run,results/smoke/all-numeric-planners-smoke-20260907-170137-711276/cases/ferroplan/32_ROVER_IPC23/p001
ferroplan,33_SAILING,p001.pddl,dry-run,true,,0,,,,not-run,results/smoke/all-numeric-planners-smoke-20260907-170137-711276/cases/ferroplan/33_SAILING/p001
ferroplan,34_SETTLERSNUMERIC,p001.pddl,dry-run,true,,0,,,,not-run,results/smoke/all-numeric-planners-smoke-20260907-170137-711276/cases/ferroplan/34_SETTLERSNUMERIC/p001
ferroplan,35_SUGAR,p001.pddl,dry-run,true,,0,,,,not-run,results/smoke/all-numeric-planners-smoke-20260907-170137-711276/cases/ferroplan/35_SUGAR/p001
ferroplan,36_TPP,p001.pddl,dry-run,true,,0,,,,not-run,results/smoke/all-numeric-planners-smoke-20260907-170137-711276/cases/ferroplan/36_TPP/p001
ferroplan,37_ZENOTRAVEL,p001.pddl,dry-run,true,,0,,,,not-run,results/smoke/all-numeric-planners-smoke-20260907-170137-711276/cases/ferroplan/37_ZENOTRAVEL/p001
ferroplan,38_SETTLERS_IPC04,p001.pddl,dry-run,true,,0,,,,not-run,results/smoke/all-numeric-planners-smoke-20260907-170137-711276/cases/ferroplan/38_SETTLERS_IPC04/p001
ferroplan,39_PSR_LARGE_IPC04,p001.pddl,dry-run,true,,0,,,,not-run,results/smoke/all-numeric-planners-smoke-20260907-170137-711276/cases/ferroplan/39_PSR_LARGE_IPC04/p001
lpg-td,01_LOGISTIC,p001.pddl,dry-run,true,,0,,,,not-run,results/smoke/all-numeric-planners-smoke-20260907-170137-711276/cases/lpg-td/01_LOGISTIC/p001
lpg-td,02_LOGISTIC_NEW,p001.pddl,dry-run,true,,0,,,,not-run,results/smoke/all-numeric-planners-smoke-20260907-170137-711276/cases/lpg-td/02_LOGISTIC_NEW/p001
lpg-td,03_BLOCKSWORLD,p001.pddl,dry-run,true,,0,,,,not-run,results/smoke/all-numeric-planners-smoke-20260907-170137-711276/cases/lpg-td/03_BLOCKSWORLD/p001
lpg-td,04_ROVER_CHANGMIN,p001.pddl,dry-run,true,,0,,,,not-run,results/smoke/all-numeric-planners-smoke-20260907-170137-711276/cases/lpg-td/04_ROVER_CHANGMIN/p001
lpg-td,05_PIPESWORLD_STRIPS,p001.pddl,dry-run,true,,0,,,,not-run,results/smoke/all-numeric-planners-smoke-20260907-170137-711276/cases/lpg-td/05_PIPESWORLD_STRIPS/p001
lpg-td,06_TSP_NUMERIC,p001.pddl,dry-run,true,,0,,,,not-run,results/smoke/all-numeric-planners-smoke-20260907-170137-711276/cases/lpg-td/06_TSP_NUMERIC/p001
lpg-td,07_TSP_CONNECTED_NUMERIC,p001.pddl,dry-run,true,,0,,,,not-run,results/smoke/all-numeric-planners-smoke-20260907-170137-711276/cases/lpg-td/07_TSP_CONNECTED_NUMERIC/p001
lpg-td,08_RAILWAYS_SIMPLE,p001.pddl,unsupported,false,,0,,,,not-run,results/smoke/all-numeric-planners-smoke-20260907-170137-711276/cases/lpg-td/08_RAILWAYS_SIMPLE/p001
lpg-td,09_WATERING,p001.pddl,dry-run,true,,0,,,,not-run,results/smoke/all-numeric-planners-smoke-20260907-170137-711276/cases/lpg-td/09_WATERING/p001
lpg-td,10_EIGHT_PUZZLE,p001.pddl,dry-run,true,,0,,,,not-run,results/smoke/all-numeric-planners-smoke-20260907-170137-711276/cases/lpg-td/10_EIGHT_PUZZLE/p001
lpg-td,11_SEEDSET,p001.pddl,dry-run,true,,0,,,,not-run,results/smoke/all-numeric-planners-smoke-20260907-170137-711276/cases/lpg-td/11_SEEDSET/p001
lpg-td,12_BOOKNEW,p001.pddl,dry-run,true,,0,,,,not-run,results/smoke/all-numeric-planners-smoke-20260907-170137-711276/cases/lpg-td/12_BOOKNEW/p001
lpg-td,13_GROUNDED_TRUCKS,p001.pddl,dry-run,true,,0,,,,not-run,results/smoke/all-numeric-planners-smoke-20260907-170137-711276/cases/lpg-td/13_GROUNDED_TRUCKS/p001
lpg-td,14_DESIRE,p001.pddl,dry-run,true,,0,,,,not-run,results/smoke/all-numeric-planners-smoke-20260907-170137-711276/cases/lpg-td/14_DESIRE/p001
lpg-td,15_ISSUE49,p001.pddl,dry-run,true,,0,,,,not-run,results/smoke/all-numeric-planners-smoke-20260907-170137-711276/cases/lpg-td/15_ISSUE49/p001
lpg-td,16_TEST1,p001.pddl,dry-run,true,,0,,,,not-run,results/smoke/all-numeric-planners-smoke-20260907-170137-711276/cases/lpg-td/16_TEST1/p001
lpg-td,17_SATELLITE,p001.pddl,dry-run,true,,0,,,,not-run,results/smoke/all-numeric-planners-smoke-20260907-170137-711276/cases/lpg-td/17_SATELLITE/p001
lpg-td,18_BLOCK_GROUPING,p001.pddl,dry-run,true,,0,,,,not-run,results/smoke/all-numeric-planners-smoke-20260907-170137-711276/cases/lpg-td/18_BLOCK_GROUPING/p001
lpg-td,19_COUNTERS,p001.pddl,dry-run,true,,0,,,,not-run,results/smoke/all-numeric-planners-smoke-20260907-170137-711276/cases/lpg-td/19_COUNTERS/p001
lpg-td,20_DELIVERY,p001.pddl,dry-run,true,,0,,,,not-run,results/smoke/all-numeric-planners-smoke-20260907-170137-711276/cases/lpg-td/20_DELIVERY/p001
lpg-td,21_DRONE,p001.pddl,dry-run,true,,0,,,,not-run,results/smoke/all-numeric-planners-smoke-20260907-170137-711276/cases/lpg-td/21_DRONE/p001
lpg-td,22_EXPEDITION,p001.pddl,dry-run,true,,0,,,,not-run,results/smoke/all-numeric-planners-smoke-20260907-170137-711276/cases/lpg-td/22_EXPEDITION/p001
lpg-td,23_EXT_PLANT_WATERING,p001.pddl,dry-run,true,,0,,,,not-run,results/smoke/all-numeric-planners-smoke-20260907-170137-711276/cases/lpg-td/23_EXT_PLANT_WATERING/p001
lpg-td,24_FARMLAND,p001.pddl,dry-run,true,,0,,,,not-run,results/smoke/all-numeric-planners-smoke-20260907-170137-711276/cases/lpg-td/24_FARMLAND/p001
lpg-td,25_FO_COUNTERS,p001.pddl,dry-run,true,,0,,,,not-run,results/smoke/all-numeric-planners-smoke-20260907-170137-711276/cases/lpg-td/25_FO_COUNTERS/p001
lpg-td,26_FO_FARMLAND,p001.pddl,dry-run,true,,0,,,,not-run,results/smoke/all-numeric-planners-smoke-20260907-170137-711276/cases/lpg-td/26_FO_FARMLAND/p001
lpg-td,27_FO_SAILING,p001.pddl,dry-run,true,,0,,,,not-run,results/smoke/all-numeric-planners-smoke-20260907-170137-711276/cases/lpg-td/27_FO_SAILING/p001
lpg-td,28_HYDROPOWER,p001.pddl,dry-run,true,,0,,,,not-run,results/smoke/all-numeric-planners-smoke-20260907-170137-711276/cases/lpg-td/28_HYDROPOWER/p001
lpg-td,29_MARKETTRADER,p001.pddl,dry-run,true,,0,,,,not-run,results/smoke/all-numeric-planners-smoke-20260907-170137-711276/cases/lpg-td/29_MARKETTRADER/p001
lpg-td,30_MPRIME,p001.pddl,dry-run,true,,0,,,,not-run,results/smoke/all-numeric-planners-smoke-20260907-170137-711276/cases/lpg-td/30_MPRIME/p001
lpg-td,31_PATHWAYSMETRIC,p001.pddl,dry-run,true,,0,,,,not-run,results/smoke/all-numeric-planners-smoke-20260907-170137-711276/cases/lpg-td/31_PATHWAYSMETRIC/p001
lpg-td,32_ROVER_IPC23,p001.pddl,dry-run,true,,0,,,,not-run,results/smoke/all-numeric-planners-smoke-20260907-170137-711276/cases/lpg-td/32_ROVER_IPC23/p001
lpg-td,33_SAILING,p001.pddl,dry-run,true,,0,,,,not-run,results/smoke/all-numeric-planners-smoke-20260907-170137-711276/cases/lpg-td/33_SAILING/p001
lpg-td,34_SETTLERSNUMERIC,p001.pddl,dry-run,true,,0,,,,not-run,results/smoke/all-numeric-planners-smoke-20260907-170137-711276/cases/lpg-td/34_SETTLERSNUMERIC/p001
lpg-td,35_SUGAR,p001.pddl,dry-run,true,,0,,,,not-run,results/smoke/all-numeric-planners-smoke-20260907-170137-711276/cases/lpg-td/35_SUGAR/p001
lpg-td,36_TPP,p001.pddl,dry-run,true,,0,,,,not-run,results/smoke/all-numeric-planners-smoke-20260907-170137-711276/cases/lpg-td/36_TPP/p001
lpg-td,37_ZENOTRAVEL,p001.pddl,dry-run,true,,0,,,,not-run,results/smoke/all-numeric-planners-smoke-20260907-170137-711276/cases/lpg-td/37_ZENOTRAVEL/p001
lpg-td,38_SETTLERS_IPC04,p001.pddl,dry-run,true,,0,,,,not-run,results/smoke/all-numeric-planners-smoke-20260907-170137-711276/cases/lpg-td/38_SETTLERS_IPC04/p001
lpg-td,39_PSR_LARGE_IPC04,p001.pddl,unsupported,false,,0,,,,not-run,results/smoke/all-numeric-planners-smoke-20260907-170137-711276/cases/lpg-td/39_PSR_LARGE_IPC04/p001
metric-ff,01_LOGISTIC,p001.pddl,dry-run,true,,0,,,,not-run,results/smoke/all-numeric-planners-smoke-20260907-170137-711276/cases/metric-ff/01_LOGISTIC/p001
metric-ff,02_LOGISTIC_NEW,p001.pddl,dry-run,true,,0,,,,not-run,results/smoke/all-numeric-planners-smoke-20260907-170137-711276/cases/metric-ff/02_LOGISTIC_NEW/p001
metric-ff,03_BLOCKSWORLD,p001.pddl,dry-run,true,,0,,,,not-run,results/smoke/all-numeric-planners-smoke-20260907-170137-711276/cases/metric-ff/03_BLOCKSWORLD/p001
metric-ff,04_ROVER_CHANGMIN,p001.pddl,dry-run,true,,0,,,,not-run,results/smoke/all-numeric-planners-smoke-20260907-170137-711276/cases/metric-ff/04_ROVER_CHANGMIN/p001
metric-ff,05_PIPESWORLD_STRIPS,p001.pddl,dry-run,true,,0,,,,not-run,results/smoke/all-numeric-planners-smoke-20260907-170137-711276/cases/metric-ff/05_PIPESWORLD_STRIPS/p001
metric-ff,06_TSP_NUMERIC,p001.pddl,dry-run,true,,0,,,,not-run,results/smoke/all-numeric-planners-smoke-20260907-170137-711276/cases/metric-ff/06_TSP_NUMERIC/p001
metric-ff,07_TSP_CONNECTED_NUMERIC,p001.pddl,dry-run,true,,0,,,,not-run,results/smoke/all-numeric-planners-smoke-20260907-170137-711276/cases/metric-ff/07_TSP_CONNECTED_NUMERIC/p001
metric-ff,08_RAILWAYS_SIMPLE,p001.pddl,unsupported,false,,0,,,,not-run,results/smoke/all-numeric-planners-smoke-20260907-170137-711276/cases/metric-ff/08_RAILWAYS_SIMPLE/p001
metric-ff,09_WATERING,p001.pddl,dry-run,true,,0,,,,not-run,results/smoke/all-numeric-planners-smoke-20260907-170137-711276/cases/metric-ff/09_WATERING/p001
metric-ff,10_EIGHT_PUZZLE,p001.pddl,dry-run,true,,0,,,,not-run,results/smoke/all-numeric-planners-smoke-20260907-170137-711276/cases/metric-ff/10_EIGHT_PUZZLE/p001
metric-ff,11_SEEDSET,p001.pddl,dry-run,true,,0,,,,not-run,results/smoke/all-numeric-planners-smoke-20260907-170137-711276/cases/metric-ff/11_SEEDSET/p001
metric-ff,12_BOOKNEW,p001.pddl,dry-run,true,,0,,,,not-run,results/smoke/all-numeric-planners-smoke-20260907-170137-711276/cases/metric-ff/12_BOOKNEW/p001
metric-ff,13_GROUNDED_TRUCKS,p001.pddl,dry-run,true,,0,,,,not-run,results/smoke/all-numeric-planners-smoke-20260907-170137-711276/cases/metric-ff/13_GROUNDED_TRUCKS/p001
metric-ff,14_DESIRE,p001.pddl,dry-run,true,,0,,,,not-run,results/smoke/all-numeric-planners-smoke-20260907-170137-711276/cases/metric-ff/14_DESIRE/p001
metric-ff,15_ISSUE49,p001.pddl,dry-run,true,,0,,,,not-run,results/smoke/all-numeric-planners-smoke-20260907-170137-711276/cases/metric-ff/15_ISSUE49/p001
metric-ff,16_TEST1,p001.pddl,dry-run,true,,0,,,,not-run,results/smoke/all-numeric-planners-smoke-20260907-170137-711276/cases/metric-ff/16_TEST1/p001
metric-ff,17_SATELLITE,p001.pddl,dry-run,true,,0,,,,not-run,results/smoke/all-numeric-planners-smoke-20260907-170137-711276/cases/metric-ff/17_SATELLITE/p001
metric-ff,18_BLOCK_GROUPING,p001.pddl,dry-run,true,,0,,,,not-run,results/smoke/all-numeric-planners-smoke-20260907-170137-711276/cases/metric-ff/18_BLOCK_GROUPING/p001
metric-ff,19_COUNTERS,p001.pddl,dry-run,true,,0,,,,not-run,results/smoke/all-numeric-planners-smoke-20260907-170137-711276/cases/metric-ff/19_COUNTERS/p001
metric-ff,20_DELIVERY,p001.pddl,dry-run,true,,0,,,,not-run,results/smoke/all-numeric-planners-smoke-20260907-170137-711276/cases/metric-ff/20_DELIVERY/p001
metric-ff,21_DRONE,p001.pddl,dry-run,true,,0,,,,not-run,results/smoke/all-numeric-planners-smoke-20260907-170137-711276/cases/metric-ff/21_DRONE/p001
metric-ff,22_EXPEDITION,p001.pddl,dry-run,true,,0,,,,not-run,results/smoke/all-numeric-planners-smoke-20260907-170137-711276/cases/metric-ff/22_EXPEDITION/p001
metric-ff,23_EXT_PLANT_WATERING,p001.pddl,dry-run,true,,0,,,,not-run,results/smoke/all-numeric-planners-smoke-20260907-170137-711276/cases/metric-ff/23_EXT_PLANT_WATERING/p001
metric-ff,24_FARMLAND,p001.pddl,dry-run,true,,0,,,,not-run,results/smoke/all-numeric-planners-smoke-20260907-170137-711276/cases/metric-ff/24_FARMLAND/p001
metric-ff,25_FO_COUNTERS,p001.pddl,dry-run,true,,0,,,,not-run,results/smoke/all-numeric-planners-smoke-20260907-170137-711276/cases/metric-ff/25_FO_COUNTERS/p001
metric-ff,26_FO_FARMLAND,p001.pddl,dry-run,true,,0,,,,not-run,results/smoke/all-numeric-planners-smoke-20260907-170137-711276/cases/metric-ff/26_FO_FARMLAND/p001
metric-ff,27_FO_SAILING,p001.pddl,dry-run,true,,0,,,,not-run,results/smoke/all-numeric-planners-smoke-20260907-170137-711276/cases/metric-ff/27_FO_SAILING/p001
metric-ff,28_HYDROPOWER,p001.pddl,dry-run,true,,0,,,,not-run,results/smoke/all-numeric-planners-smoke-20260907-170137-711276/cases/metric-ff/28_HYDROPOWER/p001
metric-ff,29_MARKETTRADER,p001.pddl,dry-run,true,,0,,,,not-run,results/smoke/all-numeric-planners-smoke-20260907-170137-711276/cases/metric-ff/29_MARKETTRADER/p001
metric-ff,30_MPRIME,p001.pddl,dry-run,true,,0,,,,not-run,results/smoke/all-numeric-planners-smoke-20260907-170137-711276/cases/metric-ff/30_MPRIME/p001
metric-ff,31_PATHWAYSMETRIC,p001.pddl,dry-run,true,,0,,,,not-run,results/smoke/all-numeric-planners-smoke-20260907-170137-711276/cases/metric-ff/31_PATHWAYSMETRIC/p001
metric-ff,32_ROVER_IPC23,p001.pddl,dry-run,true,,0,,,,not-run,results/smoke/all-numeric-planners-smoke-20260907-170137-711276/cases/metric-ff/32_ROVER_IPC23/p001
metric-ff,33_SAILING,p001.pddl,dry-run,true,,0,,,,not-run,results/smoke/all-numeric-planners-smoke-20260907-170137-711276/cases/metric-ff/33_SAILING/p001
metric-ff,34_SETTLERSNUMERIC,p001.pddl,dry-run,true,,0,,,,not-run,results/smoke/all-numeric-planners-smoke-20260907-170137-711276/cases/metric-ff/34_SETTLERSNUMERIC/p001
metric-ff,35_SUGAR,p001.pddl,dry-run,true,,0,,,,not-run,results/smoke/all-numeric-planners-smoke-20260907-170137-711276/cases/metric-ff/35_SUGAR/p001
metric-ff,36_TPP,p001.pddl,dry-run,true,,0,,,,not-run,results/smoke/all-numeric-planners-smoke-20260907-170137-711276/cases/metric-ff/36_TPP/p001
metric-ff,37_ZENOTRAVEL,p001.pddl,dry-run,true,,0,,,,not-run,results/smoke/all-numeric-planners-smoke-20260907-170137-711276/cases/metric-ff/37_ZENOTRAVEL/p001
metric-ff,38_SETTLERS_IPC04,p001.pddl,dry-run,true,,0,,,,not-run,results/smoke/all-numeric-planners-smoke-20260907-170137-711276/cases/metric-ff/38_SETTLERS_IPC04/p001
metric-ff,39_PSR_LARGE_IPC04,p001.pddl,unsupported,false,,0,,,,not-run,results/smoke/all-numeric-planners-smoke-20260907-170137-711276/cases/metric-ff/39_PSR_LARGE_IPC04/p001
metric-ff-2.0,01_LOGISTIC,p001.pddl,dry-run,true,,0,,,,not-run,results/smoke/all-numeric-planners-smoke-20260907-170137-711276/cases/metric-ff-2.0/01_LOGISTIC/p001
metric-ff-2.0,02_LOGISTIC_NEW,p001.pddl,dry-run,true,,0,,,,not-run,results/smoke/all-numeric-planners-smoke-20260907-170137-711276/cases/metric-ff-2.0/02_LOGISTIC_NEW/p001
metric-ff-2.0,03_BLOCKSWORLD,p001.pddl,dry-run,true,,0,,,,not-run,results/smoke/all-numeric-planners-smoke-20260907-170137-711276/cases/metric-ff-2.0/03_BLOCKSWORLD/p001
metric-ff-2.0,04_ROVER_CHANGMIN,p001.pddl,dry-run,true,,0,,,,not-run,results/smoke/all-numeric-planners-smoke-20260907-170137-711276/cases/metric-ff-2.0/04_ROVER_CHANGMIN/p001
metric-ff-2.0,05_PIPESWORLD_STRIPS,p001.pddl,dry-run,true,,0,,,,not-run,results/smoke/all-numeric-planners-smoke-20260907-170137-711276/cases/metric-ff-2.0/05_PIPESWORLD_STRIPS/p001
metric-ff-2.0,06_TSP_NUMERIC,p001.pddl,dry-run,true,,0,,,,not-run,results/smoke/all-numeric-planners-smoke-20260907-170137-711276/cases/metric-ff-2.0/06_TSP_NUMERIC/p001
metric-ff-2.0,07_TSP_CONNECTED_NUMERIC,p001.pddl,dry-run,true,,0,,,,not-run,results/smoke/all-numeric-planners-smoke-20260907-170137-711276/cases/metric-ff-2.0/07_TSP_CONNECTED_NUMERIC/p001
metric-ff-2.0,08_RAILWAYS_SIMPLE,p001.pddl,unsupported,false,,0,,,,not-run,results/smoke/all-numeric-planners-smoke-20260907-170137-711276/cases/metric-ff-2.0/08_RAILWAYS_SIMPLE/p001
metric-ff-2.0,09_WATERING,p001.pddl,dry-run,true,,0,,,,not-run,results/smoke/all-numeric-planners-smoke-20260907-170137-711276/cases/metric-ff-2.0/09_WATERING/p001
metric-ff-2.0,10_EIGHT_PUZZLE,p001.pddl,dry-run,true,,0,,,,not-run,results/smoke/all-numeric-planners-smoke-20260907-170137-711276/cases/metric-ff-2.0/10_EIGHT_PUZZLE/p001
metric-ff-2.0,11_SEEDSET,p001.pddl,dry-run,true,,0,,,,not-run,results/smoke/all-numeric-planners-smoke-20260907-170137-711276/cases/metric-ff-2.0/11_SEEDSET/p001
metric-ff-2.0,12_BOOKNEW,p001.pddl,dry-run,true,,0,,,,not-run,results/smoke/all-numeric-planners-smoke-20260907-170137-711276/cases/metric-ff-2.0/12_BOOKNEW/p001
metric-ff-2.0,13_GROUNDED_TRUCKS,p001.pddl,dry-run,true,,0,,,,not-run,results/smoke/all-numeric-planners-smoke-20260907-170137-711276/cases/metric-ff-2.0/13_GROUNDED_TRUCKS/p001
metric-ff-2.0,14_DESIRE,p001.pddl,dry-run,true,,0,,,,not-run,results/smoke/all-numeric-planners-smoke-20260907-170137-711276/cases/metric-ff-2.0/14_DESIRE/p001
metric-ff-2.0,15_ISSUE49,p001.pddl,dry-run,true,,0,,,,not-run,results/smoke/all-numeric-planners-smoke-20260907-170137-711276/cases/metric-ff-2.0/15_ISSUE49/p001
metric-ff-2.0,16_TEST1,p001.pddl,dry-run,true,,0,,,,not-run,results/smoke/all-numeric-planners-smoke-20260907-170137-711276/cases/metric-ff-2.0/16_TEST1/p001
metric-ff-2.0,17_SATELLITE,p001.pddl,dry-run,true,,0,,,,not-run,results/smoke/all-numeric-planners-smoke-20260907-170137-711276/cases/metric-ff-2.0/17_SATELLITE/p001
metric-ff-2.0,18_BLOCK_GROUPING,p001.pddl,dry-run,true,,0,,,,not-run,results/smoke/all-numeric-planners-smoke-20260907-170137-711276/cases/metric-ff-2.0/18_BLOCK_GROUPING/p001
metric-ff-2.0,19_COUNTERS,p001.pddl,dry-run,true,,0,,,,not-run,results/smoke/all-numeric-planners-smoke-20260907-170137-711276/cases/metric-ff-2.0/19_COUNTERS/p001
metric-ff-2.0,20_DELIVERY,p001.pddl,dry-run,true,,0,,,,not-run,results/smoke/all-numeric-planners-smoke-20260907-170137-711276/cases/metric-ff-2.0/20_DELIVERY/p001
metric-ff-2.0,21_DRONE,p001.pddl,dry-run,true,,0,,,,not-run,results/smoke/all-numeric-planners-smoke-20260907-170137-711276/cases/metric-ff-2.0/21_DRONE/p001
metric-ff-2.0,22_EXPEDITION,p001.pddl,dry-run,true,,0,,,,not-run,results/smoke/all-numeric-planners-smoke-20260907-170137-711276/cases/metric-ff-2.0/22_EXPEDITION/p001
metric-ff-2.0,23_EXT_PLANT_WATERING,p001.pddl,dry-run,true,,0,,,,not-run,results/smoke/all-numeric-planners-smoke-20260907-170137-711276/cases/metric-ff-2.0/23_EXT_PLANT_WATERING/p001
metric-ff-2.0,24_FARMLAND,p001.pddl,dry-run,true,,0,,,,not-run,results/smoke/all-numeric-planners-smoke-20260907-170137-711276/cases/metric-ff-2.0/24_FARMLAND/p001
metric-ff-2.0,25_FO_COUNTERS,p001.pddl,dry-run,true,,0,,,,not-run,results/smoke/all-numeric-planners-smoke-20260907-170137-711276/cases/metric-ff-2.0/25_FO_COUNTERS/p001
metric-ff-2.0,26_FO_FARMLAND,p001.pddl,dry-run,true,,0,,,,not-run,results/smoke/all-numeric-planners-smoke-20260907-170137-711276/cases/metric-ff-2.0/26_FO_FARMLAND/p001
metric-ff-2.0,27_FO_SAILING,p001.pddl,dry-run,true,,0,,,,not-run,results/smoke/all-numeric-planners-smoke-20260907-170137-711276/cases/metric-ff-2.0/27_FO_SAILING/p001
metric-ff-2.0,28_HYDROPOWER,p001.pddl,dry-run,true,,0,,,,not-run,results/smoke/all-numeric-planners-smoke-20260907-170137-711276/cases/metric-ff-2.0/28_HYDROPOWER/p001
metric-ff-2.0,29_MARKETTRADER,p001.pddl,dry-run,true,,0,,,,not-run,results/smoke/all-numeric-planners-smoke-20260907-170137-711276/cases/metric-ff-2.0/29_MARKETTRADER/p001
metric-ff-2.0,30_MPRIME,p001.pddl,dry-run,true,,0,,,,not-run,results/smoke/all-numeric-planners-smoke-20260907-170137-711276/cases/metric-ff-2.0/30_MPRIME/p001
metric-ff-2.0,31_PATHWAYSMETRIC,p001.pddl,dry-run,true,,0,,,,not-run,results/smoke/all-numeric-planners-smoke-20260907-170137-711276/cases/metric-ff-2.0/31_PATHWAYSMETRIC/p001
metric-ff-2.0,32_ROVER_IPC23,p001.pddl,dry-run,true,,0,,,,not-run,results/smoke/all-numeric-planners-smoke-20260907-170137-711276/cases/metric-ff-2.0/32_ROVER_IPC23/p001
metric-ff-2.0,33_SAILING,p001.pddl,dry-run,true,,0,,,,not-run,results/smoke/all-numeric-planners-smoke-20260907-170137-711276/cases/metric-ff-2.0/33_SAILING/p001
metric-ff-2.0,34_SETTLERSNUMERIC,p001.pddl,dry-run,true,,0,,,,not-run,results/smoke/all-numeric-planners-smoke-20260907-170137-711276/cases/metric-ff-2.0/34_SETTLERSNUMERIC/p001
metric-ff-2.0,35_SUGAR,p001.pddl,dry-run,true,,0,,,,not-run,results/smoke/all-numeric-planners-smoke-20260907-170137-711276/cases/metric-ff-2.0/35_SUGAR/p001
metric-ff-2.0,36_TPP,p001.pddl,dry-run,true,,0,,,,not-run,results/smoke/all-numeric-planners-smoke-20260907-170137-711276/cases/metric-ff-2.0/36_TPP/p001
metric-ff-2.0,37_ZENOTRAVEL,p001.pddl,dry-run,true,,0,,,,not-run,results/smoke/all-numeric-planners-smoke-20260907-170137-711276/cases/metric-ff-2.0/37_ZENOTRAVEL/p001
metric-ff-2.0,38_SETTLERS_IPC04,p001.pddl,dry-run,true,,0,,,,not-run,results/smoke/all-numeric-planners-smoke-20260907-170137-711276/cases/metric-ff-2.0/38_SETTLERS_IPC04/p001
metric-ff-2.0,39_PSR_LARGE_IPC04,p001.pddl,unsupported,false,,0,,,,not-run,results/smoke/all-numeric-planners-smoke-20260907-170137-711276/cases/metric-ff-2.0/39_PSR_LARGE_IPC04/p001
metric-ff-cross-v1,01_LOGISTIC,p001.pddl,dry-run,true,,0,,,,not-run,results/smoke/all-numeric-planners-smoke-20260907-170137-711276/cases/metric-ff-cross-v1/01_LOGISTIC/p001
metric-ff-cross-v1,02_LOGISTIC_NEW,p001.pddl,dry-run,true,,0,,,,not-run,results/smoke/all-numeric-planners-smoke-20260907-170137-711276/cases/metric-ff-cross-v1/02_LOGISTIC_NEW/p001
metric-ff-cross-v1,03_BLOCKSWORLD,p001.pddl,dry-run,true,,0,,,,not-run,results/smoke/all-numeric-planners-smoke-20260907-170137-711276/cases/metric-ff-cross-v1/03_BLOCKSWORLD/p001
metric-ff-cross-v1,04_ROVER_CHANGMIN,p001.pddl,dry-run,true,,0,,,,not-run,results/smoke/all-numeric-planners-smoke-20260907-170137-711276/cases/metric-ff-cross-v1/04_ROVER_CHANGMIN/p001
metric-ff-cross-v1,05_PIPESWORLD_STRIPS,p001.pddl,dry-run,true,,0,,,,not-run,results/smoke/all-numeric-planners-smoke-20260907-170137-711276/cases/metric-ff-cross-v1/05_PIPESWORLD_STRIPS/p001
metric-ff-cross-v1,06_TSP_NUMERIC,p001.pddl,dry-run,true,,0,,,,not-run,results/smoke/all-numeric-planners-smoke-20260907-170137-711276/cases/metric-ff-cross-v1/06_TSP_NUMERIC/p001
metric-ff-cross-v1,07_TSP_CONNECTED_NUMERIC,p001.pddl,dry-run,true,,0,,,,not-run,results/smoke/all-numeric-planners-smoke-20260907-170137-711276/cases/metric-ff-cross-v1/07_TSP_CONNECTED_NUMERIC/p001
metric-ff-cross-v1,08_RAILWAYS_SIMPLE,p001.pddl,unsupported,false,,0,,,,not-run,results/smoke/all-numeric-planners-smoke-20260907-170137-711276/cases/metric-ff-cross-v1/08_RAILWAYS_SIMPLE/p001
metric-ff-cross-v1,09_WATERING,p001.pddl,dry-run,true,,0,,,,not-run,results/smoke/all-numeric-planners-smoke-20260907-170137-711276/cases/metric-ff-cross-v1/09_WATERING/p001
metric-ff-cross-v1,10_EIGHT_PUZZLE,p001.pddl,dry-run,true,,0,,,,not-run,results/smoke/all-numeric-planners-smoke-20260907-170137-711276/cases/metric-ff-cross-v1/10_EIGHT_PUZZLE/p001
metric-ff-cross-v1,11_SEEDSET,p001.pddl,dry-run,true,,0,,,,not-run,results/smoke/all-numeric-planners-smoke-20260907-170137-711276/cases/metric-ff-cross-v1/11_SEEDSET/p001
metric-ff-cross-v1,12_BOOKNEW,p001.pddl,dry-run,true,,0,,,,not-run,results/smoke/all-numeric-planners-smoke-20260907-170137-711276/cases/metric-ff-cross-v1/12_BOOKNEW/p001
metric-ff-cross-v1,13_GROUNDED_TRUCKS,p001.pddl,dry-run,true,,0,,,,not-run,results/smoke/all-numeric-planners-smoke-20260907-170137-711276/cases/metric-ff-cross-v1/13_GROUNDED_TRUCKS/p001
metric-ff-cross-v1,14_DESIRE,p001.pddl,dry-run,true,,0,,,,not-run,results/smoke/all-numeric-planners-smoke-20260907-170137-711276/cases/metric-ff-cross-v1/14_DESIRE/p001
metric-ff-cross-v1,15_ISSUE49,p001.pddl,dry-run,true,,0,,,,not-run,results/smoke/all-numeric-planners-smoke-20260907-170137-711276/cases/metric-ff-cross-v1/15_ISSUE49/p001
metric-ff-cross-v1,16_TEST1,p001.pddl,dry-run,true,,0,,,,not-run,results/smoke/all-numeric-planners-smoke-20260907-170137-711276/cases/metric-ff-cross-v1/16_TEST1/p001
metric-ff-cross-v1,17_SATELLITE,p001.pddl,dry-run,true,,0,,,,not-run,results/smoke/all-numeric-planners-smoke-20260907-170137-711276/cases/metric-ff-cross-v1/17_SATELLITE/p001
metric-ff-cross-v1,18_BLOCK_GROUPING,p001.pddl,dry-run,true,,0,,,,not-run,results/smoke/all-numeric-planners-smoke-20260907-170137-711276/cases/metric-ff-cross-v1/18_BLOCK_GROUPING/p001
metric-ff-cross-v1,19_COUNTERS,p001.pddl,dry-run,true,,0,,,,not-run,results/smoke/all-numeric-planners-smoke-20260907-170137-711276/cases/metric-ff-cross-v1/19_COUNTERS/p001
metric-ff-cross-v1,20_DELIVERY,p001.pddl,dry-run,true,,0,,,,not-run,results/smoke/all-numeric-planners-smoke-20260907-170137-711276/cases/metric-ff-cross-v1/20_DELIVERY/p001
metric-ff-cross-v1,21_DRONE,p001.pddl,dry-run,true,,0,,,,not-run,results/smoke/all-numeric-planners-smoke-20260907-170137-711276/cases/metric-ff-cross-v1/21_DRONE/p001
metric-ff-cross-v1,22_EXPEDITION,p001.pddl,dry-run,true,,0,,,,not-run,results/smoke/all-numeric-planners-smoke-20260907-170137-711276/cases/metric-ff-cross-v1/22_EXPEDITION/p001
metric-ff-cross-v1,23_EXT_PLANT_WATERING,p001.pddl,dry-run,true,,0,,,,not-run,results/smoke/all-numeric-planners-smoke-20260907-170137-711276/cases/metric-ff-cross-v1/23_EXT_PLANT_WATERING/p001
metric-ff-cross-v1,24_FARMLAND,p001.pddl,dry-run,true,,0,,,,not-run,results/smoke/all-numeric-planners-smoke-20260907-170137-711276/cases/metric-ff-cross-v1/24_FARMLAND/p001
metric-ff-cross-v1,25_FO_COUNTERS,p001.pddl,dry-run,true,,0,,,,not-run,results/smoke/all-numeric-planners-smoke-20260907-170137-711276/cases/metric-ff-cross-v1/25_FO_COUNTERS/p001
metric-ff-cross-v1,26_FO_FARMLAND,p001.pddl,dry-run,true,,0,,,,not-run,results/smoke/all-numeric-planners-smoke-20260907-170137-711276/cases/metric-ff-cross-v1/26_FO_FARMLAND/p001
metric-ff-cross-v1,27_FO_SAILING,p001.pddl,dry-run,true,,0,,,,not-run,results/smoke/all-numeric-planners-smoke-20260907-170137-711276/cases/metric-ff-cross-v1/27_FO_SAILING/p001
metric-ff-cross-v1,28_HYDROPOWER,p001.pddl,dry-run,true,,0,,,,not-run,results/smoke/all-numeric-planners-smoke-20260907-170137-711276/cases/metric-ff-cross-v1/28_HYDROPOWER/p001
metric-ff-cross-v1,29_MARKETTRADER,p001.pddl,dry-run,true,,0,,,,not-run,results/smoke/all-numeric-planners-smoke-20260907-170137-711276/cases/metric-ff-cross-v1/29_MARKETTRADER/p001
metric-ff-cross-v1,30_MPRIME,p001.pddl,dry-run,true,,0,,,,not-run,results/smoke/all-numeric-planners-smoke-20260907-170137-711276/cases/metric-ff-cross-v1/30_MPRIME/p001
metric-ff-cross-v1,31_PATHWAYSMETRIC,p001.pddl,dry-run,true,,0,,,,not-run,results/smoke/all-numeric-planners-smoke-20260907-170137-711276/cases/metric-ff-cross-v1/31_PATHWAYSMETRIC/p001
metric-ff-cross-v1,32_ROVER_IPC23,p001.pddl,dry-run,true,,0,,,,not-run,results/smoke/all-numeric-planners-smoke-20260907-170137-711276/cases/metric-ff-cross-v1/32_ROVER_IPC23/p001
metric-ff-cross-v1,33_SAILING,p001.pddl,dry-run,true,,0,,,,not-run,results/smoke/all-numeric-planners-smoke-20260907-170137-711276/cases/metric-ff-cross-v1/33_SAILING/p001
metric-ff-cross-v1,34_SETTLERSNUMERIC,p001.pddl,dry-run,true,,0,,,,not-run,results/smoke/all-numeric-planners-smoke-20260907-170137-711276/cases/metric-ff-cross-v1/34_SETTLERSNUMERIC/p001
metric-ff-cross-v1,35_SUGAR,p001.pddl,dry-run,true,,0,,,,not-run,results/smoke/all-numeric-planners-smoke-20260907-170137-711276/cases/metric-ff-cross-v1/35_SUGAR/p001
metric-ff-cross-v1,36_TPP,p001.pddl,dry-run,true,,0,,,,not-run,results/smoke/all-numeric-planners-smoke-20260907-170137-711276/cases/metric-ff-cross-v1/36_TPP/p001
metric-ff-cross-v1,37_ZENOTRAVEL,p001.pddl,dry-run,true,,0,,,,not-run,results/smoke/all-numeric-planners-smoke-20260907-170137-711276/cases/metric-ff-cross-v1/37_ZENOTRAVEL/p001
metric-ff-cross-v1,38_SETTLERS_IPC04,p001.pddl,dry-run,true,,0,,,,not-run,results/smoke/all-numeric-planners-smoke-20260907-170137-711276/cases/metric-ff-cross-v1/38_SETTLERS_IPC04/p001
metric-ff-cross-v1,39_PSR_LARGE_IPC04,p001.pddl,unsupported,false,,0,,,,not-run,results/smoke/all-numeric-planners-smoke-20260907-170137-711276/cases/metric-ff-cross-v1/39_PSR_LARGE_IPC04/p001
metric-ff-cross-v2,01_LOGISTIC,p001.pddl,dry-run,true,,0,,,,not-run,results/smoke/all-numeric-planners-smoke-20260907-170137-711276/cases/metric-ff-cross-v2/01_LOGISTIC/p001
metric-ff-cross-v2,02_LOGISTIC_NEW,p001.pddl,dry-run,true,,0,,,,not-run,results/smoke/all-numeric-planners-smoke-20260907-170137-711276/cases/metric-ff-cross-v2/02_LOGISTIC_NEW/p001
metric-ff-cross-v2,03_BLOCKSWORLD,p001.pddl,dry-run,true,,0,,,,not-run,results/smoke/all-numeric-planners-smoke-20260907-170137-711276/cases/metric-ff-cross-v2/03_BLOCKSWORLD/p001
metric-ff-cross-v2,04_ROVER_CHANGMIN,p001.pddl,dry-run,true,,0,,,,not-run,results/smoke/all-numeric-planners-smoke-20260907-170137-711276/cases/metric-ff-cross-v2/04_ROVER_CHANGMIN/p001
metric-ff-cross-v2,05_PIPESWORLD_STRIPS,p001.pddl,dry-run,true,,0,,,,not-run,results/smoke/all-numeric-planners-smoke-20260907-170137-711276/cases/metric-ff-cross-v2/05_PIPESWORLD_STRIPS/p001
metric-ff-cross-v2,06_TSP_NUMERIC,p001.pddl,dry-run,true,,0,,,,not-run,results/smoke/all-numeric-planners-smoke-20260907-170137-711276/cases/metric-ff-cross-v2/06_TSP_NUMERIC/p001
metric-ff-cross-v2,07_TSP_CONNECTED_NUMERIC,p001.pddl,dry-run,true,,0,,,,not-run,results/smoke/all-numeric-planners-smoke-20260907-170137-711276/cases/metric-ff-cross-v2/07_TSP_CONNECTED_NUMERIC/p001
metric-ff-cross-v2,08_RAILWAYS_SIMPLE,p001.pddl,unsupported,false,,0,,,,not-run,results/smoke/all-numeric-planners-smoke-20260907-170137-711276/cases/metric-ff-cross-v2/08_RAILWAYS_SIMPLE/p001
metric-ff-cross-v2,09_WATERING,p001.pddl,dry-run,true,,0,,,,not-run,results/smoke/all-numeric-planners-smoke-20260907-170137-711276/cases/metric-ff-cross-v2/09_WATERING/p001
metric-ff-cross-v2,10_EIGHT_PUZZLE,p001.pddl,dry-run,true,,0,,,,not-run,results/smoke/all-numeric-planners-smoke-20260907-170137-711276/cases/metric-ff-cross-v2/10_EIGHT_PUZZLE/p001
metric-ff-cross-v2,11_SEEDSET,p001.pddl,dry-run,true,,0,,,,not-run,results/smoke/all-numeric-planners-smoke-20260907-170137-711276/cases/metric-ff-cross-v2/11_SEEDSET/p001
metric-ff-cross-v2,12_BOOKNEW,p001.pddl,dry-run,true,,0,,,,not-run,results/smoke/all-numeric-planners-smoke-20260907-170137-711276/cases/metric-ff-cross-v2/12_BOOKNEW/p001
metric-ff-cross-v2,13_GROUNDED_TRUCKS,p001.pddl,dry-run,true,,0,,,,not-run,results/smoke/all-numeric-planners-smoke-20260907-170137-711276/cases/metric-ff-cross-v2/13_GROUNDED_TRUCKS/p001
metric-ff-cross-v2,14_DESIRE,p001.pddl,dry-run,true,,0,,,,not-run,results/smoke/all-numeric-planners-smoke-20260907-170137-711276/cases/metric-ff-cross-v2/14_DESIRE/p001
metric-ff-cross-v2,15_ISSUE49,p001.pddl,dry-run,true,,0,,,,not-run,results/smoke/all-numeric-planners-smoke-20260907-170137-711276/cases/metric-ff-cross-v2/15_ISSUE49/p001
metric-ff-cross-v2,16_TEST1,p001.pddl,dry-run,true,,0,,,,not-run,results/smoke/all-numeric-planners-smoke-20260907-170137-711276/cases/metric-ff-cross-v2/16_TEST1/p001
metric-ff-cross-v2,17_SATELLITE,p001.pddl,dry-run,true,,0,,,,not-run,results/smoke/all-numeric-planners-smoke-20260907-170137-711276/cases/metric-ff-cross-v2/17_SATELLITE/p001
metric-ff-cross-v2,18_BLOCK_GROUPING,p001.pddl,dry-run,true,,0,,,,not-run,results/smoke/all-numeric-planners-smoke-20260907-170137-711276/cases/metric-ff-cross-v2/18_BLOCK_GROUPING/p001
metric-ff-cross-v2,19_COUNTERS,p001.pddl,dry-run,true,,0,,,,not-run,results/smoke/all-numeric-planners-smoke-20260907-170137-711276/cases/metric-ff-cross-v2/19_COUNTERS/p001
metric-ff-cross-v2,20_DELIVERY,p001.pddl,dry-run,true,,0,,,,not-run,results/smoke/all-numeric-planners-smoke-20260907-170137-711276/cases/metric-ff-cross-v2/20_DELIVERY/p001
metric-ff-cross-v2,21_DRONE,p001.pddl,dry-run,true,,0,,,,not-run,results/smoke/all-numeric-planners-smoke-20260907-170137-711276/cases/metric-ff-cross-v2/21_DRONE/p001
metric-ff-cross-v2,22_EXPEDITION,p001.pddl,dry-run,true,,0,,,,not-run,results/smoke/all-numeric-planners-smoke-20260907-170137-711276/cases/metric-ff-cross-v2/22_EXPEDITION/p001
metric-ff-cross-v2,23_EXT_PLANT_WATERING,p001.pddl,dry-run,true,,0,,,,not-run,results/smoke/all-numeric-planners-smoke-20260907-170137-711276/cases/metric-ff-cross-v2/23_EXT_PLANT_WATERING/p001
metric-ff-cross-v2,24_FARMLAND,p001.pddl,dry-run,true,,0,,,,not-run,results/smoke/all-numeric-planners-smoke-20260907-170137-711276/cases/metric-ff-cross-v2/24_FARMLAND/p001
metric-ff-cross-v2,25_FO_COUNTERS,p001.pddl,dry-run,true,,0,,,,not-run,results/smoke/all-numeric-planners-smoke-20260907-170137-711276/cases/metric-ff-cross-v2/25_FO_COUNTERS/p001
metric-ff-cross-v2,26_FO_FARMLAND,p001.pddl,dry-run,true,,0,,,,not-run,results/smoke/all-numeric-planners-smoke-20260907-170137-711276/cases/metric-ff-cross-v2/26_FO_FARMLAND/p001
metric-ff-cross-v2,27_FO_SAILING,p001.pddl,dry-run,true,,0,,,,not-run,results/smoke/all-numeric-planners-smoke-20260907-170137-711276/cases/metric-ff-cross-v2/27_FO_SAILING/p001
metric-ff-cross-v2,28_HYDROPOWER,p001.pddl,dry-run,true,,0,,,,not-run,results/smoke/all-numeric-planners-smoke-20260907-170137-711276/cases/metric-ff-cross-v2/28_HYDROPOWER/p001
metric-ff-cross-v2,29_MARKETTRADER,p001.pddl,dry-run,true,,0,,,,not-run,results/smoke/all-numeric-planners-smoke-20260907-170137-711276/cases/metric-ff-cross-v2/29_MARKETTRADER/p001
metric-ff-cross-v2,30_MPRIME,p001.pddl,dry-run,true,,0,,,,not-run,results/smoke/all-numeric-planners-smoke-20260907-170137-711276/cases/metric-ff-cross-v2/30_MPRIME/p001
metric-ff-cross-v2,31_PATHWAYSMETRIC,p001.pddl,dry-run,true,,0,,,,not-run,results/smoke/all-numeric-planners-smoke-20260907-170137-711276/cases/metric-ff-cross-v2/31_PATHWAYSMETRIC/p001
metric-ff-cross-v2,32_ROVER_IPC23,p001.pddl,dry-run,true,,0,,,,not-run,results/smoke/all-numeric-planners-smoke-20260907-170137-711276/cases/metric-ff-cross-v2/32_ROVER_IPC23/p001
metric-ff-cross-v2,33_SAILING,p001.pddl,dry-run,true,,0,,,,not-run,results/smoke/all-numeric-planners-smoke-20260907-170137-711276/cases/metric-ff-cross-v2/33_SAILING/p001
metric-ff-cross-v2,34_SETTLERSNUMERIC,p001.pddl,dry-run,true,,0,,,,not-run,results/smoke/all-numeric-planners-smoke-20260907-170137-711276/cases/metric-ff-cross-v2/34_SETTLERSNUMERIC/p001
metric-ff-cross-v2,35_SUGAR,p001.pddl,dry-run,true,,0,,,,not-run,results/smoke/all-numeric-planners-smoke-20260907-170137-711276/cases/metric-ff-cross-v2/35_SUGAR/p001
metric-ff-cross-v2,36_TPP,p001.pddl,dry-run,true,,0,,,,not-run,results/smoke/all-numeric-planners-smoke-20260907-170137-711276/cases/metric-ff-cross-v2/36_TPP/p001
metric-ff-cross-v2,37_ZENOTRAVEL,p001.pddl,dry-run,true,,0,,,,not-run,results/smoke/all-numeric-planners-smoke-20260907-170137-711276/cases/metric-ff-cross-v2/37_ZENOTRAVEL/p001
metric-ff-cross-v2,38_SETTLERS_IPC04,p001.pddl,dry-run,true,,0,,,,not-run,results/smoke/all-numeric-planners-smoke-20260907-170137-711276/cases/metric-ff-cross-v2/38_SETTLERS_IPC04/p001
metric-ff-cross-v2,39_PSR_LARGE_IPC04,p001.pddl,unsupported,false,,0,,,,not-run,results/smoke/all-numeric-planners-smoke-20260907-170137-711276/cases/metric-ff-cross-v2/39_PSR_LARGE_IPC04/p001
nextflap,01_LOGISTIC,p001.pddl,dry-run,true,,0,,,,not-run,results/smoke/all-numeric-planners-smoke-20260907-170137-711276/cases/nextflap/01_LOGISTIC/p001
nextflap,02_LOGISTIC_NEW,p001.pddl,dry-run,true,,0,,,,not-run,results/smoke/all-numeric-planners-smoke-20260907-170137-711276/cases/nextflap/02_LOGISTIC_NEW/p001
nextflap,03_BLOCKSWORLD,p001.pddl,dry-run,true,,0,,,,not-run,results/smoke/all-numeric-planners-smoke-20260907-170137-711276/cases/nextflap/03_BLOCKSWORLD/p001
nextflap,04_ROVER_CHANGMIN,p001.pddl,dry-run,true,,0,,,,not-run,results/smoke/all-numeric-planners-smoke-20260907-170137-711276/cases/nextflap/04_ROVER_CHANGMIN/p001
nextflap,05_PIPESWORLD_STRIPS,p001.pddl,dry-run,true,,0,,,,not-run,results/smoke/all-numeric-planners-smoke-20260907-170137-711276/cases/nextflap/05_PIPESWORLD_STRIPS/p001
nextflap,06_TSP_NUMERIC,p001.pddl,dry-run,true,,0,,,,not-run,results/smoke/all-numeric-planners-smoke-20260907-170137-711276/cases/nextflap/06_TSP_NUMERIC/p001
nextflap,07_TSP_CONNECTED_NUMERIC,p001.pddl,dry-run,true,,0,,,,not-run,results/smoke/all-numeric-planners-smoke-20260907-170137-711276/cases/nextflap/07_TSP_CONNECTED_NUMERIC/p001
nextflap,08_RAILWAYS_SIMPLE,p001.pddl,unsupported,false,,0,,,,not-run,results/smoke/all-numeric-planners-smoke-20260907-170137-711276/cases/nextflap/08_RAILWAYS_SIMPLE/p001
nextflap,09_WATERING,p001.pddl,dry-run,true,,0,,,,not-run,results/smoke/all-numeric-planners-smoke-20260907-170137-711276/cases/nextflap/09_WATERING/p001
nextflap,10_EIGHT_PUZZLE,p001.pddl,dry-run,true,,0,,,,not-run,results/smoke/all-numeric-planners-smoke-20260907-170137-711276/cases/nextflap/10_EIGHT_PUZZLE/p001
nextflap,11_SEEDSET,p001.pddl,dry-run,true,,0,,,,not-run,results/smoke/all-numeric-planners-smoke-20260907-170137-711276/cases/nextflap/11_SEEDSET/p001
nextflap,12_BOOKNEW,p001.pddl,dry-run,true,,0,,,,not-run,results/smoke/all-numeric-planners-smoke-20260907-170137-711276/cases/nextflap/12_BOOKNEW/p001
nextflap,13_GROUNDED_TRUCKS,p001.pddl,dry-run,true,,0,,,,not-run,results/smoke/all-numeric-planners-smoke-20260907-170137-711276/cases/nextflap/13_GROUNDED_TRUCKS/p001
nextflap,14_DESIRE,p001.pddl,dry-run,true,,0,,,,not-run,results/smoke/all-numeric-planners-smoke-20260907-170137-711276/cases/nextflap/14_DESIRE/p001
nextflap,15_ISSUE49,p001.pddl,dry-run,true,,0,,,,not-run,results/smoke/all-numeric-planners-smoke-20260907-170137-711276/cases/nextflap/15_ISSUE49/p001
nextflap,16_TEST1,p001.pddl,dry-run,true,,0,,,,not-run,results/smoke/all-numeric-planners-smoke-20260907-170137-711276/cases/nextflap/16_TEST1/p001
nextflap,17_SATELLITE,p001.pddl,dry-run,true,,0,,,,not-run,results/smoke/all-numeric-planners-smoke-20260907-170137-711276/cases/nextflap/17_SATELLITE/p001
nextflap,18_BLOCK_GROUPING,p001.pddl,unsupported,false,,0,,,,not-run,results/smoke/all-numeric-planners-smoke-20260907-170137-711276/cases/nextflap/18_BLOCK_GROUPING/p001
nextflap,19_COUNTERS,p001.pddl,dry-run,true,,0,,,,not-run,results/smoke/all-numeric-planners-smoke-20260907-170137-711276/cases/nextflap/19_COUNTERS/p001
nextflap,20_DELIVERY,p001.pddl,dry-run,true,,0,,,,not-run,results/smoke/all-numeric-planners-smoke-20260907-170137-711276/cases/nextflap/20_DELIVERY/p001
nextflap,21_DRONE,p001.pddl,dry-run,true,,0,,,,not-run,results/smoke/all-numeric-planners-smoke-20260907-170137-711276/cases/nextflap/21_DRONE/p001
nextflap,22_EXPEDITION,p001.pddl,dry-run,true,,0,,,,not-run,results/smoke/all-numeric-planners-smoke-20260907-170137-711276/cases/nextflap/22_EXPEDITION/p001
nextflap,23_EXT_PLANT_WATERING,p001.pddl,dry-run,true,,0,,,,not-run,results/smoke/all-numeric-planners-smoke-20260907-170137-711276/cases/nextflap/23_EXT_PLANT_WATERING/p001
nextflap,24_FARMLAND,p001.pddl,dry-run,true,,0,,,,not-run,results/smoke/all-numeric-planners-smoke-20260907-170137-711276/cases/nextflap/24_FARMLAND/p001
nextflap,25_FO_COUNTERS,p001.pddl,dry-run,true,,0,,,,not-run,results/smoke/all-numeric-planners-smoke-20260907-170137-711276/cases/nextflap/25_FO_COUNTERS/p001
nextflap,26_FO_FARMLAND,p001.pddl,unsupported,false,,0,,,,not-run,results/smoke/all-numeric-planners-smoke-20260907-170137-711276/cases/nextflap/26_FO_FARMLAND/p001
nextflap,27_FO_SAILING,p001.pddl,dry-run,true,,0,,,,not-run,results/smoke/all-numeric-planners-smoke-20260907-170137-711276/cases/nextflap/27_FO_SAILING/p001
nextflap,28_HYDROPOWER,p001.pddl,dry-run,true,,0,,,,not-run,results/smoke/all-numeric-planners-smoke-20260907-170137-711276/cases/nextflap/28_HYDROPOWER/p001
nextflap,29_MARKETTRADER,p001.pddl,dry-run,true,,0,,,,not-run,results/smoke/all-numeric-planners-smoke-20260907-170137-711276/cases/nextflap/29_MARKETTRADER/p001
nextflap,30_MPRIME,p001.pddl,dry-run,true,,0,,,,not-run,results/smoke/all-numeric-planners-smoke-20260907-170137-711276/cases/nextflap/30_MPRIME/p001
nextflap,31_PATHWAYSMETRIC,p001.pddl,dry-run,true,,0,,,,not-run,results/smoke/all-numeric-planners-smoke-20260907-170137-711276/cases/nextflap/31_PATHWAYSMETRIC/p001
nextflap,32_ROVER_IPC23,p001.pddl,dry-run,true,,0,,,,not-run,results/smoke/all-numeric-planners-smoke-20260907-170137-711276/cases/nextflap/32_ROVER_IPC23/p001
nextflap,33_SAILING,p001.pddl,dry-run,true,,0,,,,not-run,results/smoke/all-numeric-planners-smoke-20260907-170137-711276/cases/nextflap/33_SAILING/p001
nextflap,34_SETTLERSNUMERIC,p001.pddl,unsupported,false,,0,,,,not-run,results/smoke/all-numeric-planners-smoke-20260907-170137-711276/cases/nextflap/34_SETTLERSNUMERIC/p001
nextflap,35_SUGAR,p001.pddl,dry-run,true,,0,,,,not-run,results/smoke/all-numeric-planners-smoke-20260907-170137-711276/cases/nextflap/35_SUGAR/p001
nextflap,36_TPP,p001.pddl,dry-run,true,,0,,,,not-run,results/smoke/all-numeric-planners-smoke-20260907-170137-711276/cases/nextflap/36_TPP/p001
nextflap,37_ZENOTRAVEL,p001.pddl,dry-run,true,,0,,,,not-run,results/smoke/all-numeric-planners-smoke-20260907-170137-711276/cases/nextflap/37_ZENOTRAVEL/p001
nextflap,38_SETTLERS_IPC04,p001.pddl,unsupported,false,,0,,,,not-run,results/smoke/all-numeric-planners-smoke-20260907-170137-711276/cases/nextflap/38_SETTLERS_IPC04/p001
nextflap,39_PSR_LARGE_IPC04,p001.pddl,unsupported,false,,0,,,,not-run,results/smoke/all-numeric-planners-smoke-20260907-170137-711276/cases/nextflap/39_PSR_LARGE_IPC04/p001
nplanning-lnp-agile-1,01_LOGISTIC,p001.pddl,dry-run,true,,0,,,,not-run,results/smoke/all-numeric-planners-smoke-20260907-170137-711276/cases/nplanning-lnp-agile-1/01_LOGISTIC/p001
nplanning-lnp-agile-1,02_LOGISTIC_NEW,p001.pddl,dry-run,true,,0,,,,not-run,results/smoke/all-numeric-planners-smoke-20260907-170137-711276/cases/nplanning-lnp-agile-1/02_LOGISTIC_NEW/p001
nplanning-lnp-agile-1,03_BLOCKSWORLD,p001.pddl,dry-run,true,,0,,,,not-run,results/smoke/all-numeric-planners-smoke-20260907-170137-711276/cases/nplanning-lnp-agile-1/03_BLOCKSWORLD/p001
nplanning-lnp-agile-1,04_ROVER_CHANGMIN,p001.pddl,dry-run,true,,0,,,,not-run,results/smoke/all-numeric-planners-smoke-20260907-170137-711276/cases/nplanning-lnp-agile-1/04_ROVER_CHANGMIN/p001
nplanning-lnp-agile-1,05_PIPESWORLD_STRIPS,p001.pddl,dry-run,true,,0,,,,not-run,results/smoke/all-numeric-planners-smoke-20260907-170137-711276/cases/nplanning-lnp-agile-1/05_PIPESWORLD_STRIPS/p001
nplanning-lnp-agile-1,06_TSP_NUMERIC,p001.pddl,dry-run,true,,0,,,,not-run,results/smoke/all-numeric-planners-smoke-20260907-170137-711276/cases/nplanning-lnp-agile-1/06_TSP_NUMERIC/p001
nplanning-lnp-agile-1,07_TSP_CONNECTED_NUMERIC,p001.pddl,dry-run,true,,0,,,,not-run,results/smoke/all-numeric-planners-smoke-20260907-170137-711276/cases/nplanning-lnp-agile-1/07_TSP_CONNECTED_NUMERIC/p001
nplanning-lnp-agile-1,08_RAILWAYS_SIMPLE,p001.pddl,unsupported,false,,0,,,,not-run,results/smoke/all-numeric-planners-smoke-20260907-170137-711276/cases/nplanning-lnp-agile-1/08_RAILWAYS_SIMPLE/p001
nplanning-lnp-agile-1,09_WATERING,p001.pddl,dry-run,true,,0,,,,not-run,results/smoke/all-numeric-planners-smoke-20260907-170137-711276/cases/nplanning-lnp-agile-1/09_WATERING/p001
nplanning-lnp-agile-1,10_EIGHT_PUZZLE,p001.pddl,dry-run,true,,0,,,,not-run,results/smoke/all-numeric-planners-smoke-20260907-170137-711276/cases/nplanning-lnp-agile-1/10_EIGHT_PUZZLE/p001
nplanning-lnp-agile-1,11_SEEDSET,p001.pddl,dry-run,true,,0,,,,not-run,results/smoke/all-numeric-planners-smoke-20260907-170137-711276/cases/nplanning-lnp-agile-1/11_SEEDSET/p001
nplanning-lnp-agile-1,12_BOOKNEW,p001.pddl,dry-run,true,,0,,,,not-run,results/smoke/all-numeric-planners-smoke-20260907-170137-711276/cases/nplanning-lnp-agile-1/12_BOOKNEW/p001
nplanning-lnp-agile-1,13_GROUNDED_TRUCKS,p001.pddl,dry-run,true,,0,,,,not-run,results/smoke/all-numeric-planners-smoke-20260907-170137-711276/cases/nplanning-lnp-agile-1/13_GROUNDED_TRUCKS/p001
nplanning-lnp-agile-1,14_DESIRE,p001.pddl,dry-run,true,,0,,,,not-run,results/smoke/all-numeric-planners-smoke-20260907-170137-711276/cases/nplanning-lnp-agile-1/14_DESIRE/p001
nplanning-lnp-agile-1,15_ISSUE49,p001.pddl,dry-run,true,,0,,,,not-run,results/smoke/all-numeric-planners-smoke-20260907-170137-711276/cases/nplanning-lnp-agile-1/15_ISSUE49/p001
nplanning-lnp-agile-1,16_TEST1,p001.pddl,dry-run,true,,0,,,,not-run,results/smoke/all-numeric-planners-smoke-20260907-170137-711276/cases/nplanning-lnp-agile-1/16_TEST1/p001
nplanning-lnp-agile-1,17_SATELLITE,p001.pddl,dry-run,true,,0,,,,not-run,results/smoke/all-numeric-planners-smoke-20260907-170137-711276/cases/nplanning-lnp-agile-1/17_SATELLITE/p001
nplanning-lnp-agile-1,18_BLOCK_GROUPING,p001.pddl,unsupported,false,,0,,,,not-run,results/smoke/all-numeric-planners-smoke-20260907-170137-711276/cases/nplanning-lnp-agile-1/18_BLOCK_GROUPING/p001
nplanning-lnp-agile-1,19_COUNTERS,p001.pddl,dry-run,true,,0,,,,not-run,results/smoke/all-numeric-planners-smoke-20260907-170137-711276/cases/nplanning-lnp-agile-1/19_COUNTERS/p001
nplanning-lnp-agile-1,20_DELIVERY,p001.pddl,dry-run,true,,0,,,,not-run,results/smoke/all-numeric-planners-smoke-20260907-170137-711276/cases/nplanning-lnp-agile-1/20_DELIVERY/p001
nplanning-lnp-agile-1,21_DRONE,p001.pddl,dry-run,true,,0,,,,not-run,results/smoke/all-numeric-planners-smoke-20260907-170137-711276/cases/nplanning-lnp-agile-1/21_DRONE/p001
nplanning-lnp-agile-1,22_EXPEDITION,p001.pddl,dry-run,true,,0,,,,not-run,results/smoke/all-numeric-planners-smoke-20260907-170137-711276/cases/nplanning-lnp-agile-1/22_EXPEDITION/p001
nplanning-lnp-agile-1,23_EXT_PLANT_WATERING,p001.pddl,dry-run,true,,0,,,,not-run,results/smoke/all-numeric-planners-smoke-20260907-170137-711276/cases/nplanning-lnp-agile-1/23_EXT_PLANT_WATERING/p001
nplanning-lnp-agile-1,24_FARMLAND,p001.pddl,dry-run,true,,0,,,,not-run,results/smoke/all-numeric-planners-smoke-20260907-170137-711276/cases/nplanning-lnp-agile-1/24_FARMLAND/p001
nplanning-lnp-agile-1,25_FO_COUNTERS,p001.pddl,dry-run,true,,0,,,,not-run,results/smoke/all-numeric-planners-smoke-20260907-170137-711276/cases/nplanning-lnp-agile-1/25_FO_COUNTERS/p001
nplanning-lnp-agile-1,26_FO_FARMLAND,p001.pddl,unsupported,false,,0,,,,not-run,results/smoke/all-numeric-planners-smoke-20260907-170137-711276/cases/nplanning-lnp-agile-1/26_FO_FARMLAND/p001
nplanning-lnp-agile-1,27_FO_SAILING,p001.pddl,dry-run,true,,0,,,,not-run,results/smoke/all-numeric-planners-smoke-20260907-170137-711276/cases/nplanning-lnp-agile-1/27_FO_SAILING/p001
nplanning-lnp-agile-1,28_HYDROPOWER,p001.pddl,dry-run,true,,0,,,,not-run,results/smoke/all-numeric-planners-smoke-20260907-170137-711276/cases/nplanning-lnp-agile-1/28_HYDROPOWER/p001
nplanning-lnp-agile-1,29_MARKETTRADER,p001.pddl,dry-run,true,,0,,,,not-run,results/smoke/all-numeric-planners-smoke-20260907-170137-711276/cases/nplanning-lnp-agile-1/29_MARKETTRADER/p001
nplanning-lnp-agile-1,30_MPRIME,p001.pddl,dry-run,true,,0,,,,not-run,results/smoke/all-numeric-planners-smoke-20260907-170137-711276/cases/nplanning-lnp-agile-1/30_MPRIME/p001
nplanning-lnp-agile-1,31_PATHWAYSMETRIC,p001.pddl,dry-run,true,,0,,,,not-run,results/smoke/all-numeric-planners-smoke-20260907-170137-711276/cases/nplanning-lnp-agile-1/31_PATHWAYSMETRIC/p001
nplanning-lnp-agile-1,32_ROVER_IPC23,p001.pddl,dry-run,true,,0,,,,not-run,results/smoke/all-numeric-planners-smoke-20260907-170137-711276/cases/nplanning-lnp-agile-1/32_ROVER_IPC23/p001
nplanning-lnp-agile-1,33_SAILING,p001.pddl,dry-run,true,,0,,,,not-run,results/smoke/all-numeric-planners-smoke-20260907-170137-711276/cases/nplanning-lnp-agile-1/33_SAILING/p001
nplanning-lnp-agile-1,34_SETTLERSNUMERIC,p001.pddl,unsupported,false,,0,,,,not-run,results/smoke/all-numeric-planners-smoke-20260907-170137-711276/cases/nplanning-lnp-agile-1/34_SETTLERSNUMERIC/p001
nplanning-lnp-agile-1,35_SUGAR,p001.pddl,dry-run,true,,0,,,,not-run,results/smoke/all-numeric-planners-smoke-20260907-170137-711276/cases/nplanning-lnp-agile-1/35_SUGAR/p001
nplanning-lnp-agile-1,36_TPP,p001.pddl,dry-run,true,,0,,,,not-run,results/smoke/all-numeric-planners-smoke-20260907-170137-711276/cases/nplanning-lnp-agile-1/36_TPP/p001
nplanning-lnp-agile-1,37_ZENOTRAVEL,p001.pddl,dry-run,true,,0,,,,not-run,results/smoke/all-numeric-planners-smoke-20260907-170137-711276/cases/nplanning-lnp-agile-1/37_ZENOTRAVEL/p001
nplanning-lnp-agile-1,38_SETTLERS_IPC04,p001.pddl,unsupported,false,,0,,,,not-run,results/smoke/all-numeric-planners-smoke-20260907-170137-711276/cases/nplanning-lnp-agile-1/38_SETTLERS_IPC04/p001
nplanning-lnp-agile-1,39_PSR_LARGE_IPC04,p001.pddl,unsupported,false,,0,,,,not-run,results/smoke/all-numeric-planners-smoke-20260907-170137-711276/cases/nplanning-lnp-agile-1/39_PSR_LARGE_IPC04/p001
nplanning-lnp-agile-2,01_LOGISTIC,p001.pddl,dry-run,true,,0,,,,not-run,results/smoke/all-numeric-planners-smoke-20260907-170137-711276/cases/nplanning-lnp-agile-2/01_LOGISTIC/p001
nplanning-lnp-agile-2,02_LOGISTIC_NEW,p001.pddl,dry-run,true,,0,,,,not-run,results/smoke/all-numeric-planners-smoke-20260907-170137-711276/cases/nplanning-lnp-agile-2/02_LOGISTIC_NEW/p001
nplanning-lnp-agile-2,03_BLOCKSWORLD,p001.pddl,dry-run,true,,0,,,,not-run,results/smoke/all-numeric-planners-smoke-20260907-170137-711276/cases/nplanning-lnp-agile-2/03_BLOCKSWORLD/p001
nplanning-lnp-agile-2,04_ROVER_CHANGMIN,p001.pddl,dry-run,true,,0,,,,not-run,results/smoke/all-numeric-planners-smoke-20260907-170137-711276/cases/nplanning-lnp-agile-2/04_ROVER_CHANGMIN/p001
nplanning-lnp-agile-2,05_PIPESWORLD_STRIPS,p001.pddl,dry-run,true,,0,,,,not-run,results/smoke/all-numeric-planners-smoke-20260907-170137-711276/cases/nplanning-lnp-agile-2/05_PIPESWORLD_STRIPS/p001
nplanning-lnp-agile-2,06_TSP_NUMERIC,p001.pddl,dry-run,true,,0,,,,not-run,results/smoke/all-numeric-planners-smoke-20260907-170137-711276/cases/nplanning-lnp-agile-2/06_TSP_NUMERIC/p001
nplanning-lnp-agile-2,07_TSP_CONNECTED_NUMERIC,p001.pddl,dry-run,true,,0,,,,not-run,results/smoke/all-numeric-planners-smoke-20260907-170137-711276/cases/nplanning-lnp-agile-2/07_TSP_CONNECTED_NUMERIC/p001
nplanning-lnp-agile-2,08_RAILWAYS_SIMPLE,p001.pddl,unsupported,false,,0,,,,not-run,results/smoke/all-numeric-planners-smoke-20260907-170137-711276/cases/nplanning-lnp-agile-2/08_RAILWAYS_SIMPLE/p001
nplanning-lnp-agile-2,09_WATERING,p001.pddl,dry-run,true,,0,,,,not-run,results/smoke/all-numeric-planners-smoke-20260907-170137-711276/cases/nplanning-lnp-agile-2/09_WATERING/p001
nplanning-lnp-agile-2,10_EIGHT_PUZZLE,p001.pddl,dry-run,true,,0,,,,not-run,results/smoke/all-numeric-planners-smoke-20260907-170137-711276/cases/nplanning-lnp-agile-2/10_EIGHT_PUZZLE/p001
nplanning-lnp-agile-2,11_SEEDSET,p001.pddl,dry-run,true,,0,,,,not-run,results/smoke/all-numeric-planners-smoke-20260907-170137-711276/cases/nplanning-lnp-agile-2/11_SEEDSET/p001
nplanning-lnp-agile-2,12_BOOKNEW,p001.pddl,dry-run,true,,0,,,,not-run,results/smoke/all-numeric-planners-smoke-20260907-170137-711276/cases/nplanning-lnp-agile-2/12_BOOKNEW/p001
nplanning-lnp-agile-2,13_GROUNDED_TRUCKS,p001.pddl,dry-run,true,,0,,,,not-run,results/smoke/all-numeric-planners-smoke-20260907-170137-711276/cases/nplanning-lnp-agile-2/13_GROUNDED_TRUCKS/p001
nplanning-lnp-agile-2,14_DESIRE,p001.pddl,dry-run,true,,0,,,,not-run,results/smoke/all-numeric-planners-smoke-20260907-170137-711276/cases/nplanning-lnp-agile-2/14_DESIRE/p001
nplanning-lnp-agile-2,15_ISSUE49,p001.pddl,dry-run,true,,0,,,,not-run,results/smoke/all-numeric-planners-smoke-20260907-170137-711276/cases/nplanning-lnp-agile-2/15_ISSUE49/p001
nplanning-lnp-agile-2,16_TEST1,p001.pddl,dry-run,true,,0,,,,not-run,results/smoke/all-numeric-planners-smoke-20260907-170137-711276/cases/nplanning-lnp-agile-2/16_TEST1/p001
nplanning-lnp-agile-2,17_SATELLITE,p001.pddl,dry-run,true,,0,,,,not-run,results/smoke/all-numeric-planners-smoke-20260907-170137-711276/cases/nplanning-lnp-agile-2/17_SATELLITE/p001
nplanning-lnp-agile-2,18_BLOCK_GROUPING,p001.pddl,unsupported,false,,0,,,,not-run,results/smoke/all-numeric-planners-smoke-20260907-170137-711276/cases/nplanning-lnp-agile-2/18_BLOCK_GROUPING/p001
nplanning-lnp-agile-2,19_COUNTERS,p001.pddl,dry-run,true,,0,,,,not-run,results/smoke/all-numeric-planners-smoke-20260907-170137-711276/cases/nplanning-lnp-agile-2/19_COUNTERS/p001
nplanning-lnp-agile-2,20_DELIVERY,p001.pddl,dry-run,true,,0,,,,not-run,results/smoke/all-numeric-planners-smoke-20260907-170137-711276/cases/nplanning-lnp-agile-2/20_DELIVERY/p001
nplanning-lnp-agile-2,21_DRONE,p001.pddl,dry-run,true,,0,,,,not-run,results/smoke/all-numeric-planners-smoke-20260907-170137-711276/cases/nplanning-lnp-agile-2/21_DRONE/p001
nplanning-lnp-agile-2,22_EXPEDITION,p001.pddl,dry-run,true,,0,,,,not-run,results/smoke/all-numeric-planners-smoke-20260907-170137-711276/cases/nplanning-lnp-agile-2/22_EXPEDITION/p001
nplanning-lnp-agile-2,23_EXT_PLANT_WATERING,p001.pddl,dry-run,true,,0,,,,not-run,results/smoke/all-numeric-planners-smoke-20260907-170137-711276/cases/nplanning-lnp-agile-2/23_EXT_PLANT_WATERING/p001
nplanning-lnp-agile-2,24_FARMLAND,p001.pddl,dry-run,true,,0,,,,not-run,results/smoke/all-numeric-planners-smoke-20260907-170137-711276/cases/nplanning-lnp-agile-2/24_FARMLAND/p001
nplanning-lnp-agile-2,25_FO_COUNTERS,p001.pddl,dry-run,true,,0,,,,not-run,results/smoke/all-numeric-planners-smoke-20260907-170137-711276/cases/nplanning-lnp-agile-2/25_FO_COUNTERS/p001
nplanning-lnp-agile-2,26_FO_FARMLAND,p001.pddl,unsupported,false,,0,,,,not-run,results/smoke/all-numeric-planners-smoke-20260907-170137-711276/cases/nplanning-lnp-agile-2/26_FO_FARMLAND/p001
nplanning-lnp-agile-2,27_FO_SAILING,p001.pddl,dry-run,true,,0,,,,not-run,results/smoke/all-numeric-planners-smoke-20260907-170137-711276/cases/nplanning-lnp-agile-2/27_FO_SAILING/p001
nplanning-lnp-agile-2,28_HYDROPOWER,p001.pddl,dry-run,true,,0,,,,not-run,results/smoke/all-numeric-planners-smoke-20260907-170137-711276/cases/nplanning-lnp-agile-2/28_HYDROPOWER/p001
nplanning-lnp-agile-2,29_MARKETTRADER,p001.pddl,dry-run,true,,0,,,,not-run,results/smoke/all-numeric-planners-smoke-20260907-170137-711276/cases/nplanning-lnp-agile-2/29_MARKETTRADER/p001
nplanning-lnp-agile-2,30_MPRIME,p001.pddl,dry-run,true,,0,,,,not-run,results/smoke/all-numeric-planners-smoke-20260907-170137-711276/cases/nplanning-lnp-agile-2/30_MPRIME/p001
nplanning-lnp-agile-2,31_PATHWAYSMETRIC,p001.pddl,dry-run,true,,0,,,,not-run,results/smoke/all-numeric-planners-smoke-20260907-170137-711276/cases/nplanning-lnp-agile-2/31_PATHWAYSMETRIC/p001
nplanning-lnp-agile-2,32_ROVER_IPC23,p001.pddl,dry-run,true,,0,,,,not-run,results/smoke/all-numeric-planners-smoke-20260907-170137-711276/cases/nplanning-lnp-agile-2/32_ROVER_IPC23/p001
nplanning-lnp-agile-2,33_SAILING,p001.pddl,dry-run,true,,0,,,,not-run,results/smoke/all-numeric-planners-smoke-20260907-170137-711276/cases/nplanning-lnp-agile-2/33_SAILING/p001
nplanning-lnp-agile-2,34_SETTLERSNUMERIC,p001.pddl,unsupported,false,,0,,,,not-run,results/smoke/all-numeric-planners-smoke-20260907-170137-711276/cases/nplanning-lnp-agile-2/34_SETTLERSNUMERIC/p001
nplanning-lnp-agile-2,35_SUGAR,p001.pddl,dry-run,true,,0,,,,not-run,results/smoke/all-numeric-planners-smoke-20260907-170137-711276/cases/nplanning-lnp-agile-2/35_SUGAR/p001
nplanning-lnp-agile-2,36_TPP,p001.pddl,dry-run,true,,0,,,,not-run,results/smoke/all-numeric-planners-smoke-20260907-170137-711276/cases/nplanning-lnp-agile-2/36_TPP/p001
nplanning-lnp-agile-2,37_ZENOTRAVEL,p001.pddl,dry-run,true,,0,,,,not-run,results/smoke/all-numeric-planners-smoke-20260907-170137-711276/cases/nplanning-lnp-agile-2/37_ZENOTRAVEL/p001
nplanning-lnp-agile-2,38_SETTLERS_IPC04,p001.pddl,unsupported,false,,0,,,,not-run,results/smoke/all-numeric-planners-smoke-20260907-170137-711276/cases/nplanning-lnp-agile-2/38_SETTLERS_IPC04/p001
nplanning-lnp-agile-2,39_PSR_LARGE_IPC04,p001.pddl,unsupported,false,,0,,,,not-run,results/smoke/all-numeric-planners-smoke-20260907-170137-711276/cases/nplanning-lnp-agile-2/39_PSR_LARGE_IPC04/p001
nplanning-lnp-sat-1,01_LOGISTIC,p001.pddl,dry-run,true,,0,,,,not-run,results/smoke/all-numeric-planners-smoke-20260907-170137-711276/cases/nplanning-lnp-sat-1/01_LOGISTIC/p001
nplanning-lnp-sat-1,02_LOGISTIC_NEW,p001.pddl,dry-run,true,,0,,,,not-run,results/smoke/all-numeric-planners-smoke-20260907-170137-711276/cases/nplanning-lnp-sat-1/02_LOGISTIC_NEW/p001
nplanning-lnp-sat-1,03_BLOCKSWORLD,p001.pddl,dry-run,true,,0,,,,not-run,results/smoke/all-numeric-planners-smoke-20260907-170137-711276/cases/nplanning-lnp-sat-1/03_BLOCKSWORLD/p001
nplanning-lnp-sat-1,04_ROVER_CHANGMIN,p001.pddl,dry-run,true,,0,,,,not-run,results/smoke/all-numeric-planners-smoke-20260907-170137-711276/cases/nplanning-lnp-sat-1/04_ROVER_CHANGMIN/p001
nplanning-lnp-sat-1,05_PIPESWORLD_STRIPS,p001.pddl,dry-run,true,,0,,,,not-run,results/smoke/all-numeric-planners-smoke-20260907-170137-711276/cases/nplanning-lnp-sat-1/05_PIPESWORLD_STRIPS/p001
nplanning-lnp-sat-1,06_TSP_NUMERIC,p001.pddl,dry-run,true,,0,,,,not-run,results/smoke/all-numeric-planners-smoke-20260907-170137-711276/cases/nplanning-lnp-sat-1/06_TSP_NUMERIC/p001
nplanning-lnp-sat-1,07_TSP_CONNECTED_NUMERIC,p001.pddl,dry-run,true,,0,,,,not-run,results/smoke/all-numeric-planners-smoke-20260907-170137-711276/cases/nplanning-lnp-sat-1/07_TSP_CONNECTED_NUMERIC/p001
nplanning-lnp-sat-1,08_RAILWAYS_SIMPLE,p001.pddl,unsupported,false,,0,,,,not-run,results/smoke/all-numeric-planners-smoke-20260907-170137-711276/cases/nplanning-lnp-sat-1/08_RAILWAYS_SIMPLE/p001
nplanning-lnp-sat-1,09_WATERING,p001.pddl,dry-run,true,,0,,,,not-run,results/smoke/all-numeric-planners-smoke-20260907-170137-711276/cases/nplanning-lnp-sat-1/09_WATERING/p001
nplanning-lnp-sat-1,10_EIGHT_PUZZLE,p001.pddl,dry-run,true,,0,,,,not-run,results/smoke/all-numeric-planners-smoke-20260907-170137-711276/cases/nplanning-lnp-sat-1/10_EIGHT_PUZZLE/p001
nplanning-lnp-sat-1,11_SEEDSET,p001.pddl,dry-run,true,,0,,,,not-run,results/smoke/all-numeric-planners-smoke-20260907-170137-711276/cases/nplanning-lnp-sat-1/11_SEEDSET/p001
nplanning-lnp-sat-1,12_BOOKNEW,p001.pddl,dry-run,true,,0,,,,not-run,results/smoke/all-numeric-planners-smoke-20260907-170137-711276/cases/nplanning-lnp-sat-1/12_BOOKNEW/p001
nplanning-lnp-sat-1,13_GROUNDED_TRUCKS,p001.pddl,dry-run,true,,0,,,,not-run,results/smoke/all-numeric-planners-smoke-20260907-170137-711276/cases/nplanning-lnp-sat-1/13_GROUNDED_TRUCKS/p001
nplanning-lnp-sat-1,14_DESIRE,p001.pddl,dry-run,true,,0,,,,not-run,results/smoke/all-numeric-planners-smoke-20260907-170137-711276/cases/nplanning-lnp-sat-1/14_DESIRE/p001
nplanning-lnp-sat-1,15_ISSUE49,p001.pddl,dry-run,true,,0,,,,not-run,results/smoke/all-numeric-planners-smoke-20260907-170137-711276/cases/nplanning-lnp-sat-1/15_ISSUE49/p001
nplanning-lnp-sat-1,16_TEST1,p001.pddl,dry-run,true,,0,,,,not-run,results/smoke/all-numeric-planners-smoke-20260907-170137-711276/cases/nplanning-lnp-sat-1/16_TEST1/p001
nplanning-lnp-sat-1,17_SATELLITE,p001.pddl,dry-run,true,,0,,,,not-run,results/smoke/all-numeric-planners-smoke-20260907-170137-711276/cases/nplanning-lnp-sat-1/17_SATELLITE/p001
nplanning-lnp-sat-1,18_BLOCK_GROUPING,p001.pddl,unsupported,false,,0,,,,not-run,results/smoke/all-numeric-planners-smoke-20260907-170137-711276/cases/nplanning-lnp-sat-1/18_BLOCK_GROUPING/p001
nplanning-lnp-sat-1,19_COUNTERS,p001.pddl,dry-run,true,,0,,,,not-run,results/smoke/all-numeric-planners-smoke-20260907-170137-711276/cases/nplanning-lnp-sat-1/19_COUNTERS/p001
nplanning-lnp-sat-1,20_DELIVERY,p001.pddl,dry-run,true,,0,,,,not-run,results/smoke/all-numeric-planners-smoke-20260907-170137-711276/cases/nplanning-lnp-sat-1/20_DELIVERY/p001
nplanning-lnp-sat-1,21_DRONE,p001.pddl,dry-run,true,,0,,,,not-run,results/smoke/all-numeric-planners-smoke-20260907-170137-711276/cases/nplanning-lnp-sat-1/21_DRONE/p001
nplanning-lnp-sat-1,22_EXPEDITION,p001.pddl,dry-run,true,,0,,,,not-run,results/smoke/all-numeric-planners-smoke-20260907-170137-711276/cases/nplanning-lnp-sat-1/22_EXPEDITION/p001
nplanning-lnp-sat-1,23_EXT_PLANT_WATERING,p001.pddl,dry-run,true,,0,,,,not-run,results/smoke/all-numeric-planners-smoke-20260907-170137-711276/cases/nplanning-lnp-sat-1/23_EXT_PLANT_WATERING/p001
nplanning-lnp-sat-1,24_FARMLAND,p001.pddl,dry-run,true,,0,,,,not-run,results/smoke/all-numeric-planners-smoke-20260907-170137-711276/cases/nplanning-lnp-sat-1/24_FARMLAND/p001
nplanning-lnp-sat-1,25_FO_COUNTERS,p001.pddl,dry-run,true,,0,,,,not-run,results/smoke/all-numeric-planners-smoke-20260907-170137-711276/cases/nplanning-lnp-sat-1/25_FO_COUNTERS/p001
nplanning-lnp-sat-1,26_FO_FARMLAND,p001.pddl,unsupported,false,,0,,,,not-run,results/smoke/all-numeric-planners-smoke-20260907-170137-711276/cases/nplanning-lnp-sat-1/26_FO_FARMLAND/p001
nplanning-lnp-sat-1,27_FO_SAILING,p001.pddl,dry-run,true,,0,,,,not-run,results/smoke/all-numeric-planners-smoke-20260907-170137-711276/cases/nplanning-lnp-sat-1/27_FO_SAILING/p001
nplanning-lnp-sat-1,28_HYDROPOWER,p001.pddl,dry-run,true,,0,,,,not-run,results/smoke/all-numeric-planners-smoke-20260907-170137-711276/cases/nplanning-lnp-sat-1/28_HYDROPOWER/p001
nplanning-lnp-sat-1,29_MARKETTRADER,p001.pddl,dry-run,true,,0,,,,not-run,results/smoke/all-numeric-planners-smoke-20260907-170137-711276/cases/nplanning-lnp-sat-1/29_MARKETTRADER/p001
nplanning-lnp-sat-1,30_MPRIME,p001.pddl,dry-run,true,,0,,,,not-run,results/smoke/all-numeric-planners-smoke-20260907-170137-711276/cases/nplanning-lnp-sat-1/30_MPRIME/p001
nplanning-lnp-sat-1,31_PATHWAYSMETRIC,p001.pddl,dry-run,true,,0,,,,not-run,results/smoke/all-numeric-planners-smoke-20260907-170137-711276/cases/nplanning-lnp-sat-1/31_PATHWAYSMETRIC/p001
nplanning-lnp-sat-1,32_ROVER_IPC23,p001.pddl,dry-run,true,,0,,,,not-run,results/smoke/all-numeric-planners-smoke-20260907-170137-711276/cases/nplanning-lnp-sat-1/32_ROVER_IPC23/p001
nplanning-lnp-sat-1,33_SAILING,p001.pddl,dry-run,true,,0,,,,not-run,results/smoke/all-numeric-planners-smoke-20260907-170137-711276/cases/nplanning-lnp-sat-1/33_SAILING/p001
nplanning-lnp-sat-1,34_SETTLERSNUMERIC,p001.pddl,unsupported,false,,0,,,,not-run,results/smoke/all-numeric-planners-smoke-20260907-170137-711276/cases/nplanning-lnp-sat-1/34_SETTLERSNUMERIC/p001
nplanning-lnp-sat-1,35_SUGAR,p001.pddl,dry-run,true,,0,,,,not-run,results/smoke/all-numeric-planners-smoke-20260907-170137-711276/cases/nplanning-lnp-sat-1/35_SUGAR/p001
nplanning-lnp-sat-1,36_TPP,p001.pddl,dry-run,true,,0,,,,not-run,results/smoke/all-numeric-planners-smoke-20260907-170137-711276/cases/nplanning-lnp-sat-1/36_TPP/p001
nplanning-lnp-sat-1,37_ZENOTRAVEL,p001.pddl,dry-run,true,,0,,,,not-run,results/smoke/all-numeric-planners-smoke-20260907-170137-711276/cases/nplanning-lnp-sat-1/37_ZENOTRAVEL/p001
nplanning-lnp-sat-1,38_SETTLERS_IPC04,p001.pddl,unsupported,false,,0,,,,not-run,results/smoke/all-numeric-planners-smoke-20260907-170137-711276/cases/nplanning-lnp-sat-1/38_SETTLERS_IPC04/p001
nplanning-lnp-sat-1,39_PSR_LARGE_IPC04,p001.pddl,unsupported,false,,0,,,,not-run,results/smoke/all-numeric-planners-smoke-20260907-170137-711276/cases/nplanning-lnp-sat-1/39_PSR_LARGE_IPC04/p001
nplanning-lnp-sat-2,01_LOGISTIC,p001.pddl,dry-run,true,,0,,,,not-run,results/smoke/all-numeric-planners-smoke-20260907-170137-711276/cases/nplanning-lnp-sat-2/01_LOGISTIC/p001
nplanning-lnp-sat-2,02_LOGISTIC_NEW,p001.pddl,dry-run,true,,0,,,,not-run,results/smoke/all-numeric-planners-smoke-20260907-170137-711276/cases/nplanning-lnp-sat-2/02_LOGISTIC_NEW/p001
nplanning-lnp-sat-2,03_BLOCKSWORLD,p001.pddl,dry-run,true,,0,,,,not-run,results/smoke/all-numeric-planners-smoke-20260907-170137-711276/cases/nplanning-lnp-sat-2/03_BLOCKSWORLD/p001
nplanning-lnp-sat-2,04_ROVER_CHANGMIN,p001.pddl,dry-run,true,,0,,,,not-run,results/smoke/all-numeric-planners-smoke-20260907-170137-711276/cases/nplanning-lnp-sat-2/04_ROVER_CHANGMIN/p001
nplanning-lnp-sat-2,05_PIPESWORLD_STRIPS,p001.pddl,dry-run,true,,0,,,,not-run,results/smoke/all-numeric-planners-smoke-20260907-170137-711276/cases/nplanning-lnp-sat-2/05_PIPESWORLD_STRIPS/p001
nplanning-lnp-sat-2,06_TSP_NUMERIC,p001.pddl,dry-run,true,,0,,,,not-run,results/smoke/all-numeric-planners-smoke-20260907-170137-711276/cases/nplanning-lnp-sat-2/06_TSP_NUMERIC/p001
nplanning-lnp-sat-2,07_TSP_CONNECTED_NUMERIC,p001.pddl,dry-run,true,,0,,,,not-run,results/smoke/all-numeric-planners-smoke-20260907-170137-711276/cases/nplanning-lnp-sat-2/07_TSP_CONNECTED_NUMERIC/p001
nplanning-lnp-sat-2,08_RAILWAYS_SIMPLE,p001.pddl,unsupported,false,,0,,,,not-run,results/smoke/all-numeric-planners-smoke-20260907-170137-711276/cases/nplanning-lnp-sat-2/08_RAILWAYS_SIMPLE/p001
nplanning-lnp-sat-2,09_WATERING,p001.pddl,dry-run,true,,0,,,,not-run,results/smoke/all-numeric-planners-smoke-20260907-170137-711276/cases/nplanning-lnp-sat-2/09_WATERING/p001
nplanning-lnp-sat-2,10_EIGHT_PUZZLE,p001.pddl,dry-run,true,,0,,,,not-run,results/smoke/all-numeric-planners-smoke-20260907-170137-711276/cases/nplanning-lnp-sat-2/10_EIGHT_PUZZLE/p001
nplanning-lnp-sat-2,11_SEEDSET,p001.pddl,dry-run,true,,0,,,,not-run,results/smoke/all-numeric-planners-smoke-20260907-170137-711276/cases/nplanning-lnp-sat-2/11_SEEDSET/p001
nplanning-lnp-sat-2,12_BOOKNEW,p001.pddl,dry-run,true,,0,,,,not-run,results/smoke/all-numeric-planners-smoke-20260907-170137-711276/cases/nplanning-lnp-sat-2/12_BOOKNEW/p001
nplanning-lnp-sat-2,13_GROUNDED_TRUCKS,p001.pddl,dry-run,true,,0,,,,not-run,results/smoke/all-numeric-planners-smoke-20260907-170137-711276/cases/nplanning-lnp-sat-2/13_GROUNDED_TRUCKS/p001
nplanning-lnp-sat-2,14_DESIRE,p001.pddl,dry-run,true,,0,,,,not-run,results/smoke/all-numeric-planners-smoke-20260907-170137-711276/cases/nplanning-lnp-sat-2/14_DESIRE/p001
nplanning-lnp-sat-2,15_ISSUE49,p001.pddl,dry-run,true,,0,,,,not-run,results/smoke/all-numeric-planners-smoke-20260907-170137-711276/cases/nplanning-lnp-sat-2/15_ISSUE49/p001
nplanning-lnp-sat-2,16_TEST1,p001.pddl,dry-run,true,,0,,,,not-run,results/smoke/all-numeric-planners-smoke-20260907-170137-711276/cases/nplanning-lnp-sat-2/16_TEST1/p001
nplanning-lnp-sat-2,17_SATELLITE,p001.pddl,dry-run,true,,0,,,,not-run,results/smoke/all-numeric-planners-smoke-20260907-170137-711276/cases/nplanning-lnp-sat-2/17_SATELLITE/p001
nplanning-lnp-sat-2,18_BLOCK_GROUPING,p001.pddl,unsupported,false,,0,,,,not-run,results/smoke/all-numeric-planners-smoke-20260907-170137-711276/cases/nplanning-lnp-sat-2/18_BLOCK_GROUPING/p001
nplanning-lnp-sat-2,19_COUNTERS,p001.pddl,dry-run,true,,0,,,,not-run,results/smoke/all-numeric-planners-smoke-20260907-170137-711276/cases/nplanning-lnp-sat-2/19_COUNTERS/p001
nplanning-lnp-sat-2,20_DELIVERY,p001.pddl,dry-run,true,,0,,,,not-run,results/smoke/all-numeric-planners-smoke-20260907-170137-711276/cases/nplanning-lnp-sat-2/20_DELIVERY/p001
nplanning-lnp-sat-2,21_DRONE,p001.pddl,dry-run,true,,0,,,,not-run,results/smoke/all-numeric-planners-smoke-20260907-170137-711276/cases/nplanning-lnp-sat-2/21_DRONE/p001
nplanning-lnp-sat-2,22_EXPEDITION,p001.pddl,dry-run,true,,0,,,,not-run,results/smoke/all-numeric-planners-smoke-20260907-170137-711276/cases/nplanning-lnp-sat-2/22_EXPEDITION/p001
nplanning-lnp-sat-2,23_EXT_PLANT_WATERING,p001.pddl,dry-run,true,,0,,,,not-run,results/smoke/all-numeric-planners-smoke-20260907-170137-711276/cases/nplanning-lnp-sat-2/23_EXT_PLANT_WATERING/p001
nplanning-lnp-sat-2,24_FARMLAND,p001.pddl,dry-run,true,,0,,,,not-run,results/smoke/all-numeric-planners-smoke-20260907-170137-711276/cases/nplanning-lnp-sat-2/24_FARMLAND/p001
nplanning-lnp-sat-2,25_FO_COUNTERS,p001.pddl,dry-run,true,,0,,,,not-run,results/smoke/all-numeric-planners-smoke-20260907-170137-711276/cases/nplanning-lnp-sat-2/25_FO_COUNTERS/p001
nplanning-lnp-sat-2,26_FO_FARMLAND,p001.pddl,unsupported,false,,0,,,,not-run,results/smoke/all-numeric-planners-smoke-20260907-170137-711276/cases/nplanning-lnp-sat-2/26_FO_FARMLAND/p001
nplanning-lnp-sat-2,27_FO_SAILING,p001.pddl,dry-run,true,,0,,,,not-run,results/smoke/all-numeric-planners-smoke-20260907-170137-711276/cases/nplanning-lnp-sat-2/27_FO_SAILING/p001
nplanning-lnp-sat-2,28_HYDROPOWER,p001.pddl,dry-run,true,,0,,,,not-run,results/smoke/all-numeric-planners-smoke-20260907-170137-711276/cases/nplanning-lnp-sat-2/28_HYDROPOWER/p001
nplanning-lnp-sat-2,29_MARKETTRADER,p001.pddl,dry-run,true,,0,,,,not-run,results/smoke/all-numeric-planners-smoke-20260907-170137-711276/cases/nplanning-lnp-sat-2/29_MARKETTRADER/p001
nplanning-lnp-sat-2,30_MPRIME,p001.pddl,dry-run,true,,0,,,,not-run,results/smoke/all-numeric-planners-smoke-20260907-170137-711276/cases/nplanning-lnp-sat-2/30_MPRIME/p001
nplanning-lnp-sat-2,31_PATHWAYSMETRIC,p001.pddl,dry-run,true,,0,,,,not-run,results/smoke/all-numeric-planners-smoke-20260907-170137-711276/cases/nplanning-lnp-sat-2/31_PATHWAYSMETRIC/p001
nplanning-lnp-sat-2,32_ROVER_IPC23,p001.pddl,dry-run,true,,0,,,,not-run,results/smoke/all-numeric-planners-smoke-20260907-170137-711276/cases/nplanning-lnp-sat-2/32_ROVER_IPC23/p001
nplanning-lnp-sat-2,33_SAILING,p001.pddl,dry-run,true,,0,,,,not-run,results/smoke/all-numeric-planners-smoke-20260907-170137-711276/cases/nplanning-lnp-sat-2/33_SAILING/p001
nplanning-lnp-sat-2,34_SETTLERSNUMERIC,p001.pddl,unsupported,false,,0,,,,not-run,results/smoke/all-numeric-planners-smoke-20260907-170137-711276/cases/nplanning-lnp-sat-2/34_SETTLERSNUMERIC/p001
nplanning-lnp-sat-2,35_SUGAR,p001.pddl,dry-run,true,,0,,,,not-run,results/smoke/all-numeric-planners-smoke-20260907-170137-711276/cases/nplanning-lnp-sat-2/35_SUGAR/p001
nplanning-lnp-sat-2,36_TPP,p001.pddl,dry-run,true,,0,,,,not-run,results/smoke/all-numeric-planners-smoke-20260907-170137-711276/cases/nplanning-lnp-sat-2/36_TPP/p001
nplanning-lnp-sat-2,37_ZENOTRAVEL,p001.pddl,dry-run,true,,0,,,,not-run,results/smoke/all-numeric-planners-smoke-20260907-170137-711276/cases/nplanning-lnp-sat-2/37_ZENOTRAVEL/p001
nplanning-lnp-sat-2,38_SETTLERS_IPC04,p001.pddl,unsupported,false,,0,,,,not-run,results/smoke/all-numeric-planners-smoke-20260907-170137-711276/cases/nplanning-lnp-sat-2/38_SETTLERS_IPC04/p001
nplanning-lnp-sat-2,39_PSR_LARGE_IPC04,p001.pddl,unsupported,false,,0,,,,not-run,results/smoke/all-numeric-planners-smoke-20260907-170137-711276/cases/nplanning-lnp-sat-2/39_PSR_LARGE_IPC04/p001
omtplan,01_LOGISTIC,p001.pddl,dry-run,true,,0,,,,not-run,results/smoke/all-numeric-planners-smoke-20260907-170137-711276/cases/omtplan/01_LOGISTIC/p001
omtplan,02_LOGISTIC_NEW,p001.pddl,dry-run,true,,0,,,,not-run,results/smoke/all-numeric-planners-smoke-20260907-170137-711276/cases/omtplan/02_LOGISTIC_NEW/p001
omtplan,03_BLOCKSWORLD,p001.pddl,dry-run,true,,0,,,,not-run,results/smoke/all-numeric-planners-smoke-20260907-170137-711276/cases/omtplan/03_BLOCKSWORLD/p001
omtplan,04_ROVER_CHANGMIN,p001.pddl,dry-run,true,,0,,,,not-run,results/smoke/all-numeric-planners-smoke-20260907-170137-711276/cases/omtplan/04_ROVER_CHANGMIN/p001
omtplan,05_PIPESWORLD_STRIPS,p001.pddl,dry-run,true,,0,,,,not-run,results/smoke/all-numeric-planners-smoke-20260907-170137-711276/cases/omtplan/05_PIPESWORLD_STRIPS/p001
omtplan,06_TSP_NUMERIC,p001.pddl,dry-run,true,,0,,,,not-run,results/smoke/all-numeric-planners-smoke-20260907-170137-711276/cases/omtplan/06_TSP_NUMERIC/p001
omtplan,07_TSP_CONNECTED_NUMERIC,p001.pddl,dry-run,true,,0,,,,not-run,results/smoke/all-numeric-planners-smoke-20260907-170137-711276/cases/omtplan/07_TSP_CONNECTED_NUMERIC/p001
omtplan,08_RAILWAYS_SIMPLE,p001.pddl,unsupported,false,,0,,,,not-run,results/smoke/all-numeric-planners-smoke-20260907-170137-711276/cases/omtplan/08_RAILWAYS_SIMPLE/p001
omtplan,09_WATERING,p001.pddl,dry-run,true,,0,,,,not-run,results/smoke/all-numeric-planners-smoke-20260907-170137-711276/cases/omtplan/09_WATERING/p001
omtplan,10_EIGHT_PUZZLE,p001.pddl,dry-run,true,,0,,,,not-run,results/smoke/all-numeric-planners-smoke-20260907-170137-711276/cases/omtplan/10_EIGHT_PUZZLE/p001
omtplan,11_SEEDSET,p001.pddl,dry-run,true,,0,,,,not-run,results/smoke/all-numeric-planners-smoke-20260907-170137-711276/cases/omtplan/11_SEEDSET/p001
omtplan,12_BOOKNEW,p001.pddl,dry-run,true,,0,,,,not-run,results/smoke/all-numeric-planners-smoke-20260907-170137-711276/cases/omtplan/12_BOOKNEW/p001
omtplan,13_GROUNDED_TRUCKS,p001.pddl,dry-run,true,,0,,,,not-run,results/smoke/all-numeric-planners-smoke-20260907-170137-711276/cases/omtplan/13_GROUNDED_TRUCKS/p001
omtplan,14_DESIRE,p001.pddl,dry-run,true,,0,,,,not-run,results/smoke/all-numeric-planners-smoke-20260907-170137-711276/cases/omtplan/14_DESIRE/p001
omtplan,15_ISSUE49,p001.pddl,dry-run,true,,0,,,,not-run,results/smoke/all-numeric-planners-smoke-20260907-170137-711276/cases/omtplan/15_ISSUE49/p001
omtplan,16_TEST1,p001.pddl,dry-run,true,,0,,,,not-run,results/smoke/all-numeric-planners-smoke-20260907-170137-711276/cases/omtplan/16_TEST1/p001
omtplan,17_SATELLITE,p001.pddl,dry-run,true,,0,,,,not-run,results/smoke/all-numeric-planners-smoke-20260907-170137-711276/cases/omtplan/17_SATELLITE/p001
omtplan,18_BLOCK_GROUPING,p001.pddl,unsupported,false,,0,,,,not-run,results/smoke/all-numeric-planners-smoke-20260907-170137-711276/cases/omtplan/18_BLOCK_GROUPING/p001
omtplan,19_COUNTERS,p001.pddl,dry-run,true,,0,,,,not-run,results/smoke/all-numeric-planners-smoke-20260907-170137-711276/cases/omtplan/19_COUNTERS/p001
omtplan,20_DELIVERY,p001.pddl,dry-run,true,,0,,,,not-run,results/smoke/all-numeric-planners-smoke-20260907-170137-711276/cases/omtplan/20_DELIVERY/p001
omtplan,21_DRONE,p001.pddl,dry-run,true,,0,,,,not-run,results/smoke/all-numeric-planners-smoke-20260907-170137-711276/cases/omtplan/21_DRONE/p001
omtplan,22_EXPEDITION,p001.pddl,dry-run,true,,0,,,,not-run,results/smoke/all-numeric-planners-smoke-20260907-170137-711276/cases/omtplan/22_EXPEDITION/p001
omtplan,23_EXT_PLANT_WATERING,p001.pddl,dry-run,true,,0,,,,not-run,results/smoke/all-numeric-planners-smoke-20260907-170137-711276/cases/omtplan/23_EXT_PLANT_WATERING/p001
omtplan,24_FARMLAND,p001.pddl,dry-run,true,,0,,,,not-run,results/smoke/all-numeric-planners-smoke-20260907-170137-711276/cases/omtplan/24_FARMLAND/p001
omtplan,25_FO_COUNTERS,p001.pddl,dry-run,true,,0,,,,not-run,results/smoke/all-numeric-planners-smoke-20260907-170137-711276/cases/omtplan/25_FO_COUNTERS/p001
omtplan,26_FO_FARMLAND,p001.pddl,unsupported,false,,0,,,,not-run,results/smoke/all-numeric-planners-smoke-20260907-170137-711276/cases/omtplan/26_FO_FARMLAND/p001
omtplan,27_FO_SAILING,p001.pddl,dry-run,true,,0,,,,not-run,results/smoke/all-numeric-planners-smoke-20260907-170137-711276/cases/omtplan/27_FO_SAILING/p001
omtplan,28_HYDROPOWER,p001.pddl,dry-run,true,,0,,,,not-run,results/smoke/all-numeric-planners-smoke-20260907-170137-711276/cases/omtplan/28_HYDROPOWER/p001
omtplan,29_MARKETTRADER,p001.pddl,dry-run,true,,0,,,,not-run,results/smoke/all-numeric-planners-smoke-20260907-170137-711276/cases/omtplan/29_MARKETTRADER/p001
omtplan,30_MPRIME,p001.pddl,dry-run,true,,0,,,,not-run,results/smoke/all-numeric-planners-smoke-20260907-170137-711276/cases/omtplan/30_MPRIME/p001
omtplan,31_PATHWAYSMETRIC,p001.pddl,dry-run,true,,0,,,,not-run,results/smoke/all-numeric-planners-smoke-20260907-170137-711276/cases/omtplan/31_PATHWAYSMETRIC/p001
omtplan,32_ROVER_IPC23,p001.pddl,dry-run,true,,0,,,,not-run,results/smoke/all-numeric-planners-smoke-20260907-170137-711276/cases/omtplan/32_ROVER_IPC23/p001
omtplan,33_SAILING,p001.pddl,dry-run,true,,0,,,,not-run,results/smoke/all-numeric-planners-smoke-20260907-170137-711276/cases/omtplan/33_SAILING/p001
omtplan,34_SETTLERSNUMERIC,p001.pddl,unsupported,false,,0,,,,not-run,results/smoke/all-numeric-planners-smoke-20260907-170137-711276/cases/omtplan/34_SETTLERSNUMERIC/p001
omtplan,35_SUGAR,p001.pddl,dry-run,true,,0,,,,not-run,results/smoke/all-numeric-planners-smoke-20260907-170137-711276/cases/omtplan/35_SUGAR/p001
omtplan,36_TPP,p001.pddl,dry-run,true,,0,,,,not-run,results/smoke/all-numeric-planners-smoke-20260907-170137-711276/cases/omtplan/36_TPP/p001
omtplan,37_ZENOTRAVEL,p001.pddl,dry-run,true,,0,,,,not-run,results/smoke/all-numeric-planners-smoke-20260907-170137-711276/cases/omtplan/37_ZENOTRAVEL/p001
omtplan,38_SETTLERS_IPC04,p001.pddl,unsupported,false,,0,,,,not-run,results/smoke/all-numeric-planners-smoke-20260907-170137-711276/cases/omtplan/38_SETTLERS_IPC04/p001
omtplan,39_PSR_LARGE_IPC04,p001.pddl,unsupported,false,,0,,,,not-run,results/smoke/all-numeric-planners-smoke-20260907-170137-711276/cases/omtplan/39_PSR_LARGE_IPC04/p001
optic,01_LOGISTIC,p001.pddl,dry-run,true,,0,,,,not-run,results/smoke/all-numeric-planners-smoke-20260907-170137-711276/cases/optic/01_LOGISTIC/p001
optic,02_LOGISTIC_NEW,p001.pddl,dry-run,true,,0,,,,not-run,results/smoke/all-numeric-planners-smoke-20260907-170137-711276/cases/optic/02_LOGISTIC_NEW/p001
optic,03_BLOCKSWORLD,p001.pddl,dry-run,true,,0,,,,not-run,results/smoke/all-numeric-planners-smoke-20260907-170137-711276/cases/optic/03_BLOCKSWORLD/p001
optic,04_ROVER_CHANGMIN,p001.pddl,dry-run,true,,0,,,,not-run,results/smoke/all-numeric-planners-smoke-20260907-170137-711276/cases/optic/04_ROVER_CHANGMIN/p001
optic,05_PIPESWORLD_STRIPS,p001.pddl,dry-run,true,,0,,,,not-run,results/smoke/all-numeric-planners-smoke-20260907-170137-711276/cases/optic/05_PIPESWORLD_STRIPS/p001
optic,06_TSP_NUMERIC,p001.pddl,dry-run,true,,0,,,,not-run,results/smoke/all-numeric-planners-smoke-20260907-170137-711276/cases/optic/06_TSP_NUMERIC/p001
optic,07_TSP_CONNECTED_NUMERIC,p001.pddl,dry-run,true,,0,,,,not-run,results/smoke/all-numeric-planners-smoke-20260907-170137-711276/cases/optic/07_TSP_CONNECTED_NUMERIC/p001
optic,08_RAILWAYS_SIMPLE,p001.pddl,unsupported,false,,0,,,,not-run,results/smoke/all-numeric-planners-smoke-20260907-170137-711276/cases/optic/08_RAILWAYS_SIMPLE/p001
optic,09_WATERING,p001.pddl,dry-run,true,,0,,,,not-run,results/smoke/all-numeric-planners-smoke-20260907-170137-711276/cases/optic/09_WATERING/p001
optic,10_EIGHT_PUZZLE,p001.pddl,dry-run,true,,0,,,,not-run,results/smoke/all-numeric-planners-smoke-20260907-170137-711276/cases/optic/10_EIGHT_PUZZLE/p001
optic,11_SEEDSET,p001.pddl,dry-run,true,,0,,,,not-run,results/smoke/all-numeric-planners-smoke-20260907-170137-711276/cases/optic/11_SEEDSET/p001
optic,12_BOOKNEW,p001.pddl,dry-run,true,,0,,,,not-run,results/smoke/all-numeric-planners-smoke-20260907-170137-711276/cases/optic/12_BOOKNEW/p001
optic,13_GROUNDED_TRUCKS,p001.pddl,dry-run,true,,0,,,,not-run,results/smoke/all-numeric-planners-smoke-20260907-170137-711276/cases/optic/13_GROUNDED_TRUCKS/p001
optic,14_DESIRE,p001.pddl,dry-run,true,,0,,,,not-run,results/smoke/all-numeric-planners-smoke-20260907-170137-711276/cases/optic/14_DESIRE/p001
optic,15_ISSUE49,p001.pddl,dry-run,true,,0,,,,not-run,results/smoke/all-numeric-planners-smoke-20260907-170137-711276/cases/optic/15_ISSUE49/p001
optic,16_TEST1,p001.pddl,dry-run,true,,0,,,,not-run,results/smoke/all-numeric-planners-smoke-20260907-170137-711276/cases/optic/16_TEST1/p001
optic,17_SATELLITE,p001.pddl,dry-run,true,,0,,,,not-run,results/smoke/all-numeric-planners-smoke-20260907-170137-711276/cases/optic/17_SATELLITE/p001
optic,18_BLOCK_GROUPING,p001.pddl,dry-run,true,,0,,,,not-run,results/smoke/all-numeric-planners-smoke-20260907-170137-711276/cases/optic/18_BLOCK_GROUPING/p001
optic,19_COUNTERS,p001.pddl,dry-run,true,,0,,,,not-run,results/smoke/all-numeric-planners-smoke-20260907-170137-711276/cases/optic/19_COUNTERS/p001
optic,20_DELIVERY,p001.pddl,dry-run,true,,0,,,,not-run,results/smoke/all-numeric-planners-smoke-20260907-170137-711276/cases/optic/20_DELIVERY/p001
optic,21_DRONE,p001.pddl,dry-run,true,,0,,,,not-run,results/smoke/all-numeric-planners-smoke-20260907-170137-711276/cases/optic/21_DRONE/p001
optic,22_EXPEDITION,p001.pddl,dry-run,true,,0,,,,not-run,results/smoke/all-numeric-planners-smoke-20260907-170137-711276/cases/optic/22_EXPEDITION/p001
optic,23_EXT_PLANT_WATERING,p001.pddl,dry-run,true,,0,,,,not-run,results/smoke/all-numeric-planners-smoke-20260907-170137-711276/cases/optic/23_EXT_PLANT_WATERING/p001
optic,24_FARMLAND,p001.pddl,dry-run,true,,0,,,,not-run,results/smoke/all-numeric-planners-smoke-20260907-170137-711276/cases/optic/24_FARMLAND/p001
optic,25_FO_COUNTERS,p001.pddl,dry-run,true,,0,,,,not-run,results/smoke/all-numeric-planners-smoke-20260907-170137-711276/cases/optic/25_FO_COUNTERS/p001
optic,26_FO_FARMLAND,p001.pddl,dry-run,true,,0,,,,not-run,results/smoke/all-numeric-planners-smoke-20260907-170137-711276/cases/optic/26_FO_FARMLAND/p001
optic,27_FO_SAILING,p001.pddl,dry-run,true,,0,,,,not-run,results/smoke/all-numeric-planners-smoke-20260907-170137-711276/cases/optic/27_FO_SAILING/p001
optic,28_HYDROPOWER,p001.pddl,dry-run,true,,0,,,,not-run,results/smoke/all-numeric-planners-smoke-20260907-170137-711276/cases/optic/28_HYDROPOWER/p001
optic,29_MARKETTRADER,p001.pddl,dry-run,true,,0,,,,not-run,results/smoke/all-numeric-planners-smoke-20260907-170137-711276/cases/optic/29_MARKETTRADER/p001
optic,30_MPRIME,p001.pddl,dry-run,true,,0,,,,not-run,results/smoke/all-numeric-planners-smoke-20260907-170137-711276/cases/optic/30_MPRIME/p001
optic,31_PATHWAYSMETRIC,p001.pddl,dry-run,true,,0,,,,not-run,results/smoke/all-numeric-planners-smoke-20260907-170137-711276/cases/optic/31_PATHWAYSMETRIC/p001
optic,32_ROVER_IPC23,p001.pddl,dry-run,true,,0,,,,not-run,results/smoke/all-numeric-planners-smoke-20260907-170137-711276/cases/optic/32_ROVER_IPC23/p001
optic,33_SAILING,p001.pddl,dry-run,true,,0,,,,not-run,results/smoke/all-numeric-planners-smoke-20260907-170137-711276/cases/optic/33_SAILING/p001
optic,34_SETTLERSNUMERIC,p001.pddl,dry-run,true,,0,,,,not-run,results/smoke/all-numeric-planners-smoke-20260907-170137-711276/cases/optic/34_SETTLERSNUMERIC/p001
optic,35_SUGAR,p001.pddl,dry-run,true,,0,,,,not-run,results/smoke/all-numeric-planners-smoke-20260907-170137-711276/cases/optic/35_SUGAR/p001
optic,36_TPP,p001.pddl,dry-run,true,,0,,,,not-run,results/smoke/all-numeric-planners-smoke-20260907-170137-711276/cases/optic/36_TPP/p001
optic,37_ZENOTRAVEL,p001.pddl,dry-run,true,,0,,,,not-run,results/smoke/all-numeric-planners-smoke-20260907-170137-711276/cases/optic/37_ZENOTRAVEL/p001
optic,38_SETTLERS_IPC04,p001.pddl,dry-run,true,,0,,,,not-run,results/smoke/all-numeric-planners-smoke-20260907-170137-711276/cases/optic/38_SETTLERS_IPC04/p001
optic,39_PSR_LARGE_IPC04,p001.pddl,unsupported,false,,0,,,,not-run,results/smoke/all-numeric-planners-smoke-20260907-170137-711276/cases/optic/39_PSR_LARGE_IPC04/p001
panino-lnp-agile,01_LOGISTIC,p001.pddl,dry-run,true,,0,,,,not-run,results/smoke/all-numeric-planners-smoke-20260907-170137-711276/cases/panino-lnp-agile/01_LOGISTIC/p001
panino-lnp-agile,02_LOGISTIC_NEW,p001.pddl,dry-run,true,,0,,,,not-run,results/smoke/all-numeric-planners-smoke-20260907-170137-711276/cases/panino-lnp-agile/02_LOGISTIC_NEW/p001
panino-lnp-agile,03_BLOCKSWORLD,p001.pddl,dry-run,true,,0,,,,not-run,results/smoke/all-numeric-planners-smoke-20260907-170137-711276/cases/panino-lnp-agile/03_BLOCKSWORLD/p001
panino-lnp-agile,04_ROVER_CHANGMIN,p001.pddl,dry-run,true,,0,,,,not-run,results/smoke/all-numeric-planners-smoke-20260907-170137-711276/cases/panino-lnp-agile/04_ROVER_CHANGMIN/p001
panino-lnp-agile,05_PIPESWORLD_STRIPS,p001.pddl,dry-run,true,,0,,,,not-run,results/smoke/all-numeric-planners-smoke-20260907-170137-711276/cases/panino-lnp-agile/05_PIPESWORLD_STRIPS/p001
panino-lnp-agile,06_TSP_NUMERIC,p001.pddl,dry-run,true,,0,,,,not-run,results/smoke/all-numeric-planners-smoke-20260907-170137-711276/cases/panino-lnp-agile/06_TSP_NUMERIC/p001
panino-lnp-agile,07_TSP_CONNECTED_NUMERIC,p001.pddl,dry-run,true,,0,,,,not-run,results/smoke/all-numeric-planners-smoke-20260907-170137-711276/cases/panino-lnp-agile/07_TSP_CONNECTED_NUMERIC/p001
panino-lnp-agile,08_RAILWAYS_SIMPLE,p001.pddl,unsupported,false,,0,,,,not-run,results/smoke/all-numeric-planners-smoke-20260907-170137-711276/cases/panino-lnp-agile/08_RAILWAYS_SIMPLE/p001
panino-lnp-agile,09_WATERING,p001.pddl,dry-run,true,,0,,,,not-run,results/smoke/all-numeric-planners-smoke-20260907-170137-711276/cases/panino-lnp-agile/09_WATERING/p001
panino-lnp-agile,10_EIGHT_PUZZLE,p001.pddl,dry-run,true,,0,,,,not-run,results/smoke/all-numeric-planners-smoke-20260907-170137-711276/cases/panino-lnp-agile/10_EIGHT_PUZZLE/p001
panino-lnp-agile,11_SEEDSET,p001.pddl,dry-run,true,,0,,,,not-run,results/smoke/all-numeric-planners-smoke-20260907-170137-711276/cases/panino-lnp-agile/11_SEEDSET/p001
panino-lnp-agile,12_BOOKNEW,p001.pddl,dry-run,true,,0,,,,not-run,results/smoke/all-numeric-planners-smoke-20260907-170137-711276/cases/panino-lnp-agile/12_BOOKNEW/p001
panino-lnp-agile,13_GROUNDED_TRUCKS,p001.pddl,dry-run,true,,0,,,,not-run,results/smoke/all-numeric-planners-smoke-20260907-170137-711276/cases/panino-lnp-agile/13_GROUNDED_TRUCKS/p001
panino-lnp-agile,14_DESIRE,p001.pddl,dry-run,true,,0,,,,not-run,results/smoke/all-numeric-planners-smoke-20260907-170137-711276/cases/panino-lnp-agile/14_DESIRE/p001
panino-lnp-agile,15_ISSUE49,p001.pddl,dry-run,true,,0,,,,not-run,results/smoke/all-numeric-planners-smoke-20260907-170137-711276/cases/panino-lnp-agile/15_ISSUE49/p001
panino-lnp-agile,16_TEST1,p001.pddl,dry-run,true,,0,,,,not-run,results/smoke/all-numeric-planners-smoke-20260907-170137-711276/cases/panino-lnp-agile/16_TEST1/p001
panino-lnp-agile,17_SATELLITE,p001.pddl,dry-run,true,,0,,,,not-run,results/smoke/all-numeric-planners-smoke-20260907-170137-711276/cases/panino-lnp-agile/17_SATELLITE/p001
panino-lnp-agile,18_BLOCK_GROUPING,p001.pddl,dry-run,true,,0,,,,not-run,results/smoke/all-numeric-planners-smoke-20260907-170137-711276/cases/panino-lnp-agile/18_BLOCK_GROUPING/p001
panino-lnp-agile,19_COUNTERS,p001.pddl,dry-run,true,,0,,,,not-run,results/smoke/all-numeric-planners-smoke-20260907-170137-711276/cases/panino-lnp-agile/19_COUNTERS/p001
panino-lnp-agile,20_DELIVERY,p001.pddl,dry-run,true,,0,,,,not-run,results/smoke/all-numeric-planners-smoke-20260907-170137-711276/cases/panino-lnp-agile/20_DELIVERY/p001
panino-lnp-agile,21_DRONE,p001.pddl,dry-run,true,,0,,,,not-run,results/smoke/all-numeric-planners-smoke-20260907-170137-711276/cases/panino-lnp-agile/21_DRONE/p001
panino-lnp-agile,22_EXPEDITION,p001.pddl,dry-run,true,,0,,,,not-run,results/smoke/all-numeric-planners-smoke-20260907-170137-711276/cases/panino-lnp-agile/22_EXPEDITION/p001
panino-lnp-agile,23_EXT_PLANT_WATERING,p001.pddl,dry-run,true,,0,,,,not-run,results/smoke/all-numeric-planners-smoke-20260907-170137-711276/cases/panino-lnp-agile/23_EXT_PLANT_WATERING/p001
panino-lnp-agile,24_FARMLAND,p001.pddl,dry-run,true,,0,,,,not-run,results/smoke/all-numeric-planners-smoke-20260907-170137-711276/cases/panino-lnp-agile/24_FARMLAND/p001
panino-lnp-agile,25_FO_COUNTERS,p001.pddl,dry-run,true,,0,,,,not-run,results/smoke/all-numeric-planners-smoke-20260907-170137-711276/cases/panino-lnp-agile/25_FO_COUNTERS/p001
panino-lnp-agile,26_FO_FARMLAND,p001.pddl,dry-run,true,,0,,,,not-run,results/smoke/all-numeric-planners-smoke-20260907-170137-711276/cases/panino-lnp-agile/26_FO_FARMLAND/p001
panino-lnp-agile,27_FO_SAILING,p001.pddl,dry-run,true,,0,,,,not-run,results/smoke/all-numeric-planners-smoke-20260907-170137-711276/cases/panino-lnp-agile/27_FO_SAILING/p001
panino-lnp-agile,28_HYDROPOWER,p001.pddl,dry-run,true,,0,,,,not-run,results/smoke/all-numeric-planners-smoke-20260907-170137-711276/cases/panino-lnp-agile/28_HYDROPOWER/p001
panino-lnp-agile,29_MARKETTRADER,p001.pddl,dry-run,true,,0,,,,not-run,results/smoke/all-numeric-planners-smoke-20260907-170137-711276/cases/panino-lnp-agile/29_MARKETTRADER/p001
panino-lnp-agile,30_MPRIME,p001.pddl,dry-run,true,,0,,,,not-run,results/smoke/all-numeric-planners-smoke-20260907-170137-711276/cases/panino-lnp-agile/30_MPRIME/p001
panino-lnp-agile,31_PATHWAYSMETRIC,p001.pddl,dry-run,true,,0,,,,not-run,results/smoke/all-numeric-planners-smoke-20260907-170137-711276/cases/panino-lnp-agile/31_PATHWAYSMETRIC/p001
panino-lnp-agile,32_ROVER_IPC23,p001.pddl,dry-run,true,,0,,,,not-run,results/smoke/all-numeric-planners-smoke-20260907-170137-711276/cases/panino-lnp-agile/32_ROVER_IPC23/p001
panino-lnp-agile,33_SAILING,p001.pddl,dry-run,true,,0,,,,not-run,results/smoke/all-numeric-planners-smoke-20260907-170137-711276/cases/panino-lnp-agile/33_SAILING/p001
panino-lnp-agile,34_SETTLERSNUMERIC,p001.pddl,dry-run,true,,0,,,,not-run,results/smoke/all-numeric-planners-smoke-20260907-170137-711276/cases/panino-lnp-agile/34_SETTLERSNUMERIC/p001
panino-lnp-agile,35_SUGAR,p001.pddl,dry-run,true,,0,,,,not-run,results/smoke/all-numeric-planners-smoke-20260907-170137-711276/cases/panino-lnp-agile/35_SUGAR/p001
panino-lnp-agile,36_TPP,p001.pddl,dry-run,true,,0,,,,not-run,results/smoke/all-numeric-planners-smoke-20260907-170137-711276/cases/panino-lnp-agile/36_TPP/p001
panino-lnp-agile,37_ZENOTRAVEL,p001.pddl,dry-run,true,,0,,,,not-run,results/smoke/all-numeric-planners-smoke-20260907-170137-711276/cases/panino-lnp-agile/37_ZENOTRAVEL/p001
panino-lnp-agile,38_SETTLERS_IPC04,p001.pddl,dry-run,true,,0,,,,not-run,results/smoke/all-numeric-planners-smoke-20260907-170137-711276/cases/panino-lnp-agile/38_SETTLERS_IPC04/p001
panino-lnp-agile,39_PSR_LARGE_IPC04,p001.pddl,unsupported,false,,0,,,,not-run,results/smoke/all-numeric-planners-smoke-20260907-170137-711276/cases/panino-lnp-agile/39_PSR_LARGE_IPC04/p001
panino-lnp-sat,01_LOGISTIC,p001.pddl,dry-run,true,,0,,,,not-run,results/smoke/all-numeric-planners-smoke-20260907-170137-711276/cases/panino-lnp-sat/01_LOGISTIC/p001
panino-lnp-sat,02_LOGISTIC_NEW,p001.pddl,dry-run,true,,0,,,,not-run,results/smoke/all-numeric-planners-smoke-20260907-170137-711276/cases/panino-lnp-sat/02_LOGISTIC_NEW/p001
panino-lnp-sat,03_BLOCKSWORLD,p001.pddl,dry-run,true,,0,,,,not-run,results/smoke/all-numeric-planners-smoke-20260907-170137-711276/cases/panino-lnp-sat/03_BLOCKSWORLD/p001
panino-lnp-sat,04_ROVER_CHANGMIN,p001.pddl,dry-run,true,,0,,,,not-run,results/smoke/all-numeric-planners-smoke-20260907-170137-711276/cases/panino-lnp-sat/04_ROVER_CHANGMIN/p001
panino-lnp-sat,05_PIPESWORLD_STRIPS,p001.pddl,dry-run,true,,0,,,,not-run,results/smoke/all-numeric-planners-smoke-20260907-170137-711276/cases/panino-lnp-sat/05_PIPESWORLD_STRIPS/p001
panino-lnp-sat,06_TSP_NUMERIC,p001.pddl,dry-run,true,,0,,,,not-run,results/smoke/all-numeric-planners-smoke-20260907-170137-711276/cases/panino-lnp-sat/06_TSP_NUMERIC/p001
panino-lnp-sat,07_TSP_CONNECTED_NUMERIC,p001.pddl,dry-run,true,,0,,,,not-run,results/smoke/all-numeric-planners-smoke-20260907-170137-711276/cases/panino-lnp-sat/07_TSP_CONNECTED_NUMERIC/p001
panino-lnp-sat,08_RAILWAYS_SIMPLE,p001.pddl,unsupported,false,,0,,,,not-run,results/smoke/all-numeric-planners-smoke-20260907-170137-711276/cases/panino-lnp-sat/08_RAILWAYS_SIMPLE/p001
panino-lnp-sat,09_WATERING,p001.pddl,dry-run,true,,0,,,,not-run,results/smoke/all-numeric-planners-smoke-20260907-170137-711276/cases/panino-lnp-sat/09_WATERING/p001
panino-lnp-sat,10_EIGHT_PUZZLE,p001.pddl,dry-run,true,,0,,,,not-run,results/smoke/all-numeric-planners-smoke-20260907-170137-711276/cases/panino-lnp-sat/10_EIGHT_PUZZLE/p001
panino-lnp-sat,11_SEEDSET,p001.pddl,dry-run,true,,0,,,,not-run,results/smoke/all-numeric-planners-smoke-20260907-170137-711276/cases/panino-lnp-sat/11_SEEDSET/p001
panino-lnp-sat,12_BOOKNEW,p001.pddl,dry-run,true,,0,,,,not-run,results/smoke/all-numeric-planners-smoke-20260907-170137-711276/cases/panino-lnp-sat/12_BOOKNEW/p001
panino-lnp-sat,13_GROUNDED_TRUCKS,p001.pddl,dry-run,true,,0,,,,not-run,results/smoke/all-numeric-planners-smoke-20260907-170137-711276/cases/panino-lnp-sat/13_GROUNDED_TRUCKS/p001
panino-lnp-sat,14_DESIRE,p001.pddl,dry-run,true,,0,,,,not-run,results/smoke/all-numeric-planners-smoke-20260907-170137-711276/cases/panino-lnp-sat/14_DESIRE/p001
panino-lnp-sat,15_ISSUE49,p001.pddl,dry-run,true,,0,,,,not-run,results/smoke/all-numeric-planners-smoke-20260907-170137-711276/cases/panino-lnp-sat/15_ISSUE49/p001
panino-lnp-sat,16_TEST1,p001.pddl,dry-run,true,,0,,,,not-run,results/smoke/all-numeric-planners-smoke-20260907-170137-711276/cases/panino-lnp-sat/16_TEST1/p001
panino-lnp-sat,17_SATELLITE,p001.pddl,dry-run,true,,0,,,,not-run,results/smoke/all-numeric-planners-smoke-20260907-170137-711276/cases/panino-lnp-sat/17_SATELLITE/p001
panino-lnp-sat,18_BLOCK_GROUPING,p001.pddl,dry-run,true,,0,,,,not-run,results/smoke/all-numeric-planners-smoke-20260907-170137-711276/cases/panino-lnp-sat/18_BLOCK_GROUPING/p001
panino-lnp-sat,19_COUNTERS,p001.pddl,dry-run,true,,0,,,,not-run,results/smoke/all-numeric-planners-smoke-20260907-170137-711276/cases/panino-lnp-sat/19_COUNTERS/p001
panino-lnp-sat,20_DELIVERY,p001.pddl,dry-run,true,,0,,,,not-run,results/smoke/all-numeric-planners-smoke-20260907-170137-711276/cases/panino-lnp-sat/20_DELIVERY/p001
panino-lnp-sat,21_DRONE,p001.pddl,dry-run,true,,0,,,,not-run,results/smoke/all-numeric-planners-smoke-20260907-170137-711276/cases/panino-lnp-sat/21_DRONE/p001
panino-lnp-sat,22_EXPEDITION,p001.pddl,dry-run,true,,0,,,,not-run,results/smoke/all-numeric-planners-smoke-20260907-170137-711276/cases/panino-lnp-sat/22_EXPEDITION/p001
panino-lnp-sat,23_EXT_PLANT_WATERING,p001.pddl,dry-run,true,,0,,,,not-run,results/smoke/all-numeric-planners-smoke-20260907-170137-711276/cases/panino-lnp-sat/23_EXT_PLANT_WATERING/p001
panino-lnp-sat,24_FARMLAND,p001.pddl,dry-run,true,,0,,,,not-run,results/smoke/all-numeric-planners-smoke-20260907-170137-711276/cases/panino-lnp-sat/24_FARMLAND/p001
panino-lnp-sat,25_FO_COUNTERS,p001.pddl,dry-run,true,,0,,,,not-run,results/smoke/all-numeric-planners-smoke-20260907-170137-711276/cases/panino-lnp-sat/25_FO_COUNTERS/p001
panino-lnp-sat,26_FO_FARMLAND,p001.pddl,dry-run,true,,0,,,,not-run,results/smoke/all-numeric-planners-smoke-20260907-170137-711276/cases/panino-lnp-sat/26_FO_FARMLAND/p001
panino-lnp-sat,27_FO_SAILING,p001.pddl,dry-run,true,,0,,,,not-run,results/smoke/all-numeric-planners-smoke-20260907-170137-711276/cases/panino-lnp-sat/27_FO_SAILING/p001
panino-lnp-sat,28_HYDROPOWER,p001.pddl,dry-run,true,,0,,,,not-run,results/smoke/all-numeric-planners-smoke-20260907-170137-711276/cases/panino-lnp-sat/28_HYDROPOWER/p001
panino-lnp-sat,29_MARKETTRADER,p001.pddl,dry-run,true,,0,,,,not-run,results/smoke/all-numeric-planners-smoke-20260907-170137-711276/cases/panino-lnp-sat/29_MARKETTRADER/p001
panino-lnp-sat,30_MPRIME,p001.pddl,dry-run,true,,0,,,,not-run,results/smoke/all-numeric-planners-smoke-20260907-170137-711276/cases/panino-lnp-sat/30_MPRIME/p001
panino-lnp-sat,31_PATHWAYSMETRIC,p001.pddl,dry-run,true,,0,,,,not-run,results/smoke/all-numeric-planners-smoke-20260907-170137-711276/cases/panino-lnp-sat/31_PATHWAYSMETRIC/p001
panino-lnp-sat,32_ROVER_IPC23,p001.pddl,dry-run,true,,0,,,,not-run,results/smoke/all-numeric-planners-smoke-20260907-170137-711276/cases/panino-lnp-sat/32_ROVER_IPC23/p001
panino-lnp-sat,33_SAILING,p001.pddl,dry-run,true,,0,,,,not-run,results/smoke/all-numeric-planners-smoke-20260907-170137-711276/cases/panino-lnp-sat/33_SAILING/p001
panino-lnp-sat,34_SETTLERSNUMERIC,p001.pddl,dry-run,true,,0,,,,not-run,results/smoke/all-numeric-planners-smoke-20260907-170137-711276/cases/panino-lnp-sat/34_SETTLERSNUMERIC/p001
panino-lnp-sat,35_SUGAR,p001.pddl,dry-run,true,,0,,,,not-run,results/smoke/all-numeric-planners-smoke-20260907-170137-711276/cases/panino-lnp-sat/35_SUGAR/p001
panino-lnp-sat,36_TPP,p001.pddl,dry-run,true,,0,,,,not-run,results/smoke/all-numeric-planners-smoke-20260907-170137-711276/cases/panino-lnp-sat/36_TPP/p001
panino-lnp-sat,37_ZENOTRAVEL,p001.pddl,dry-run,true,,0,,,,not-run,results/smoke/all-numeric-planners-smoke-20260907-170137-711276/cases/panino-lnp-sat/37_ZENOTRAVEL/p001
panino-lnp-sat,38_SETTLERS_IPC04,p001.pddl,dry-run,true,,0,,,,not-run,results/smoke/all-numeric-planners-smoke-20260907-170137-711276/cases/panino-lnp-sat/38_SETTLERS_IPC04/p001
panino-lnp-sat,39_PSR_LARGE_IPC04,p001.pddl,unsupported,false,,0,,,,not-run,results/smoke/all-numeric-planners-smoke-20260907-170137-711276/cases/panino-lnp-sat/39_PSR_LARGE_IPC04/p001
pattint-bitwuzla,01_LOGISTIC,p001.pddl,dry-run,true,,0,,,,not-run,results/smoke/all-numeric-planners-smoke-20260907-170137-711276/cases/pattint-bitwuzla/01_LOGISTIC/p001
pattint-bitwuzla,02_LOGISTIC_NEW,p001.pddl,dry-run,true,,0,,,,not-run,results/smoke/all-numeric-planners-smoke-20260907-170137-711276/cases/pattint-bitwuzla/02_LOGISTIC_NEW/p001
pattint-bitwuzla,03_BLOCKSWORLD,p001.pddl,dry-run,true,,0,,,,not-run,results/smoke/all-numeric-planners-smoke-20260907-170137-711276/cases/pattint-bitwuzla/03_BLOCKSWORLD/p001
pattint-bitwuzla,04_ROVER_CHANGMIN,p001.pddl,dry-run,true,,0,,,,not-run,results/smoke/all-numeric-planners-smoke-20260907-170137-711276/cases/pattint-bitwuzla/04_ROVER_CHANGMIN/p001
pattint-bitwuzla,05_PIPESWORLD_STRIPS,p001.pddl,dry-run,true,,0,,,,not-run,results/smoke/all-numeric-planners-smoke-20260907-170137-711276/cases/pattint-bitwuzla/05_PIPESWORLD_STRIPS/p001
pattint-bitwuzla,06_TSP_NUMERIC,p001.pddl,dry-run,true,,0,,,,not-run,results/smoke/all-numeric-planners-smoke-20260907-170137-711276/cases/pattint-bitwuzla/06_TSP_NUMERIC/p001
pattint-bitwuzla,07_TSP_CONNECTED_NUMERIC,p001.pddl,dry-run,true,,0,,,,not-run,results/smoke/all-numeric-planners-smoke-20260907-170137-711276/cases/pattint-bitwuzla/07_TSP_CONNECTED_NUMERIC/p001
pattint-bitwuzla,08_RAILWAYS_SIMPLE,p001.pddl,unsupported,false,,0,,,,not-run,results/smoke/all-numeric-planners-smoke-20260907-170137-711276/cases/pattint-bitwuzla/08_RAILWAYS_SIMPLE/p001
pattint-bitwuzla,09_WATERING,p001.pddl,dry-run,true,,0,,,,not-run,results/smoke/all-numeric-planners-smoke-20260907-170137-711276/cases/pattint-bitwuzla/09_WATERING/p001
pattint-bitwuzla,10_EIGHT_PUZZLE,p001.pddl,dry-run,true,,0,,,,not-run,results/smoke/all-numeric-planners-smoke-20260907-170137-711276/cases/pattint-bitwuzla/10_EIGHT_PUZZLE/p001
pattint-bitwuzla,11_SEEDSET,p001.pddl,dry-run,true,,0,,,,not-run,results/smoke/all-numeric-planners-smoke-20260907-170137-711276/cases/pattint-bitwuzla/11_SEEDSET/p001
pattint-bitwuzla,12_BOOKNEW,p001.pddl,dry-run,true,,0,,,,not-run,results/smoke/all-numeric-planners-smoke-20260907-170137-711276/cases/pattint-bitwuzla/12_BOOKNEW/p001
pattint-bitwuzla,13_GROUNDED_TRUCKS,p001.pddl,dry-run,true,,0,,,,not-run,results/smoke/all-numeric-planners-smoke-20260907-170137-711276/cases/pattint-bitwuzla/13_GROUNDED_TRUCKS/p001
pattint-bitwuzla,14_DESIRE,p001.pddl,dry-run,true,,0,,,,not-run,results/smoke/all-numeric-planners-smoke-20260907-170137-711276/cases/pattint-bitwuzla/14_DESIRE/p001
pattint-bitwuzla,15_ISSUE49,p001.pddl,dry-run,true,,0,,,,not-run,results/smoke/all-numeric-planners-smoke-20260907-170137-711276/cases/pattint-bitwuzla/15_ISSUE49/p001
pattint-bitwuzla,16_TEST1,p001.pddl,dry-run,true,,0,,,,not-run,results/smoke/all-numeric-planners-smoke-20260907-170137-711276/cases/pattint-bitwuzla/16_TEST1/p001
pattint-bitwuzla,17_SATELLITE,p001.pddl,dry-run,true,,0,,,,not-run,results/smoke/all-numeric-planners-smoke-20260907-170137-711276/cases/pattint-bitwuzla/17_SATELLITE/p001
pattint-bitwuzla,18_BLOCK_GROUPING,p001.pddl,unsupported,false,,0,,,,not-run,results/smoke/all-numeric-planners-smoke-20260907-170137-711276/cases/pattint-bitwuzla/18_BLOCK_GROUPING/p001
pattint-bitwuzla,19_COUNTERS,p001.pddl,dry-run,true,,0,,,,not-run,results/smoke/all-numeric-planners-smoke-20260907-170137-711276/cases/pattint-bitwuzla/19_COUNTERS/p001
pattint-bitwuzla,20_DELIVERY,p001.pddl,dry-run,true,,0,,,,not-run,results/smoke/all-numeric-planners-smoke-20260907-170137-711276/cases/pattint-bitwuzla/20_DELIVERY/p001
pattint-bitwuzla,21_DRONE,p001.pddl,dry-run,true,,0,,,,not-run,results/smoke/all-numeric-planners-smoke-20260907-170137-711276/cases/pattint-bitwuzla/21_DRONE/p001
pattint-bitwuzla,22_EXPEDITION,p001.pddl,dry-run,true,,0,,,,not-run,results/smoke/all-numeric-planners-smoke-20260907-170137-711276/cases/pattint-bitwuzla/22_EXPEDITION/p001
pattint-bitwuzla,23_EXT_PLANT_WATERING,p001.pddl,dry-run,true,,0,,,,not-run,results/smoke/all-numeric-planners-smoke-20260907-170137-711276/cases/pattint-bitwuzla/23_EXT_PLANT_WATERING/p001
pattint-bitwuzla,24_FARMLAND,p001.pddl,dry-run,true,,0,,,,not-run,results/smoke/all-numeric-planners-smoke-20260907-170137-711276/cases/pattint-bitwuzla/24_FARMLAND/p001
pattint-bitwuzla,25_FO_COUNTERS,p001.pddl,dry-run,true,,0,,,,not-run,results/smoke/all-numeric-planners-smoke-20260907-170137-711276/cases/pattint-bitwuzla/25_FO_COUNTERS/p001
pattint-bitwuzla,26_FO_FARMLAND,p001.pddl,unsupported,false,,0,,,,not-run,results/smoke/all-numeric-planners-smoke-20260907-170137-711276/cases/pattint-bitwuzla/26_FO_FARMLAND/p001
pattint-bitwuzla,27_FO_SAILING,p001.pddl,dry-run,true,,0,,,,not-run,results/smoke/all-numeric-planners-smoke-20260907-170137-711276/cases/pattint-bitwuzla/27_FO_SAILING/p001
pattint-bitwuzla,28_HYDROPOWER,p001.pddl,dry-run,true,,0,,,,not-run,results/smoke/all-numeric-planners-smoke-20260907-170137-711276/cases/pattint-bitwuzla/28_HYDROPOWER/p001
pattint-bitwuzla,29_MARKETTRADER,p001.pddl,dry-run,true,,0,,,,not-run,results/smoke/all-numeric-planners-smoke-20260907-170137-711276/cases/pattint-bitwuzla/29_MARKETTRADER/p001
pattint-bitwuzla,30_MPRIME,p001.pddl,dry-run,true,,0,,,,not-run,results/smoke/all-numeric-planners-smoke-20260907-170137-711276/cases/pattint-bitwuzla/30_MPRIME/p001
pattint-bitwuzla,31_PATHWAYSMETRIC,p001.pddl,dry-run,true,,0,,,,not-run,results/smoke/all-numeric-planners-smoke-20260907-170137-711276/cases/pattint-bitwuzla/31_PATHWAYSMETRIC/p001
pattint-bitwuzla,32_ROVER_IPC23,p001.pddl,dry-run,true,,0,,,,not-run,results/smoke/all-numeric-planners-smoke-20260907-170137-711276/cases/pattint-bitwuzla/32_ROVER_IPC23/p001
pattint-bitwuzla,33_SAILING,p001.pddl,dry-run,true,,0,,,,not-run,results/smoke/all-numeric-planners-smoke-20260907-170137-711276/cases/pattint-bitwuzla/33_SAILING/p001
pattint-bitwuzla,34_SETTLERSNUMERIC,p001.pddl,unsupported,false,,0,,,,not-run,results/smoke/all-numeric-planners-smoke-20260907-170137-711276/cases/pattint-bitwuzla/34_SETTLERSNUMERIC/p001
pattint-bitwuzla,35_SUGAR,p001.pddl,dry-run,true,,0,,,,not-run,results/smoke/all-numeric-planners-smoke-20260907-170137-711276/cases/pattint-bitwuzla/35_SUGAR/p001
pattint-bitwuzla,36_TPP,p001.pddl,dry-run,true,,0,,,,not-run,results/smoke/all-numeric-planners-smoke-20260907-170137-711276/cases/pattint-bitwuzla/36_TPP/p001
pattint-bitwuzla,37_ZENOTRAVEL,p001.pddl,dry-run,true,,0,,,,not-run,results/smoke/all-numeric-planners-smoke-20260907-170137-711276/cases/pattint-bitwuzla/37_ZENOTRAVEL/p001
pattint-bitwuzla,38_SETTLERS_IPC04,p001.pddl,unsupported,false,,0,,,,not-run,results/smoke/all-numeric-planners-smoke-20260907-170137-711276/cases/pattint-bitwuzla/38_SETTLERS_IPC04/p001
pattint-bitwuzla,39_PSR_LARGE_IPC04,p001.pddl,unsupported,false,,0,,,,not-run,results/smoke/all-numeric-planners-smoke-20260907-170137-711276/cases/pattint-bitwuzla/39_PSR_LARGE_IPC04/p001
patty,01_LOGISTIC,p001.pddl,dry-run,true,,0,,,,not-run,results/smoke/all-numeric-planners-smoke-20260907-170137-711276/cases/patty/01_LOGISTIC/p001
patty,02_LOGISTIC_NEW,p001.pddl,dry-run,true,,0,,,,not-run,results/smoke/all-numeric-planners-smoke-20260907-170137-711276/cases/patty/02_LOGISTIC_NEW/p001
patty,03_BLOCKSWORLD,p001.pddl,dry-run,true,,0,,,,not-run,results/smoke/all-numeric-planners-smoke-20260907-170137-711276/cases/patty/03_BLOCKSWORLD/p001
patty,04_ROVER_CHANGMIN,p001.pddl,dry-run,true,,0,,,,not-run,results/smoke/all-numeric-planners-smoke-20260907-170137-711276/cases/patty/04_ROVER_CHANGMIN/p001
patty,05_PIPESWORLD_STRIPS,p001.pddl,dry-run,true,,0,,,,not-run,results/smoke/all-numeric-planners-smoke-20260907-170137-711276/cases/patty/05_PIPESWORLD_STRIPS/p001
patty,06_TSP_NUMERIC,p001.pddl,dry-run,true,,0,,,,not-run,results/smoke/all-numeric-planners-smoke-20260907-170137-711276/cases/patty/06_TSP_NUMERIC/p001
patty,07_TSP_CONNECTED_NUMERIC,p001.pddl,dry-run,true,,0,,,,not-run,results/smoke/all-numeric-planners-smoke-20260907-170137-711276/cases/patty/07_TSP_CONNECTED_NUMERIC/p001
patty,08_RAILWAYS_SIMPLE,p001.pddl,unsupported,false,,0,,,,not-run,results/smoke/all-numeric-planners-smoke-20260907-170137-711276/cases/patty/08_RAILWAYS_SIMPLE/p001
patty,09_WATERING,p001.pddl,dry-run,true,,0,,,,not-run,results/smoke/all-numeric-planners-smoke-20260907-170137-711276/cases/patty/09_WATERING/p001
patty,10_EIGHT_PUZZLE,p001.pddl,dry-run,true,,0,,,,not-run,results/smoke/all-numeric-planners-smoke-20260907-170137-711276/cases/patty/10_EIGHT_PUZZLE/p001
patty,11_SEEDSET,p001.pddl,dry-run,true,,0,,,,not-run,results/smoke/all-numeric-planners-smoke-20260907-170137-711276/cases/patty/11_SEEDSET/p001
patty,12_BOOKNEW,p001.pddl,dry-run,true,,0,,,,not-run,results/smoke/all-numeric-planners-smoke-20260907-170137-711276/cases/patty/12_BOOKNEW/p001
patty,13_GROUNDED_TRUCKS,p001.pddl,dry-run,true,,0,,,,not-run,results/smoke/all-numeric-planners-smoke-20260907-170137-711276/cases/patty/13_GROUNDED_TRUCKS/p001
patty,14_DESIRE,p001.pddl,dry-run,true,,0,,,,not-run,results/smoke/all-numeric-planners-smoke-20260907-170137-711276/cases/patty/14_DESIRE/p001
patty,15_ISSUE49,p001.pddl,dry-run,true,,0,,,,not-run,results/smoke/all-numeric-planners-smoke-20260907-170137-711276/cases/patty/15_ISSUE49/p001
patty,16_TEST1,p001.pddl,dry-run,true,,0,,,,not-run,results/smoke/all-numeric-planners-smoke-20260907-170137-711276/cases/patty/16_TEST1/p001
patty,17_SATELLITE,p001.pddl,dry-run,true,,0,,,,not-run,results/smoke/all-numeric-planners-smoke-20260907-170137-711276/cases/patty/17_SATELLITE/p001
patty,18_BLOCK_GROUPING,p001.pddl,unsupported,false,,0,,,,not-run,results/smoke/all-numeric-planners-smoke-20260907-170137-711276/cases/patty/18_BLOCK_GROUPING/p001
patty,19_COUNTERS,p001.pddl,dry-run,true,,0,,,,not-run,results/smoke/all-numeric-planners-smoke-20260907-170137-711276/cases/patty/19_COUNTERS/p001
patty,20_DELIVERY,p001.pddl,dry-run,true,,0,,,,not-run,results/smoke/all-numeric-planners-smoke-20260907-170137-711276/cases/patty/20_DELIVERY/p001
patty,21_DRONE,p001.pddl,dry-run,true,,0,,,,not-run,results/smoke/all-numeric-planners-smoke-20260907-170137-711276/cases/patty/21_DRONE/p001
patty,22_EXPEDITION,p001.pddl,dry-run,true,,0,,,,not-run,results/smoke/all-numeric-planners-smoke-20260907-170137-711276/cases/patty/22_EXPEDITION/p001
patty,23_EXT_PLANT_WATERING,p001.pddl,dry-run,true,,0,,,,not-run,results/smoke/all-numeric-planners-smoke-20260907-170137-711276/cases/patty/23_EXT_PLANT_WATERING/p001
patty,24_FARMLAND,p001.pddl,dry-run,true,,0,,,,not-run,results/smoke/all-numeric-planners-smoke-20260907-170137-711276/cases/patty/24_FARMLAND/p001
patty,25_FO_COUNTERS,p001.pddl,dry-run,true,,0,,,,not-run,results/smoke/all-numeric-planners-smoke-20260907-170137-711276/cases/patty/25_FO_COUNTERS/p001
patty,26_FO_FARMLAND,p001.pddl,unsupported,false,,0,,,,not-run,results/smoke/all-numeric-planners-smoke-20260907-170137-711276/cases/patty/26_FO_FARMLAND/p001
patty,27_FO_SAILING,p001.pddl,dry-run,true,,0,,,,not-run,results/smoke/all-numeric-planners-smoke-20260907-170137-711276/cases/patty/27_FO_SAILING/p001
patty,28_HYDROPOWER,p001.pddl,dry-run,true,,0,,,,not-run,results/smoke/all-numeric-planners-smoke-20260907-170137-711276/cases/patty/28_HYDROPOWER/p001
patty,29_MARKETTRADER,p001.pddl,dry-run,true,,0,,,,not-run,results/smoke/all-numeric-planners-smoke-20260907-170137-711276/cases/patty/29_MARKETTRADER/p001
patty,30_MPRIME,p001.pddl,dry-run,true,,0,,,,not-run,results/smoke/all-numeric-planners-smoke-20260907-170137-711276/cases/patty/30_MPRIME/p001
patty,31_PATHWAYSMETRIC,p001.pddl,dry-run,true,,0,,,,not-run,results/smoke/all-numeric-planners-smoke-20260907-170137-711276/cases/patty/31_PATHWAYSMETRIC/p001
patty,32_ROVER_IPC23,p001.pddl,dry-run,true,,0,,,,not-run,results/smoke/all-numeric-planners-smoke-20260907-170137-711276/cases/patty/32_ROVER_IPC23/p001
patty,33_SAILING,p001.pddl,dry-run,true,,0,,,,not-run,results/smoke/all-numeric-planners-smoke-20260907-170137-711276/cases/patty/33_SAILING/p001
patty,34_SETTLERSNUMERIC,p001.pddl,unsupported,false,,0,,,,not-run,results/smoke/all-numeric-planners-smoke-20260907-170137-711276/cases/patty/34_SETTLERSNUMERIC/p001
patty,35_SUGAR,p001.pddl,dry-run,true,,0,,,,not-run,results/smoke/all-numeric-planners-smoke-20260907-170137-711276/cases/patty/35_SUGAR/p001
patty,36_TPP,p001.pddl,dry-run,true,,0,,,,not-run,results/smoke/all-numeric-planners-smoke-20260907-170137-711276/cases/patty/36_TPP/p001
patty,37_ZENOTRAVEL,p001.pddl,dry-run,true,,0,,,,not-run,results/smoke/all-numeric-planners-smoke-20260907-170137-711276/cases/patty/37_ZENOTRAVEL/p001
patty,38_SETTLERS_IPC04,p001.pddl,unsupported,false,,0,,,,not-run,results/smoke/all-numeric-planners-smoke-20260907-170137-711276/cases/patty/38_SETTLERS_IPC04/p001
patty,39_PSR_LARGE_IPC04,p001.pddl,unsupported,false,,0,,,,not-run,results/smoke/all-numeric-planners-smoke-20260907-170137-711276/cases/patty/39_PSR_LARGE_IPC04/p001
patty-ipc2026-agile-1,01_LOGISTIC,p001.pddl,dry-run,true,,0,,,,not-run,results/smoke/all-numeric-planners-smoke-20260907-170137-711276/cases/patty-ipc2026-agile-1/01_LOGISTIC/p001
patty-ipc2026-agile-1,02_LOGISTIC_NEW,p001.pddl,dry-run,true,,0,,,,not-run,results/smoke/all-numeric-planners-smoke-20260907-170137-711276/cases/patty-ipc2026-agile-1/02_LOGISTIC_NEW/p001
patty-ipc2026-agile-1,03_BLOCKSWORLD,p001.pddl,dry-run,true,,0,,,,not-run,results/smoke/all-numeric-planners-smoke-20260907-170137-711276/cases/patty-ipc2026-agile-1/03_BLOCKSWORLD/p001
patty-ipc2026-agile-1,04_ROVER_CHANGMIN,p001.pddl,dry-run,true,,0,,,,not-run,results/smoke/all-numeric-planners-smoke-20260907-170137-711276/cases/patty-ipc2026-agile-1/04_ROVER_CHANGMIN/p001
patty-ipc2026-agile-1,05_PIPESWORLD_STRIPS,p001.pddl,dry-run,true,,0,,,,not-run,results/smoke/all-numeric-planners-smoke-20260907-170137-711276/cases/patty-ipc2026-agile-1/05_PIPESWORLD_STRIPS/p001
patty-ipc2026-agile-1,06_TSP_NUMERIC,p001.pddl,dry-run,true,,0,,,,not-run,results/smoke/all-numeric-planners-smoke-20260907-170137-711276/cases/patty-ipc2026-agile-1/06_TSP_NUMERIC/p001
patty-ipc2026-agile-1,07_TSP_CONNECTED_NUMERIC,p001.pddl,dry-run,true,,0,,,,not-run,results/smoke/all-numeric-planners-smoke-20260907-170137-711276/cases/patty-ipc2026-agile-1/07_TSP_CONNECTED_NUMERIC/p001
patty-ipc2026-agile-1,08_RAILWAYS_SIMPLE,p001.pddl,unsupported,false,,0,,,,not-run,results/smoke/all-numeric-planners-smoke-20260907-170137-711276/cases/patty-ipc2026-agile-1/08_RAILWAYS_SIMPLE/p001
patty-ipc2026-agile-1,09_WATERING,p001.pddl,dry-run,true,,0,,,,not-run,results/smoke/all-numeric-planners-smoke-20260907-170137-711276/cases/patty-ipc2026-agile-1/09_WATERING/p001
patty-ipc2026-agile-1,10_EIGHT_PUZZLE,p001.pddl,dry-run,true,,0,,,,not-run,results/smoke/all-numeric-planners-smoke-20260907-170137-711276/cases/patty-ipc2026-agile-1/10_EIGHT_PUZZLE/p001
patty-ipc2026-agile-1,11_SEEDSET,p001.pddl,dry-run,true,,0,,,,not-run,results/smoke/all-numeric-planners-smoke-20260907-170137-711276/cases/patty-ipc2026-agile-1/11_SEEDSET/p001
patty-ipc2026-agile-1,12_BOOKNEW,p001.pddl,dry-run,true,,0,,,,not-run,results/smoke/all-numeric-planners-smoke-20260907-170137-711276/cases/patty-ipc2026-agile-1/12_BOOKNEW/p001
patty-ipc2026-agile-1,13_GROUNDED_TRUCKS,p001.pddl,dry-run,true,,0,,,,not-run,results/smoke/all-numeric-planners-smoke-20260907-170137-711276/cases/patty-ipc2026-agile-1/13_GROUNDED_TRUCKS/p001
patty-ipc2026-agile-1,14_DESIRE,p001.pddl,dry-run,true,,0,,,,not-run,results/smoke/all-numeric-planners-smoke-20260907-170137-711276/cases/patty-ipc2026-agile-1/14_DESIRE/p001
patty-ipc2026-agile-1,15_ISSUE49,p001.pddl,dry-run,true,,0,,,,not-run,results/smoke/all-numeric-planners-smoke-20260907-170137-711276/cases/patty-ipc2026-agile-1/15_ISSUE49/p001
patty-ipc2026-agile-1,16_TEST1,p001.pddl,dry-run,true,,0,,,,not-run,results/smoke/all-numeric-planners-smoke-20260907-170137-711276/cases/patty-ipc2026-agile-1/16_TEST1/p001
patty-ipc2026-agile-1,17_SATELLITE,p001.pddl,dry-run,true,,0,,,,not-run,results/smoke/all-numeric-planners-smoke-20260907-170137-711276/cases/patty-ipc2026-agile-1/17_SATELLITE/p001
patty-ipc2026-agile-1,18_BLOCK_GROUPING,p001.pddl,dry-run,true,,0,,,,not-run,results/smoke/all-numeric-planners-smoke-20260907-170137-711276/cases/patty-ipc2026-agile-1/18_BLOCK_GROUPING/p001
patty-ipc2026-agile-1,19_COUNTERS,p001.pddl,dry-run,true,,0,,,,not-run,results/smoke/all-numeric-planners-smoke-20260907-170137-711276/cases/patty-ipc2026-agile-1/19_COUNTERS/p001
patty-ipc2026-agile-1,20_DELIVERY,p001.pddl,dry-run,true,,0,,,,not-run,results/smoke/all-numeric-planners-smoke-20260907-170137-711276/cases/patty-ipc2026-agile-1/20_DELIVERY/p001
patty-ipc2026-agile-1,21_DRONE,p001.pddl,dry-run,true,,0,,,,not-run,results/smoke/all-numeric-planners-smoke-20260907-170137-711276/cases/patty-ipc2026-agile-1/21_DRONE/p001
patty-ipc2026-agile-1,22_EXPEDITION,p001.pddl,dry-run,true,,0,,,,not-run,results/smoke/all-numeric-planners-smoke-20260907-170137-711276/cases/patty-ipc2026-agile-1/22_EXPEDITION/p001
patty-ipc2026-agile-1,23_EXT_PLANT_WATERING,p001.pddl,dry-run,true,,0,,,,not-run,results/smoke/all-numeric-planners-smoke-20260907-170137-711276/cases/patty-ipc2026-agile-1/23_EXT_PLANT_WATERING/p001
patty-ipc2026-agile-1,24_FARMLAND,p001.pddl,dry-run,true,,0,,,,not-run,results/smoke/all-numeric-planners-smoke-20260907-170137-711276/cases/patty-ipc2026-agile-1/24_FARMLAND/p001
patty-ipc2026-agile-1,25_FO_COUNTERS,p001.pddl,dry-run,true,,0,,,,not-run,results/smoke/all-numeric-planners-smoke-20260907-170137-711276/cases/patty-ipc2026-agile-1/25_FO_COUNTERS/p001
patty-ipc2026-agile-1,26_FO_FARMLAND,p001.pddl,dry-run,true,,0,,,,not-run,results/smoke/all-numeric-planners-smoke-20260907-170137-711276/cases/patty-ipc2026-agile-1/26_FO_FARMLAND/p001
patty-ipc2026-agile-1,27_FO_SAILING,p001.pddl,dry-run,true,,0,,,,not-run,results/smoke/all-numeric-planners-smoke-20260907-170137-711276/cases/patty-ipc2026-agile-1/27_FO_SAILING/p001
patty-ipc2026-agile-1,28_HYDROPOWER,p001.pddl,dry-run,true,,0,,,,not-run,results/smoke/all-numeric-planners-smoke-20260907-170137-711276/cases/patty-ipc2026-agile-1/28_HYDROPOWER/p001
patty-ipc2026-agile-1,29_MARKETTRADER,p001.pddl,dry-run,true,,0,,,,not-run,results/smoke/all-numeric-planners-smoke-20260907-170137-711276/cases/patty-ipc2026-agile-1/29_MARKETTRADER/p001
patty-ipc2026-agile-1,30_MPRIME,p001.pddl,dry-run,true,,0,,,,not-run,results/smoke/all-numeric-planners-smoke-20260907-170137-711276/cases/patty-ipc2026-agile-1/30_MPRIME/p001
patty-ipc2026-agile-1,31_PATHWAYSMETRIC,p001.pddl,dry-run,true,,0,,,,not-run,results/smoke/all-numeric-planners-smoke-20260907-170137-711276/cases/patty-ipc2026-agile-1/31_PATHWAYSMETRIC/p001
patty-ipc2026-agile-1,32_ROVER_IPC23,p001.pddl,dry-run,true,,0,,,,not-run,results/smoke/all-numeric-planners-smoke-20260907-170137-711276/cases/patty-ipc2026-agile-1/32_ROVER_IPC23/p001
patty-ipc2026-agile-1,33_SAILING,p001.pddl,dry-run,true,,0,,,,not-run,results/smoke/all-numeric-planners-smoke-20260907-170137-711276/cases/patty-ipc2026-agile-1/33_SAILING/p001
patty-ipc2026-agile-1,34_SETTLERSNUMERIC,p001.pddl,dry-run,true,,0,,,,not-run,results/smoke/all-numeric-planners-smoke-20260907-170137-711276/cases/patty-ipc2026-agile-1/34_SETTLERSNUMERIC/p001
patty-ipc2026-agile-1,35_SUGAR,p001.pddl,dry-run,true,,0,,,,not-run,results/smoke/all-numeric-planners-smoke-20260907-170137-711276/cases/patty-ipc2026-agile-1/35_SUGAR/p001
patty-ipc2026-agile-1,36_TPP,p001.pddl,dry-run,true,,0,,,,not-run,results/smoke/all-numeric-planners-smoke-20260907-170137-711276/cases/patty-ipc2026-agile-1/36_TPP/p001
patty-ipc2026-agile-1,37_ZENOTRAVEL,p001.pddl,dry-run,true,,0,,,,not-run,results/smoke/all-numeric-planners-smoke-20260907-170137-711276/cases/patty-ipc2026-agile-1/37_ZENOTRAVEL/p001
patty-ipc2026-agile-1,38_SETTLERS_IPC04,p001.pddl,dry-run,true,,0,,,,not-run,results/smoke/all-numeric-planners-smoke-20260907-170137-711276/cases/patty-ipc2026-agile-1/38_SETTLERS_IPC04/p001
patty-ipc2026-agile-1,39_PSR_LARGE_IPC04,p001.pddl,unsupported,false,,0,,,,not-run,results/smoke/all-numeric-planners-smoke-20260907-170137-711276/cases/patty-ipc2026-agile-1/39_PSR_LARGE_IPC04/p001
patty-ipc2026-agile-2,01_LOGISTIC,p001.pddl,dry-run,true,,0,,,,not-run,results/smoke/all-numeric-planners-smoke-20260907-170137-711276/cases/patty-ipc2026-agile-2/01_LOGISTIC/p001
patty-ipc2026-agile-2,02_LOGISTIC_NEW,p001.pddl,dry-run,true,,0,,,,not-run,results/smoke/all-numeric-planners-smoke-20260907-170137-711276/cases/patty-ipc2026-agile-2/02_LOGISTIC_NEW/p001
patty-ipc2026-agile-2,03_BLOCKSWORLD,p001.pddl,dry-run,true,,0,,,,not-run,results/smoke/all-numeric-planners-smoke-20260907-170137-711276/cases/patty-ipc2026-agile-2/03_BLOCKSWORLD/p001
patty-ipc2026-agile-2,04_ROVER_CHANGMIN,p001.pddl,dry-run,true,,0,,,,not-run,results/smoke/all-numeric-planners-smoke-20260907-170137-711276/cases/patty-ipc2026-agile-2/04_ROVER_CHANGMIN/p001
patty-ipc2026-agile-2,05_PIPESWORLD_STRIPS,p001.pddl,dry-run,true,,0,,,,not-run,results/smoke/all-numeric-planners-smoke-20260907-170137-711276/cases/patty-ipc2026-agile-2/05_PIPESWORLD_STRIPS/p001
patty-ipc2026-agile-2,06_TSP_NUMERIC,p001.pddl,dry-run,true,,0,,,,not-run,results/smoke/all-numeric-planners-smoke-20260907-170137-711276/cases/patty-ipc2026-agile-2/06_TSP_NUMERIC/p001
patty-ipc2026-agile-2,07_TSP_CONNECTED_NUMERIC,p001.pddl,dry-run,true,,0,,,,not-run,results/smoke/all-numeric-planners-smoke-20260907-170137-711276/cases/patty-ipc2026-agile-2/07_TSP_CONNECTED_NUMERIC/p001
patty-ipc2026-agile-2,08_RAILWAYS_SIMPLE,p001.pddl,unsupported,false,,0,,,,not-run,results/smoke/all-numeric-planners-smoke-20260907-170137-711276/cases/patty-ipc2026-agile-2/08_RAILWAYS_SIMPLE/p001
patty-ipc2026-agile-2,09_WATERING,p001.pddl,dry-run,true,,0,,,,not-run,results/smoke/all-numeric-planners-smoke-20260907-170137-711276/cases/patty-ipc2026-agile-2/09_WATERING/p001
patty-ipc2026-agile-2,10_EIGHT_PUZZLE,p001.pddl,dry-run,true,,0,,,,not-run,results/smoke/all-numeric-planners-smoke-20260907-170137-711276/cases/patty-ipc2026-agile-2/10_EIGHT_PUZZLE/p001
patty-ipc2026-agile-2,11_SEEDSET,p001.pddl,dry-run,true,,0,,,,not-run,results/smoke/all-numeric-planners-smoke-20260907-170137-711276/cases/patty-ipc2026-agile-2/11_SEEDSET/p001
patty-ipc2026-agile-2,12_BOOKNEW,p001.pddl,dry-run,true,,0,,,,not-run,results/smoke/all-numeric-planners-smoke-20260907-170137-711276/cases/patty-ipc2026-agile-2/12_BOOKNEW/p001
patty-ipc2026-agile-2,13_GROUNDED_TRUCKS,p001.pddl,dry-run,true,,0,,,,not-run,results/smoke/all-numeric-planners-smoke-20260907-170137-711276/cases/patty-ipc2026-agile-2/13_GROUNDED_TRUCKS/p001
patty-ipc2026-agile-2,14_DESIRE,p001.pddl,dry-run,true,,0,,,,not-run,results/smoke/all-numeric-planners-smoke-20260907-170137-711276/cases/patty-ipc2026-agile-2/14_DESIRE/p001
patty-ipc2026-agile-2,15_ISSUE49,p001.pddl,dry-run,true,,0,,,,not-run,results/smoke/all-numeric-planners-smoke-20260907-170137-711276/cases/patty-ipc2026-agile-2/15_ISSUE49/p001
patty-ipc2026-agile-2,16_TEST1,p001.pddl,dry-run,true,,0,,,,not-run,results/smoke/all-numeric-planners-smoke-20260907-170137-711276/cases/patty-ipc2026-agile-2/16_TEST1/p001
patty-ipc2026-agile-2,17_SATELLITE,p001.pddl,dry-run,true,,0,,,,not-run,results/smoke/all-numeric-planners-smoke-20260907-170137-711276/cases/patty-ipc2026-agile-2/17_SATELLITE/p001
patty-ipc2026-agile-2,18_BLOCK_GROUPING,p001.pddl,dry-run,true,,0,,,,not-run,results/smoke/all-numeric-planners-smoke-20260907-170137-711276/cases/patty-ipc2026-agile-2/18_BLOCK_GROUPING/p001
patty-ipc2026-agile-2,19_COUNTERS,p001.pddl,dry-run,true,,0,,,,not-run,results/smoke/all-numeric-planners-smoke-20260907-170137-711276/cases/patty-ipc2026-agile-2/19_COUNTERS/p001
patty-ipc2026-agile-2,20_DELIVERY,p001.pddl,dry-run,true,,0,,,,not-run,results/smoke/all-numeric-planners-smoke-20260907-170137-711276/cases/patty-ipc2026-agile-2/20_DELIVERY/p001
patty-ipc2026-agile-2,21_DRONE,p001.pddl,dry-run,true,,0,,,,not-run,results/smoke/all-numeric-planners-smoke-20260907-170137-711276/cases/patty-ipc2026-agile-2/21_DRONE/p001
patty-ipc2026-agile-2,22_EXPEDITION,p001.pddl,dry-run,true,,0,,,,not-run,results/smoke/all-numeric-planners-smoke-20260907-170137-711276/cases/patty-ipc2026-agile-2/22_EXPEDITION/p001
patty-ipc2026-agile-2,23_EXT_PLANT_WATERING,p001.pddl,dry-run,true,,0,,,,not-run,results/smoke/all-numeric-planners-smoke-20260907-170137-711276/cases/patty-ipc2026-agile-2/23_EXT_PLANT_WATERING/p001
patty-ipc2026-agile-2,24_FARMLAND,p001.pddl,dry-run,true,,0,,,,not-run,results/smoke/all-numeric-planners-smoke-20260907-170137-711276/cases/patty-ipc2026-agile-2/24_FARMLAND/p001
patty-ipc2026-agile-2,25_FO_COUNTERS,p001.pddl,dry-run,true,,0,,,,not-run,results/smoke/all-numeric-planners-smoke-20260907-170137-711276/cases/patty-ipc2026-agile-2/25_FO_COUNTERS/p001
patty-ipc2026-agile-2,26_FO_FARMLAND,p001.pddl,dry-run,true,,0,,,,not-run,results/smoke/all-numeric-planners-smoke-20260907-170137-711276/cases/patty-ipc2026-agile-2/26_FO_FARMLAND/p001
patty-ipc2026-agile-2,27_FO_SAILING,p001.pddl,dry-run,true,,0,,,,not-run,results/smoke/all-numeric-planners-smoke-20260907-170137-711276/cases/patty-ipc2026-agile-2/27_FO_SAILING/p001
patty-ipc2026-agile-2,28_HYDROPOWER,p001.pddl,dry-run,true,,0,,,,not-run,results/smoke/all-numeric-planners-smoke-20260907-170137-711276/cases/patty-ipc2026-agile-2/28_HYDROPOWER/p001
patty-ipc2026-agile-2,29_MARKETTRADER,p001.pddl,dry-run,true,,0,,,,not-run,results/smoke/all-numeric-planners-smoke-20260907-170137-711276/cases/patty-ipc2026-agile-2/29_MARKETTRADER/p001
patty-ipc2026-agile-2,30_MPRIME,p001.pddl,dry-run,true,,0,,,,not-run,results/smoke/all-numeric-planners-smoke-20260907-170137-711276/cases/patty-ipc2026-agile-2/30_MPRIME/p001
patty-ipc2026-agile-2,31_PATHWAYSMETRIC,p001.pddl,dry-run,true,,0,,,,not-run,results/smoke/all-numeric-planners-smoke-20260907-170137-711276/cases/patty-ipc2026-agile-2/31_PATHWAYSMETRIC/p001
patty-ipc2026-agile-2,32_ROVER_IPC23,p001.pddl,dry-run,true,,0,,,,not-run,results/smoke/all-numeric-planners-smoke-20260907-170137-711276/cases/patty-ipc2026-agile-2/32_ROVER_IPC23/p001
patty-ipc2026-agile-2,33_SAILING,p001.pddl,dry-run,true,,0,,,,not-run,results/smoke/all-numeric-planners-smoke-20260907-170137-711276/cases/patty-ipc2026-agile-2/33_SAILING/p001
patty-ipc2026-agile-2,34_SETTLERSNUMERIC,p001.pddl,dry-run,true,,0,,,,not-run,results/smoke/all-numeric-planners-smoke-20260907-170137-711276/cases/patty-ipc2026-agile-2/34_SETTLERSNUMERIC/p001
patty-ipc2026-agile-2,35_SUGAR,p001.pddl,dry-run,true,,0,,,,not-run,results/smoke/all-numeric-planners-smoke-20260907-170137-711276/cases/patty-ipc2026-agile-2/35_SUGAR/p001
patty-ipc2026-agile-2,36_TPP,p001.pddl,dry-run,true,,0,,,,not-run,results/smoke/all-numeric-planners-smoke-20260907-170137-711276/cases/patty-ipc2026-agile-2/36_TPP/p001
patty-ipc2026-agile-2,37_ZENOTRAVEL,p001.pddl,dry-run,true,,0,,,,not-run,results/smoke/all-numeric-planners-smoke-20260907-170137-711276/cases/patty-ipc2026-agile-2/37_ZENOTRAVEL/p001
patty-ipc2026-agile-2,38_SETTLERS_IPC04,p001.pddl,dry-run,true,,0,,,,not-run,results/smoke/all-numeric-planners-smoke-20260907-170137-711276/cases/patty-ipc2026-agile-2/38_SETTLERS_IPC04/p001
patty-ipc2026-agile-2,39_PSR_LARGE_IPC04,p001.pddl,unsupported,false,,0,,,,not-run,results/smoke/all-numeric-planners-smoke-20260907-170137-711276/cases/patty-ipc2026-agile-2/39_PSR_LARGE_IPC04/p001
patty-ipc2026-sat-1,01_LOGISTIC,p001.pddl,dry-run,true,,0,,,,not-run,results/smoke/all-numeric-planners-smoke-20260907-170137-711276/cases/patty-ipc2026-sat-1/01_LOGISTIC/p001
patty-ipc2026-sat-1,02_LOGISTIC_NEW,p001.pddl,dry-run,true,,0,,,,not-run,results/smoke/all-numeric-planners-smoke-20260907-170137-711276/cases/patty-ipc2026-sat-1/02_LOGISTIC_NEW/p001
patty-ipc2026-sat-1,03_BLOCKSWORLD,p001.pddl,dry-run,true,,0,,,,not-run,results/smoke/all-numeric-planners-smoke-20260907-170137-711276/cases/patty-ipc2026-sat-1/03_BLOCKSWORLD/p001
patty-ipc2026-sat-1,04_ROVER_CHANGMIN,p001.pddl,dry-run,true,,0,,,,not-run,results/smoke/all-numeric-planners-smoke-20260907-170137-711276/cases/patty-ipc2026-sat-1/04_ROVER_CHANGMIN/p001
patty-ipc2026-sat-1,05_PIPESWORLD_STRIPS,p001.pddl,dry-run,true,,0,,,,not-run,results/smoke/all-numeric-planners-smoke-20260907-170137-711276/cases/patty-ipc2026-sat-1/05_PIPESWORLD_STRIPS/p001
patty-ipc2026-sat-1,06_TSP_NUMERIC,p001.pddl,dry-run,true,,0,,,,not-run,results/smoke/all-numeric-planners-smoke-20260907-170137-711276/cases/patty-ipc2026-sat-1/06_TSP_NUMERIC/p001
patty-ipc2026-sat-1,07_TSP_CONNECTED_NUMERIC,p001.pddl,dry-run,true,,0,,,,not-run,results/smoke/all-numeric-planners-smoke-20260907-170137-711276/cases/patty-ipc2026-sat-1/07_TSP_CONNECTED_NUMERIC/p001
patty-ipc2026-sat-1,08_RAILWAYS_SIMPLE,p001.pddl,unsupported,false,,0,,,,not-run,results/smoke/all-numeric-planners-smoke-20260907-170137-711276/cases/patty-ipc2026-sat-1/08_RAILWAYS_SIMPLE/p001
patty-ipc2026-sat-1,09_WATERING,p001.pddl,dry-run,true,,0,,,,not-run,results/smoke/all-numeric-planners-smoke-20260907-170137-711276/cases/patty-ipc2026-sat-1/09_WATERING/p001
patty-ipc2026-sat-1,10_EIGHT_PUZZLE,p001.pddl,dry-run,true,,0,,,,not-run,results/smoke/all-numeric-planners-smoke-20260907-170137-711276/cases/patty-ipc2026-sat-1/10_EIGHT_PUZZLE/p001
patty-ipc2026-sat-1,11_SEEDSET,p001.pddl,dry-run,true,,0,,,,not-run,results/smoke/all-numeric-planners-smoke-20260907-170137-711276/cases/patty-ipc2026-sat-1/11_SEEDSET/p001
patty-ipc2026-sat-1,12_BOOKNEW,p001.pddl,dry-run,true,,0,,,,not-run,results/smoke/all-numeric-planners-smoke-20260907-170137-711276/cases/patty-ipc2026-sat-1/12_BOOKNEW/p001
patty-ipc2026-sat-1,13_GROUNDED_TRUCKS,p001.pddl,dry-run,true,,0,,,,not-run,results/smoke/all-numeric-planners-smoke-20260907-170137-711276/cases/patty-ipc2026-sat-1/13_GROUNDED_TRUCKS/p001
patty-ipc2026-sat-1,14_DESIRE,p001.pddl,dry-run,true,,0,,,,not-run,results/smoke/all-numeric-planners-smoke-20260907-170137-711276/cases/patty-ipc2026-sat-1/14_DESIRE/p001
patty-ipc2026-sat-1,15_ISSUE49,p001.pddl,dry-run,true,,0,,,,not-run,results/smoke/all-numeric-planners-smoke-20260907-170137-711276/cases/patty-ipc2026-sat-1/15_ISSUE49/p001
patty-ipc2026-sat-1,16_TEST1,p001.pddl,dry-run,true,,0,,,,not-run,results/smoke/all-numeric-planners-smoke-20260907-170137-711276/cases/patty-ipc2026-sat-1/16_TEST1/p001
patty-ipc2026-sat-1,17_SATELLITE,p001.pddl,dry-run,true,,0,,,,not-run,results/smoke/all-numeric-planners-smoke-20260907-170137-711276/cases/patty-ipc2026-sat-1/17_SATELLITE/p001
patty-ipc2026-sat-1,18_BLOCK_GROUPING,p001.pddl,dry-run,true,,0,,,,not-run,results/smoke/all-numeric-planners-smoke-20260907-170137-711276/cases/patty-ipc2026-sat-1/18_BLOCK_GROUPING/p001
patty-ipc2026-sat-1,19_COUNTERS,p001.pddl,dry-run,true,,0,,,,not-run,results/smoke/all-numeric-planners-smoke-20260907-170137-711276/cases/patty-ipc2026-sat-1/19_COUNTERS/p001
patty-ipc2026-sat-1,20_DELIVERY,p001.pddl,dry-run,true,,0,,,,not-run,results/smoke/all-numeric-planners-smoke-20260907-170137-711276/cases/patty-ipc2026-sat-1/20_DELIVERY/p001
patty-ipc2026-sat-1,21_DRONE,p001.pddl,dry-run,true,,0,,,,not-run,results/smoke/all-numeric-planners-smoke-20260907-170137-711276/cases/patty-ipc2026-sat-1/21_DRONE/p001
patty-ipc2026-sat-1,22_EXPEDITION,p001.pddl,dry-run,true,,0,,,,not-run,results/smoke/all-numeric-planners-smoke-20260907-170137-711276/cases/patty-ipc2026-sat-1/22_EXPEDITION/p001
patty-ipc2026-sat-1,23_EXT_PLANT_WATERING,p001.pddl,dry-run,true,,0,,,,not-run,results/smoke/all-numeric-planners-smoke-20260907-170137-711276/cases/patty-ipc2026-sat-1/23_EXT_PLANT_WATERING/p001
patty-ipc2026-sat-1,24_FARMLAND,p001.pddl,dry-run,true,,0,,,,not-run,results/smoke/all-numeric-planners-smoke-20260907-170137-711276/cases/patty-ipc2026-sat-1/24_FARMLAND/p001
patty-ipc2026-sat-1,25_FO_COUNTERS,p001.pddl,dry-run,true,,0,,,,not-run,results/smoke/all-numeric-planners-smoke-20260907-170137-711276/cases/patty-ipc2026-sat-1/25_FO_COUNTERS/p001
patty-ipc2026-sat-1,26_FO_FARMLAND,p001.pddl,dry-run,true,,0,,,,not-run,results/smoke/all-numeric-planners-smoke-20260907-170137-711276/cases/patty-ipc2026-sat-1/26_FO_FARMLAND/p001
patty-ipc2026-sat-1,27_FO_SAILING,p001.pddl,dry-run,true,,0,,,,not-run,results/smoke/all-numeric-planners-smoke-20260907-170137-711276/cases/patty-ipc2026-sat-1/27_FO_SAILING/p001
patty-ipc2026-sat-1,28_HYDROPOWER,p001.pddl,dry-run,true,,0,,,,not-run,results/smoke/all-numeric-planners-smoke-20260907-170137-711276/cases/patty-ipc2026-sat-1/28_HYDROPOWER/p001
patty-ipc2026-sat-1,29_MARKETTRADER,p001.pddl,dry-run,true,,0,,,,not-run,results/smoke/all-numeric-planners-smoke-20260907-170137-711276/cases/patty-ipc2026-sat-1/29_MARKETTRADER/p001
patty-ipc2026-sat-1,30_MPRIME,p001.pddl,dry-run,true,,0,,,,not-run,results/smoke/all-numeric-planners-smoke-20260907-170137-711276/cases/patty-ipc2026-sat-1/30_MPRIME/p001
patty-ipc2026-sat-1,31_PATHWAYSMETRIC,p001.pddl,dry-run,true,,0,,,,not-run,results/smoke/all-numeric-planners-smoke-20260907-170137-711276/cases/patty-ipc2026-sat-1/31_PATHWAYSMETRIC/p001
patty-ipc2026-sat-1,32_ROVER_IPC23,p001.pddl,dry-run,true,,0,,,,not-run,results/smoke/all-numeric-planners-smoke-20260907-170137-711276/cases/patty-ipc2026-sat-1/32_ROVER_IPC23/p001
patty-ipc2026-sat-1,33_SAILING,p001.pddl,dry-run,true,,0,,,,not-run,results/smoke/all-numeric-planners-smoke-20260907-170137-711276/cases/patty-ipc2026-sat-1/33_SAILING/p001
patty-ipc2026-sat-1,34_SETTLERSNUMERIC,p001.pddl,dry-run,true,,0,,,,not-run,results/smoke/all-numeric-planners-smoke-20260907-170137-711276/cases/patty-ipc2026-sat-1/34_SETTLERSNUMERIC/p001
patty-ipc2026-sat-1,35_SUGAR,p001.pddl,dry-run,true,,0,,,,not-run,results/smoke/all-numeric-planners-smoke-20260907-170137-711276/cases/patty-ipc2026-sat-1/35_SUGAR/p001
patty-ipc2026-sat-1,36_TPP,p001.pddl,dry-run,true,,0,,,,not-run,results/smoke/all-numeric-planners-smoke-20260907-170137-711276/cases/patty-ipc2026-sat-1/36_TPP/p001
patty-ipc2026-sat-1,37_ZENOTRAVEL,p001.pddl,dry-run,true,,0,,,,not-run,results/smoke/all-numeric-planners-smoke-20260907-170137-711276/cases/patty-ipc2026-sat-1/37_ZENOTRAVEL/p001
patty-ipc2026-sat-1,38_SETTLERS_IPC04,p001.pddl,dry-run,true,,0,,,,not-run,results/smoke/all-numeric-planners-smoke-20260907-170137-711276/cases/patty-ipc2026-sat-1/38_SETTLERS_IPC04/p001
patty-ipc2026-sat-1,39_PSR_LARGE_IPC04,p001.pddl,unsupported,false,,0,,,,not-run,results/smoke/all-numeric-planners-smoke-20260907-170137-711276/cases/patty-ipc2026-sat-1/39_PSR_LARGE_IPC04/p001
patty-ipc2026-sat-2,01_LOGISTIC,p001.pddl,dry-run,true,,0,,,,not-run,results/smoke/all-numeric-planners-smoke-20260907-170137-711276/cases/patty-ipc2026-sat-2/01_LOGISTIC/p001
patty-ipc2026-sat-2,02_LOGISTIC_NEW,p001.pddl,dry-run,true,,0,,,,not-run,results/smoke/all-numeric-planners-smoke-20260907-170137-711276/cases/patty-ipc2026-sat-2/02_LOGISTIC_NEW/p001
patty-ipc2026-sat-2,03_BLOCKSWORLD,p001.pddl,dry-run,true,,0,,,,not-run,results/smoke/all-numeric-planners-smoke-20260907-170137-711276/cases/patty-ipc2026-sat-2/03_BLOCKSWORLD/p001
patty-ipc2026-sat-2,04_ROVER_CHANGMIN,p001.pddl,dry-run,true,,0,,,,not-run,results/smoke/all-numeric-planners-smoke-20260907-170137-711276/cases/patty-ipc2026-sat-2/04_ROVER_CHANGMIN/p001
patty-ipc2026-sat-2,05_PIPESWORLD_STRIPS,p001.pddl,dry-run,true,,0,,,,not-run,results/smoke/all-numeric-planners-smoke-20260907-170137-711276/cases/patty-ipc2026-sat-2/05_PIPESWORLD_STRIPS/p001
patty-ipc2026-sat-2,06_TSP_NUMERIC,p001.pddl,dry-run,true,,0,,,,not-run,results/smoke/all-numeric-planners-smoke-20260907-170137-711276/cases/patty-ipc2026-sat-2/06_TSP_NUMERIC/p001
patty-ipc2026-sat-2,07_TSP_CONNECTED_NUMERIC,p001.pddl,dry-run,true,,0,,,,not-run,results/smoke/all-numeric-planners-smoke-20260907-170137-711276/cases/patty-ipc2026-sat-2/07_TSP_CONNECTED_NUMERIC/p001
patty-ipc2026-sat-2,08_RAILWAYS_SIMPLE,p001.pddl,unsupported,false,,0,,,,not-run,results/smoke/all-numeric-planners-smoke-20260907-170137-711276/cases/patty-ipc2026-sat-2/08_RAILWAYS_SIMPLE/p001
patty-ipc2026-sat-2,09_WATERING,p001.pddl,dry-run,true,,0,,,,not-run,results/smoke/all-numeric-planners-smoke-20260907-170137-711276/cases/patty-ipc2026-sat-2/09_WATERING/p001
patty-ipc2026-sat-2,10_EIGHT_PUZZLE,p001.pddl,dry-run,true,,0,,,,not-run,results/smoke/all-numeric-planners-smoke-20260907-170137-711276/cases/patty-ipc2026-sat-2/10_EIGHT_PUZZLE/p001
patty-ipc2026-sat-2,11_SEEDSET,p001.pddl,dry-run,true,,0,,,,not-run,results/smoke/all-numeric-planners-smoke-20260907-170137-711276/cases/patty-ipc2026-sat-2/11_SEEDSET/p001
patty-ipc2026-sat-2,12_BOOKNEW,p001.pddl,dry-run,true,,0,,,,not-run,results/smoke/all-numeric-planners-smoke-20260907-170137-711276/cases/patty-ipc2026-sat-2/12_BOOKNEW/p001
patty-ipc2026-sat-2,13_GROUNDED_TRUCKS,p001.pddl,dry-run,true,,0,,,,not-run,results/smoke/all-numeric-planners-smoke-20260907-170137-711276/cases/patty-ipc2026-sat-2/13_GROUNDED_TRUCKS/p001
patty-ipc2026-sat-2,14_DESIRE,p001.pddl,dry-run,true,,0,,,,not-run,results/smoke/all-numeric-planners-smoke-20260907-170137-711276/cases/patty-ipc2026-sat-2/14_DESIRE/p001
patty-ipc2026-sat-2,15_ISSUE49,p001.pddl,dry-run,true,,0,,,,not-run,results/smoke/all-numeric-planners-smoke-20260907-170137-711276/cases/patty-ipc2026-sat-2/15_ISSUE49/p001
patty-ipc2026-sat-2,16_TEST1,p001.pddl,dry-run,true,,0,,,,not-run,results/smoke/all-numeric-planners-smoke-20260907-170137-711276/cases/patty-ipc2026-sat-2/16_TEST1/p001
patty-ipc2026-sat-2,17_SATELLITE,p001.pddl,dry-run,true,,0,,,,not-run,results/smoke/all-numeric-planners-smoke-20260907-170137-711276/cases/patty-ipc2026-sat-2/17_SATELLITE/p001
patty-ipc2026-sat-2,18_BLOCK_GROUPING,p001.pddl,dry-run,true,,0,,,,not-run,results/smoke/all-numeric-planners-smoke-20260907-170137-711276/cases/patty-ipc2026-sat-2/18_BLOCK_GROUPING/p001
patty-ipc2026-sat-2,19_COUNTERS,p001.pddl,dry-run,true,,0,,,,not-run,results/smoke/all-numeric-planners-smoke-20260907-170137-711276/cases/patty-ipc2026-sat-2/19_COUNTERS/p001
patty-ipc2026-sat-2,20_DELIVERY,p001.pddl,dry-run,true,,0,,,,not-run,results/smoke/all-numeric-planners-smoke-20260907-170137-711276/cases/patty-ipc2026-sat-2/20_DELIVERY/p001
patty-ipc2026-sat-2,21_DRONE,p001.pddl,dry-run,true,,0,,,,not-run,results/smoke/all-numeric-planners-smoke-20260907-170137-711276/cases/patty-ipc2026-sat-2/21_DRONE/p001
patty-ipc2026-sat-2,22_EXPEDITION,p001.pddl,dry-run,true,,0,,,,not-run,results/smoke/all-numeric-planners-smoke-20260907-170137-711276/cases/patty-ipc2026-sat-2/22_EXPEDITION/p001
patty-ipc2026-sat-2,23_EXT_PLANT_WATERING,p001.pddl,dry-run,true,,0,,,,not-run,results/smoke/all-numeric-planners-smoke-20260907-170137-711276/cases/patty-ipc2026-sat-2/23_EXT_PLANT_WATERING/p001
patty-ipc2026-sat-2,24_FARMLAND,p001.pddl,dry-run,true,,0,,,,not-run,results/smoke/all-numeric-planners-smoke-20260907-170137-711276/cases/patty-ipc2026-sat-2/24_FARMLAND/p001
patty-ipc2026-sat-2,25_FO_COUNTERS,p001.pddl,dry-run,true,,0,,,,not-run,results/smoke/all-numeric-planners-smoke-20260907-170137-711276/cases/patty-ipc2026-sat-2/25_FO_COUNTERS/p001
patty-ipc2026-sat-2,26_FO_FARMLAND,p001.pddl,dry-run,true,,0,,,,not-run,results/smoke/all-numeric-planners-smoke-20260907-170137-711276/cases/patty-ipc2026-sat-2/26_FO_FARMLAND/p001
patty-ipc2026-sat-2,27_FO_SAILING,p001.pddl,dry-run,true,,0,,,,not-run,results/smoke/all-numeric-planners-smoke-20260907-170137-711276/cases/patty-ipc2026-sat-2/27_FO_SAILING/p001
patty-ipc2026-sat-2,28_HYDROPOWER,p001.pddl,dry-run,true,,0,,,,not-run,results/smoke/all-numeric-planners-smoke-20260907-170137-711276/cases/patty-ipc2026-sat-2/28_HYDROPOWER/p001
patty-ipc2026-sat-2,29_MARKETTRADER,p001.pddl,dry-run,true,,0,,,,not-run,results/smoke/all-numeric-planners-smoke-20260907-170137-711276/cases/patty-ipc2026-sat-2/29_MARKETTRADER/p001
patty-ipc2026-sat-2,30_MPRIME,p001.pddl,dry-run,true,,0,,,,not-run,results/smoke/all-numeric-planners-smoke-20260907-170137-711276/cases/patty-ipc2026-sat-2/30_MPRIME/p001
patty-ipc2026-sat-2,31_PATHWAYSMETRIC,p001.pddl,dry-run,true,,0,,,,not-run,results/smoke/all-numeric-planners-smoke-20260907-170137-711276/cases/patty-ipc2026-sat-2/31_PATHWAYSMETRIC/p001
patty-ipc2026-sat-2,32_ROVER_IPC23,p001.pddl,dry-run,true,,0,,,,not-run,results/smoke/all-numeric-planners-smoke-20260907-170137-711276/cases/patty-ipc2026-sat-2/32_ROVER_IPC23/p001
patty-ipc2026-sat-2,33_SAILING,p001.pddl,dry-run,true,,0,,,,not-run,results/smoke/all-numeric-planners-smoke-20260907-170137-711276/cases/patty-ipc2026-sat-2/33_SAILING/p001
patty-ipc2026-sat-2,34_SETTLERSNUMERIC,p001.pddl,dry-run,true,,0,,,,not-run,results/smoke/all-numeric-planners-smoke-20260907-170137-711276/cases/patty-ipc2026-sat-2/34_SETTLERSNUMERIC/p001
patty-ipc2026-sat-2,35_SUGAR,p001.pddl,dry-run,true,,0,,,,not-run,results/smoke/all-numeric-planners-smoke-20260907-170137-711276/cases/patty-ipc2026-sat-2/35_SUGAR/p001
patty-ipc2026-sat-2,36_TPP,p001.pddl,dry-run,true,,0,,,,not-run,results/smoke/all-numeric-planners-smoke-20260907-170137-711276/cases/patty-ipc2026-sat-2/36_TPP/p001
patty-ipc2026-sat-2,37_ZENOTRAVEL,p001.pddl,dry-run,true,,0,,,,not-run,results/smoke/all-numeric-planners-smoke-20260907-170137-711276/cases/patty-ipc2026-sat-2/37_ZENOTRAVEL/p001
patty-ipc2026-sat-2,38_SETTLERS_IPC04,p001.pddl,dry-run,true,,0,,,,not-run,results/smoke/all-numeric-planners-smoke-20260907-170137-711276/cases/patty-ipc2026-sat-2/38_SETTLERS_IPC04/p001
patty-ipc2026-sat-2,39_PSR_LARGE_IPC04,p001.pddl,unsupported,false,,0,,,,not-run,results/smoke/all-numeric-planners-smoke-20260907-170137-711276/cases/patty-ipc2026-sat-2/39_PSR_LARGE_IPC04/p001
planforge,01_LOGISTIC,p001.pddl,dry-run,true,,0,,,,not-run,results/smoke/all-numeric-planners-smoke-20260907-170137-711276/cases/planforge/01_LOGISTIC/p001
planforge,02_LOGISTIC_NEW,p001.pddl,dry-run,true,,0,,,,not-run,results/smoke/all-numeric-planners-smoke-20260907-170137-711276/cases/planforge/02_LOGISTIC_NEW/p001
planforge,03_BLOCKSWORLD,p001.pddl,dry-run,true,,0,,,,not-run,results/smoke/all-numeric-planners-smoke-20260907-170137-711276/cases/planforge/03_BLOCKSWORLD/p001
planforge,04_ROVER_CHANGMIN,p001.pddl,dry-run,true,,0,,,,not-run,results/smoke/all-numeric-planners-smoke-20260907-170137-711276/cases/planforge/04_ROVER_CHANGMIN/p001
planforge,05_PIPESWORLD_STRIPS,p001.pddl,dry-run,true,,0,,,,not-run,results/smoke/all-numeric-planners-smoke-20260907-170137-711276/cases/planforge/05_PIPESWORLD_STRIPS/p001
planforge,06_TSP_NUMERIC,p001.pddl,dry-run,true,,0,,,,not-run,results/smoke/all-numeric-planners-smoke-20260907-170137-711276/cases/planforge/06_TSP_NUMERIC/p001
planforge,07_TSP_CONNECTED_NUMERIC,p001.pddl,dry-run,true,,0,,,,not-run,results/smoke/all-numeric-planners-smoke-20260907-170137-711276/cases/planforge/07_TSP_CONNECTED_NUMERIC/p001
planforge,08_RAILWAYS_SIMPLE,p001.pddl,dry-run,true,,0,,,,not-run,results/smoke/all-numeric-planners-smoke-20260907-170137-711276/cases/planforge/08_RAILWAYS_SIMPLE/p001
planforge,09_WATERING,p001.pddl,dry-run,true,,0,,,,not-run,results/smoke/all-numeric-planners-smoke-20260907-170137-711276/cases/planforge/09_WATERING/p001
planforge,10_EIGHT_PUZZLE,p001.pddl,dry-run,true,,0,,,,not-run,results/smoke/all-numeric-planners-smoke-20260907-170137-711276/cases/planforge/10_EIGHT_PUZZLE/p001
planforge,11_SEEDSET,p001.pddl,dry-run,true,,0,,,,not-run,results/smoke/all-numeric-planners-smoke-20260907-170137-711276/cases/planforge/11_SEEDSET/p001
planforge,12_BOOKNEW,p001.pddl,dry-run,true,,0,,,,not-run,results/smoke/all-numeric-planners-smoke-20260907-170137-711276/cases/planforge/12_BOOKNEW/p001
planforge,13_GROUNDED_TRUCKS,p001.pddl,dry-run,true,,0,,,,not-run,results/smoke/all-numeric-planners-smoke-20260907-170137-711276/cases/planforge/13_GROUNDED_TRUCKS/p001
planforge,14_DESIRE,p001.pddl,dry-run,true,,0,,,,not-run,results/smoke/all-numeric-planners-smoke-20260907-170137-711276/cases/planforge/14_DESIRE/p001
planforge,15_ISSUE49,p001.pddl,dry-run,true,,0,,,,not-run,results/smoke/all-numeric-planners-smoke-20260907-170137-711276/cases/planforge/15_ISSUE49/p001
planforge,16_TEST1,p001.pddl,dry-run,true,,0,,,,not-run,results/smoke/all-numeric-planners-smoke-20260907-170137-711276/cases/planforge/16_TEST1/p001
planforge,17_SATELLITE,p001.pddl,dry-run,true,,0,,,,not-run,results/smoke/all-numeric-planners-smoke-20260907-170137-711276/cases/planforge/17_SATELLITE/p001
planforge,18_BLOCK_GROUPING,p001.pddl,dry-run,true,,0,,,,not-run,results/smoke/all-numeric-planners-smoke-20260907-170137-711276/cases/planforge/18_BLOCK_GROUPING/p001
planforge,19_COUNTERS,p001.pddl,dry-run,true,,0,,,,not-run,results/smoke/all-numeric-planners-smoke-20260907-170137-711276/cases/planforge/19_COUNTERS/p001
planforge,20_DELIVERY,p001.pddl,dry-run,true,,0,,,,not-run,results/smoke/all-numeric-planners-smoke-20260907-170137-711276/cases/planforge/20_DELIVERY/p001
planforge,21_DRONE,p001.pddl,dry-run,true,,0,,,,not-run,results/smoke/all-numeric-planners-smoke-20260907-170137-711276/cases/planforge/21_DRONE/p001
planforge,22_EXPEDITION,p001.pddl,dry-run,true,,0,,,,not-run,results/smoke/all-numeric-planners-smoke-20260907-170137-711276/cases/planforge/22_EXPEDITION/p001
planforge,23_EXT_PLANT_WATERING,p001.pddl,dry-run,true,,0,,,,not-run,results/smoke/all-numeric-planners-smoke-20260907-170137-711276/cases/planforge/23_EXT_PLANT_WATERING/p001
planforge,24_FARMLAND,p001.pddl,dry-run,true,,0,,,,not-run,results/smoke/all-numeric-planners-smoke-20260907-170137-711276/cases/planforge/24_FARMLAND/p001
planforge,25_FO_COUNTERS,p001.pddl,dry-run,true,,0,,,,not-run,results/smoke/all-numeric-planners-smoke-20260907-170137-711276/cases/planforge/25_FO_COUNTERS/p001
planforge,26_FO_FARMLAND,p001.pddl,dry-run,true,,0,,,,not-run,results/smoke/all-numeric-planners-smoke-20260907-170137-711276/cases/planforge/26_FO_FARMLAND/p001
planforge,27_FO_SAILING,p001.pddl,dry-run,true,,0,,,,not-run,results/smoke/all-numeric-planners-smoke-20260907-170137-711276/cases/planforge/27_FO_SAILING/p001
planforge,28_HYDROPOWER,p001.pddl,dry-run,true,,0,,,,not-run,results/smoke/all-numeric-planners-smoke-20260907-170137-711276/cases/planforge/28_HYDROPOWER/p001
planforge,29_MARKETTRADER,p001.pddl,dry-run,true,,0,,,,not-run,results/smoke/all-numeric-planners-smoke-20260907-170137-711276/cases/planforge/29_MARKETTRADER/p001
planforge,30_MPRIME,p001.pddl,dry-run,true,,0,,,,not-run,results/smoke/all-numeric-planners-smoke-20260907-170137-711276/cases/planforge/30_MPRIME/p001
planforge,31_PATHWAYSMETRIC,p001.pddl,dry-run,true,,0,,,,not-run,results/smoke/all-numeric-planners-smoke-20260907-170137-711276/cases/planforge/31_PATHWAYSMETRIC/p001
planforge,32_ROVER_IPC23,p001.pddl,dry-run,true,,0,,,,not-run,results/smoke/all-numeric-planners-smoke-20260907-170137-711276/cases/planforge/32_ROVER_IPC23/p001
planforge,33_SAILING,p001.pddl,dry-run,true,,0,,,,not-run,results/smoke/all-numeric-planners-smoke-20260907-170137-711276/cases/planforge/33_SAILING/p001
planforge,34_SETTLERSNUMERIC,p001.pddl,dry-run,true,,0,,,,not-run,results/smoke/all-numeric-planners-smoke-20260907-170137-711276/cases/planforge/34_SETTLERSNUMERIC/p001
planforge,35_SUGAR,p001.pddl,dry-run,true,,0,,,,not-run,results/smoke/all-numeric-planners-smoke-20260907-170137-711276/cases/planforge/35_SUGAR/p001
planforge,36_TPP,p001.pddl,dry-run,true,,0,,,,not-run,results/smoke/all-numeric-planners-smoke-20260907-170137-711276/cases/planforge/36_TPP/p001
planforge,37_ZENOTRAVEL,p001.pddl,dry-run,true,,0,,,,not-run,results/smoke/all-numeric-planners-smoke-20260907-170137-711276/cases/planforge/37_ZENOTRAVEL/p001
planforge,38_SETTLERS_IPC04,p001.pddl,dry-run,true,,0,,,,not-run,results/smoke/all-numeric-planners-smoke-20260907-170137-711276/cases/planforge/38_SETTLERS_IPC04/p001
planforge,39_PSR_LARGE_IPC04,p001.pddl,dry-run,true,,0,,,,not-run,results/smoke/all-numeric-planners-smoke-20260907-170137-711276/cases/planforge/39_PSR_LARGE_IPC04/p001
planforge-ipc2026,01_LOGISTIC,p001.pddl,dry-run,true,,0,,,,not-run,results/smoke/all-numeric-planners-smoke-20260907-170137-711276/cases/planforge-ipc2026/01_LOGISTIC/p001
planforge-ipc2026,02_LOGISTIC_NEW,p001.pddl,dry-run,true,,0,,,,not-run,results/smoke/all-numeric-planners-smoke-20260907-170137-711276/cases/planforge-ipc2026/02_LOGISTIC_NEW/p001
planforge-ipc2026,03_BLOCKSWORLD,p001.pddl,dry-run,true,,0,,,,not-run,results/smoke/all-numeric-planners-smoke-20260907-170137-711276/cases/planforge-ipc2026/03_BLOCKSWORLD/p001
planforge-ipc2026,04_ROVER_CHANGMIN,p001.pddl,dry-run,true,,0,,,,not-run,results/smoke/all-numeric-planners-smoke-20260907-170137-711276/cases/planforge-ipc2026/04_ROVER_CHANGMIN/p001
planforge-ipc2026,05_PIPESWORLD_STRIPS,p001.pddl,dry-run,true,,0,,,,not-run,results/smoke/all-numeric-planners-smoke-20260907-170137-711276/cases/planforge-ipc2026/05_PIPESWORLD_STRIPS/p001
planforge-ipc2026,06_TSP_NUMERIC,p001.pddl,dry-run,true,,0,,,,not-run,results/smoke/all-numeric-planners-smoke-20260907-170137-711276/cases/planforge-ipc2026/06_TSP_NUMERIC/p001
planforge-ipc2026,07_TSP_CONNECTED_NUMERIC,p001.pddl,dry-run,true,,0,,,,not-run,results/smoke/all-numeric-planners-smoke-20260907-170137-711276/cases/planforge-ipc2026/07_TSP_CONNECTED_NUMERIC/p001
planforge-ipc2026,08_RAILWAYS_SIMPLE,p001.pddl,dry-run,true,,0,,,,not-run,results/smoke/all-numeric-planners-smoke-20260907-170137-711276/cases/planforge-ipc2026/08_RAILWAYS_SIMPLE/p001
planforge-ipc2026,09_WATERING,p001.pddl,dry-run,true,,0,,,,not-run,results/smoke/all-numeric-planners-smoke-20260907-170137-711276/cases/planforge-ipc2026/09_WATERING/p001
planforge-ipc2026,10_EIGHT_PUZZLE,p001.pddl,dry-run,true,,0,,,,not-run,results/smoke/all-numeric-planners-smoke-20260907-170137-711276/cases/planforge-ipc2026/10_EIGHT_PUZZLE/p001
planforge-ipc2026,11_SEEDSET,p001.pddl,dry-run,true,,0,,,,not-run,results/smoke/all-numeric-planners-smoke-20260907-170137-711276/cases/planforge-ipc2026/11_SEEDSET/p001
planforge-ipc2026,12_BOOKNEW,p001.pddl,dry-run,true,,0,,,,not-run,results/smoke/all-numeric-planners-smoke-20260907-170137-711276/cases/planforge-ipc2026/12_BOOKNEW/p001
planforge-ipc2026,13_GROUNDED_TRUCKS,p001.pddl,dry-run,true,,0,,,,not-run,results/smoke/all-numeric-planners-smoke-20260907-170137-711276/cases/planforge-ipc2026/13_GROUNDED_TRUCKS/p001
planforge-ipc2026,14_DESIRE,p001.pddl,dry-run,true,,0,,,,not-run,results/smoke/all-numeric-planners-smoke-20260907-170137-711276/cases/planforge-ipc2026/14_DESIRE/p001
planforge-ipc2026,15_ISSUE49,p001.pddl,dry-run,true,,0,,,,not-run,results/smoke/all-numeric-planners-smoke-20260907-170137-711276/cases/planforge-ipc2026/15_ISSUE49/p001
planforge-ipc2026,16_TEST1,p001.pddl,dry-run,true,,0,,,,not-run,results/smoke/all-numeric-planners-smoke-20260907-170137-711276/cases/planforge-ipc2026/16_TEST1/p001
planforge-ipc2026,17_SATELLITE,p001.pddl,dry-run,true,,0,,,,not-run,results/smoke/all-numeric-planners-smoke-20260907-170137-711276/cases/planforge-ipc2026/17_SATELLITE/p001
planforge-ipc2026,18_BLOCK_GROUPING,p001.pddl,dry-run,true,,0,,,,not-run,results/smoke/all-numeric-planners-smoke-20260907-170137-711276/cases/planforge-ipc2026/18_BLOCK_GROUPING/p001
planforge-ipc2026,19_COUNTERS,p001.pddl,dry-run,true,,0,,,,not-run,results/smoke/all-numeric-planners-smoke-20260907-170137-711276/cases/planforge-ipc2026/19_COUNTERS/p001
planforge-ipc2026,20_DELIVERY,p001.pddl,dry-run,true,,0,,,,not-run,results/smoke/all-numeric-planners-smoke-20260907-170137-711276/cases/planforge-ipc2026/20_DELIVERY/p001
planforge-ipc2026,21_DRONE,p001.pddl,dry-run,true,,0,,,,not-run,results/smoke/all-numeric-planners-smoke-20260907-170137-711276/cases/planforge-ipc2026/21_DRONE/p001
planforge-ipc2026,22_EXPEDITION,p001.pddl,dry-run,true,,0,,,,not-run,results/smoke/all-numeric-planners-smoke-20260907-170137-711276/cases/planforge-ipc2026/22_EXPEDITION/p001
planforge-ipc2026,23_EXT_PLANT_WATERING,p001.pddl,dry-run,true,,0,,,,not-run,results/smoke/all-numeric-planners-smoke-20260907-170137-711276/cases/planforge-ipc2026/23_EXT_PLANT_WATERING/p001
planforge-ipc2026,24_FARMLAND,p001.pddl,dry-run,true,,0,,,,not-run,results/smoke/all-numeric-planners-smoke-20260907-170137-711276/cases/planforge-ipc2026/24_FARMLAND/p001
planforge-ipc2026,25_FO_COUNTERS,p001.pddl,dry-run,true,,0,,,,not-run,results/smoke/all-numeric-planners-smoke-20260907-170137-711276/cases/planforge-ipc2026/25_FO_COUNTERS/p001
planforge-ipc2026,26_FO_FARMLAND,p001.pddl,dry-run,true,,0,,,,not-run,results/smoke/all-numeric-planners-smoke-20260907-170137-711276/cases/planforge-ipc2026/26_FO_FARMLAND/p001
planforge-ipc2026,27_FO_SAILING,p001.pddl,dry-run,true,,0,,,,not-run,results/smoke/all-numeric-planners-smoke-20260907-170137-711276/cases/planforge-ipc2026/27_FO_SAILING/p001
planforge-ipc2026,28_HYDROPOWER,p001.pddl,dry-run,true,,0,,,,not-run,results/smoke/all-numeric-planners-smoke-20260907-170137-711276/cases/planforge-ipc2026/28_HYDROPOWER/p001
planforge-ipc2026,29_MARKETTRADER,p001.pddl,dry-run,true,,0,,,,not-run,results/smoke/all-numeric-planners-smoke-20260907-170137-711276/cases/planforge-ipc2026/29_MARKETTRADER/p001
planforge-ipc2026,30_MPRIME,p001.pddl,dry-run,true,,0,,,,not-run,results/smoke/all-numeric-planners-smoke-20260907-170137-711276/cases/planforge-ipc2026/30_MPRIME/p001
planforge-ipc2026,31_PATHWAYSMETRIC,p001.pddl,dry-run,true,,0,,,,not-run,results/smoke/all-numeric-planners-smoke-20260907-170137-711276/cases/planforge-ipc2026/31_PATHWAYSMETRIC/p001
planforge-ipc2026,32_ROVER_IPC23,p001.pddl,dry-run,true,,0,,,,not-run,results/smoke/all-numeric-planners-smoke-20260907-170137-711276/cases/planforge-ipc2026/32_ROVER_IPC23/p001
planforge-ipc2026,33_SAILING,p001.pddl,dry-run,true,,0,,,,not-run,results/smoke/all-numeric-planners-smoke-20260907-170137-711276/cases/planforge-ipc2026/33_SAILING/p001
planforge-ipc2026,34_SETTLERSNUMERIC,p001.pddl,dry-run,true,,0,,,,not-run,results/smoke/all-numeric-planners-smoke-20260907-170137-711276/cases/planforge-ipc2026/34_SETTLERSNUMERIC/p001
planforge-ipc2026,35_SUGAR,p001.pddl,dry-run,true,,0,,,,not-run,results/smoke/all-numeric-planners-smoke-20260907-170137-711276/cases/planforge-ipc2026/35_SUGAR/p001
planforge-ipc2026,36_TPP,p001.pddl,dry-run,true,,0,,,,not-run,results/smoke/all-numeric-planners-smoke-20260907-170137-711276/cases/planforge-ipc2026/36_TPP/p001
planforge-ipc2026,37_ZENOTRAVEL,p001.pddl,dry-run,true,,0,,,,not-run,results/smoke/all-numeric-planners-smoke-20260907-170137-711276/cases/planforge-ipc2026/37_ZENOTRAVEL/p001
planforge-ipc2026,38_SETTLERS_IPC04,p001.pddl,dry-run,true,,0,,,,not-run,results/smoke/all-numeric-planners-smoke-20260907-170137-711276/cases/planforge-ipc2026/38_SETTLERS_IPC04/p001
planforge-ipc2026,39_PSR_LARGE_IPC04,p001.pddl,dry-run,true,,0,,,,not-run,results/smoke/all-numeric-planners-smoke-20260907-170137-711276/cases/planforge-ipc2026/39_PSR_LARGE_IPC04/p001
popf,01_LOGISTIC,p001.pddl,dry-run,true,,0,,,,not-run,results/smoke/all-numeric-planners-smoke-20260907-170137-711276/cases/popf/01_LOGISTIC/p001
popf,02_LOGISTIC_NEW,p001.pddl,dry-run,true,,0,,,,not-run,results/smoke/all-numeric-planners-smoke-20260907-170137-711276/cases/popf/02_LOGISTIC_NEW/p001
popf,03_BLOCKSWORLD,p001.pddl,dry-run,true,,0,,,,not-run,results/smoke/all-numeric-planners-smoke-20260907-170137-711276/cases/popf/03_BLOCKSWORLD/p001
popf,04_ROVER_CHANGMIN,p001.pddl,dry-run,true,,0,,,,not-run,results/smoke/all-numeric-planners-smoke-20260907-170137-711276/cases/popf/04_ROVER_CHANGMIN/p001
popf,05_PIPESWORLD_STRIPS,p001.pddl,dry-run,true,,0,,,,not-run,results/smoke/all-numeric-planners-smoke-20260907-170137-711276/cases/popf/05_PIPESWORLD_STRIPS/p001
popf,06_TSP_NUMERIC,p001.pddl,dry-run,true,,0,,,,not-run,results/smoke/all-numeric-planners-smoke-20260907-170137-711276/cases/popf/06_TSP_NUMERIC/p001
popf,07_TSP_CONNECTED_NUMERIC,p001.pddl,dry-run,true,,0,,,,not-run,results/smoke/all-numeric-planners-smoke-20260907-170137-711276/cases/popf/07_TSP_CONNECTED_NUMERIC/p001
popf,08_RAILWAYS_SIMPLE,p001.pddl,unsupported,false,,0,,,,not-run,results/smoke/all-numeric-planners-smoke-20260907-170137-711276/cases/popf/08_RAILWAYS_SIMPLE/p001
popf,09_WATERING,p001.pddl,dry-run,true,,0,,,,not-run,results/smoke/all-numeric-planners-smoke-20260907-170137-711276/cases/popf/09_WATERING/p001
popf,10_EIGHT_PUZZLE,p001.pddl,dry-run,true,,0,,,,not-run,results/smoke/all-numeric-planners-smoke-20260907-170137-711276/cases/popf/10_EIGHT_PUZZLE/p001
popf,11_SEEDSET,p001.pddl,dry-run,true,,0,,,,not-run,results/smoke/all-numeric-planners-smoke-20260907-170137-711276/cases/popf/11_SEEDSET/p001
popf,12_BOOKNEW,p001.pddl,dry-run,true,,0,,,,not-run,results/smoke/all-numeric-planners-smoke-20260907-170137-711276/cases/popf/12_BOOKNEW/p001
popf,13_GROUNDED_TRUCKS,p001.pddl,dry-run,true,,0,,,,not-run,results/smoke/all-numeric-planners-smoke-20260907-170137-711276/cases/popf/13_GROUNDED_TRUCKS/p001
popf,14_DESIRE,p001.pddl,dry-run,true,,0,,,,not-run,results/smoke/all-numeric-planners-smoke-20260907-170137-711276/cases/popf/14_DESIRE/p001
popf,15_ISSUE49,p001.pddl,dry-run,true,,0,,,,not-run,results/smoke/all-numeric-planners-smoke-20260907-170137-711276/cases/popf/15_ISSUE49/p001
popf,16_TEST1,p001.pddl,dry-run,true,,0,,,,not-run,results/smoke/all-numeric-planners-smoke-20260907-170137-711276/cases/popf/16_TEST1/p001
popf,17_SATELLITE,p001.pddl,dry-run,true,,0,,,,not-run,results/smoke/all-numeric-planners-smoke-20260907-170137-711276/cases/popf/17_SATELLITE/p001
popf,18_BLOCK_GROUPING,p001.pddl,dry-run,true,,0,,,,not-run,results/smoke/all-numeric-planners-smoke-20260907-170137-711276/cases/popf/18_BLOCK_GROUPING/p001
popf,19_COUNTERS,p001.pddl,dry-run,true,,0,,,,not-run,results/smoke/all-numeric-planners-smoke-20260907-170137-711276/cases/popf/19_COUNTERS/p001
popf,20_DELIVERY,p001.pddl,dry-run,true,,0,,,,not-run,results/smoke/all-numeric-planners-smoke-20260907-170137-711276/cases/popf/20_DELIVERY/p001
popf,21_DRONE,p001.pddl,dry-run,true,,0,,,,not-run,results/smoke/all-numeric-planners-smoke-20260907-170137-711276/cases/popf/21_DRONE/p001
popf,22_EXPEDITION,p001.pddl,dry-run,true,,0,,,,not-run,results/smoke/all-numeric-planners-smoke-20260907-170137-711276/cases/popf/22_EXPEDITION/p001
popf,23_EXT_PLANT_WATERING,p001.pddl,dry-run,true,,0,,,,not-run,results/smoke/all-numeric-planners-smoke-20260907-170137-711276/cases/popf/23_EXT_PLANT_WATERING/p001
popf,24_FARMLAND,p001.pddl,dry-run,true,,0,,,,not-run,results/smoke/all-numeric-planners-smoke-20260907-170137-711276/cases/popf/24_FARMLAND/p001
popf,25_FO_COUNTERS,p001.pddl,dry-run,true,,0,,,,not-run,results/smoke/all-numeric-planners-smoke-20260907-170137-711276/cases/popf/25_FO_COUNTERS/p001
popf,26_FO_FARMLAND,p001.pddl,dry-run,true,,0,,,,not-run,results/smoke/all-numeric-planners-smoke-20260907-170137-711276/cases/popf/26_FO_FARMLAND/p001
popf,27_FO_SAILING,p001.pddl,dry-run,true,,0,,,,not-run,results/smoke/all-numeric-planners-smoke-20260907-170137-711276/cases/popf/27_FO_SAILING/p001
popf,28_HYDROPOWER,p001.pddl,dry-run,true,,0,,,,not-run,results/smoke/all-numeric-planners-smoke-20260907-170137-711276/cases/popf/28_HYDROPOWER/p001
popf,29_MARKETTRADER,p001.pddl,dry-run,true,,0,,,,not-run,results/smoke/all-numeric-planners-smoke-20260907-170137-711276/cases/popf/29_MARKETTRADER/p001
popf,30_MPRIME,p001.pddl,dry-run,true,,0,,,,not-run,results/smoke/all-numeric-planners-smoke-20260907-170137-711276/cases/popf/30_MPRIME/p001
popf,31_PATHWAYSMETRIC,p001.pddl,dry-run,true,,0,,,,not-run,results/smoke/all-numeric-planners-smoke-20260907-170137-711276/cases/popf/31_PATHWAYSMETRIC/p001
popf,32_ROVER_IPC23,p001.pddl,dry-run,true,,0,,,,not-run,results/smoke/all-numeric-planners-smoke-20260907-170137-711276/cases/popf/32_ROVER_IPC23/p001
popf,33_SAILING,p001.pddl,dry-run,true,,0,,,,not-run,results/smoke/all-numeric-planners-smoke-20260907-170137-711276/cases/popf/33_SAILING/p001
popf,34_SETTLERSNUMERIC,p001.pddl,dry-run,true,,0,,,,not-run,results/smoke/all-numeric-planners-smoke-20260907-170137-711276/cases/popf/34_SETTLERSNUMERIC/p001
popf,35_SUGAR,p001.pddl,dry-run,true,,0,,,,not-run,results/smoke/all-numeric-planners-smoke-20260907-170137-711276/cases/popf/35_SUGAR/p001
popf,36_TPP,p001.pddl,dry-run,true,,0,,,,not-run,results/smoke/all-numeric-planners-smoke-20260907-170137-711276/cases/popf/36_TPP/p001
popf,37_ZENOTRAVEL,p001.pddl,dry-run,true,,0,,,,not-run,results/smoke/all-numeric-planners-smoke-20260907-170137-711276/cases/popf/37_ZENOTRAVEL/p001
popf,38_SETTLERS_IPC04,p001.pddl,dry-run,true,,0,,,,not-run,results/smoke/all-numeric-planners-smoke-20260907-170137-711276/cases/popf/38_SETTLERS_IPC04/p001
popf,39_PSR_LARGE_IPC04,p001.pddl,unsupported,false,,0,,,,not-run,results/smoke/all-numeric-planners-smoke-20260907-170137-711276/cases/popf/39_PSR_LARGE_IPC04/p001
springroll,01_LOGISTIC,p001.pddl,dry-run,true,,0,,,,not-run,results/smoke/all-numeric-planners-smoke-20260907-170137-711276/cases/springroll/01_LOGISTIC/p001
springroll,02_LOGISTIC_NEW,p001.pddl,dry-run,true,,0,,,,not-run,results/smoke/all-numeric-planners-smoke-20260907-170137-711276/cases/springroll/02_LOGISTIC_NEW/p001
springroll,03_BLOCKSWORLD,p001.pddl,dry-run,true,,0,,,,not-run,results/smoke/all-numeric-planners-smoke-20260907-170137-711276/cases/springroll/03_BLOCKSWORLD/p001
springroll,04_ROVER_CHANGMIN,p001.pddl,dry-run,true,,0,,,,not-run,results/smoke/all-numeric-planners-smoke-20260907-170137-711276/cases/springroll/04_ROVER_CHANGMIN/p001
springroll,05_PIPESWORLD_STRIPS,p001.pddl,dry-run,true,,0,,,,not-run,results/smoke/all-numeric-planners-smoke-20260907-170137-711276/cases/springroll/05_PIPESWORLD_STRIPS/p001
springroll,06_TSP_NUMERIC,p001.pddl,dry-run,true,,0,,,,not-run,results/smoke/all-numeric-planners-smoke-20260907-170137-711276/cases/springroll/06_TSP_NUMERIC/p001
springroll,07_TSP_CONNECTED_NUMERIC,p001.pddl,dry-run,true,,0,,,,not-run,results/smoke/all-numeric-planners-smoke-20260907-170137-711276/cases/springroll/07_TSP_CONNECTED_NUMERIC/p001
springroll,08_RAILWAYS_SIMPLE,p001.pddl,unsupported,false,,0,,,,not-run,results/smoke/all-numeric-planners-smoke-20260907-170137-711276/cases/springroll/08_RAILWAYS_SIMPLE/p001
springroll,09_WATERING,p001.pddl,dry-run,true,,0,,,,not-run,results/smoke/all-numeric-planners-smoke-20260907-170137-711276/cases/springroll/09_WATERING/p001
springroll,10_EIGHT_PUZZLE,p001.pddl,dry-run,true,,0,,,,not-run,results/smoke/all-numeric-planners-smoke-20260907-170137-711276/cases/springroll/10_EIGHT_PUZZLE/p001
springroll,11_SEEDSET,p001.pddl,dry-run,true,,0,,,,not-run,results/smoke/all-numeric-planners-smoke-20260907-170137-711276/cases/springroll/11_SEEDSET/p001
springroll,12_BOOKNEW,p001.pddl,dry-run,true,,0,,,,not-run,results/smoke/all-numeric-planners-smoke-20260907-170137-711276/cases/springroll/12_BOOKNEW/p001
springroll,13_GROUNDED_TRUCKS,p001.pddl,dry-run,true,,0,,,,not-run,results/smoke/all-numeric-planners-smoke-20260907-170137-711276/cases/springroll/13_GROUNDED_TRUCKS/p001
springroll,14_DESIRE,p001.pddl,dry-run,true,,0,,,,not-run,results/smoke/all-numeric-planners-smoke-20260907-170137-711276/cases/springroll/14_DESIRE/p001
springroll,15_ISSUE49,p001.pddl,dry-run,true,,0,,,,not-run,results/smoke/all-numeric-planners-smoke-20260907-170137-711276/cases/springroll/15_ISSUE49/p001
springroll,16_TEST1,p001.pddl,dry-run,true,,0,,,,not-run,results/smoke/all-numeric-planners-smoke-20260907-170137-711276/cases/springroll/16_TEST1/p001
springroll,17_SATELLITE,p001.pddl,dry-run,true,,0,,,,not-run,results/smoke/all-numeric-planners-smoke-20260907-170137-711276/cases/springroll/17_SATELLITE/p001
springroll,18_BLOCK_GROUPING,p001.pddl,unsupported,false,,0,,,,not-run,results/smoke/all-numeric-planners-smoke-20260907-170137-711276/cases/springroll/18_BLOCK_GROUPING/p001
springroll,19_COUNTERS,p001.pddl,dry-run,true,,0,,,,not-run,results/smoke/all-numeric-planners-smoke-20260907-170137-711276/cases/springroll/19_COUNTERS/p001
springroll,20_DELIVERY,p001.pddl,dry-run,true,,0,,,,not-run,results/smoke/all-numeric-planners-smoke-20260907-170137-711276/cases/springroll/20_DELIVERY/p001
springroll,21_DRONE,p001.pddl,dry-run,true,,0,,,,not-run,results/smoke/all-numeric-planners-smoke-20260907-170137-711276/cases/springroll/21_DRONE/p001
springroll,22_EXPEDITION,p001.pddl,dry-run,true,,0,,,,not-run,results/smoke/all-numeric-planners-smoke-20260907-170137-711276/cases/springroll/22_EXPEDITION/p001
springroll,23_EXT_PLANT_WATERING,p001.pddl,dry-run,true,,0,,,,not-run,results/smoke/all-numeric-planners-smoke-20260907-170137-711276/cases/springroll/23_EXT_PLANT_WATERING/p001
springroll,24_FARMLAND,p001.pddl,dry-run,true,,0,,,,not-run,results/smoke/all-numeric-planners-smoke-20260907-170137-711276/cases/springroll/24_FARMLAND/p001
springroll,25_FO_COUNTERS,p001.pddl,dry-run,true,,0,,,,not-run,results/smoke/all-numeric-planners-smoke-20260907-170137-711276/cases/springroll/25_FO_COUNTERS/p001
springroll,26_FO_FARMLAND,p001.pddl,unsupported,false,,0,,,,not-run,results/smoke/all-numeric-planners-smoke-20260907-170137-711276/cases/springroll/26_FO_FARMLAND/p001
springroll,27_FO_SAILING,p001.pddl,dry-run,true,,0,,,,not-run,results/smoke/all-numeric-planners-smoke-20260907-170137-711276/cases/springroll/27_FO_SAILING/p001
springroll,28_HYDROPOWER,p001.pddl,dry-run,true,,0,,,,not-run,results/smoke/all-numeric-planners-smoke-20260907-170137-711276/cases/springroll/28_HYDROPOWER/p001
springroll,29_MARKETTRADER,p001.pddl,dry-run,true,,0,,,,not-run,results/smoke/all-numeric-planners-smoke-20260907-170137-711276/cases/springroll/29_MARKETTRADER/p001
springroll,30_MPRIME,p001.pddl,dry-run,true,,0,,,,not-run,results/smoke/all-numeric-planners-smoke-20260907-170137-711276/cases/springroll/30_MPRIME/p001
springroll,31_PATHWAYSMETRIC,p001.pddl,dry-run,true,,0,,,,not-run,results/smoke/all-numeric-planners-smoke-20260907-170137-711276/cases/springroll/31_PATHWAYSMETRIC/p001
springroll,32_ROVER_IPC23,p001.pddl,dry-run,true,,0,,,,not-run,results/smoke/all-numeric-planners-smoke-20260907-170137-711276/cases/springroll/32_ROVER_IPC23/p001
springroll,33_SAILING,p001.pddl,dry-run,true,,0,,,,not-run,results/smoke/all-numeric-planners-smoke-20260907-170137-711276/cases/springroll/33_SAILING/p001
springroll,34_SETTLERSNUMERIC,p001.pddl,unsupported,false,,0,,,,not-run,results/smoke/all-numeric-planners-smoke-20260907-170137-711276/cases/springroll/34_SETTLERSNUMERIC/p001
springroll,35_SUGAR,p001.pddl,dry-run,true,,0,,,,not-run,results/smoke/all-numeric-planners-smoke-20260907-170137-711276/cases/springroll/35_SUGAR/p001
springroll,36_TPP,p001.pddl,dry-run,true,,0,,,,not-run,results/smoke/all-numeric-planners-smoke-20260907-170137-711276/cases/springroll/36_TPP/p001
springroll,37_ZENOTRAVEL,p001.pddl,dry-run,true,,0,,,,not-run,results/smoke/all-numeric-planners-smoke-20260907-170137-711276/cases/springroll/37_ZENOTRAVEL/p001
springroll,38_SETTLERS_IPC04,p001.pddl,unsupported,false,,0,,,,not-run,results/smoke/all-numeric-planners-smoke-20260907-170137-711276/cases/springroll/38_SETTLERS_IPC04/p001
springroll,39_PSR_LARGE_IPC04,p001.pddl,unsupported,false,,0,,,,not-run,results/smoke/all-numeric-planners-smoke-20260907-170137-711276/cases/springroll/39_PSR_LARGE_IPC04/p001
tamerlite,01_LOGISTIC,p001.pddl,dry-run,true,,0,,,,not-run,results/smoke/all-numeric-planners-smoke-20260907-170137-711276/cases/tamerlite/01_LOGISTIC/p001
tamerlite,02_LOGISTIC_NEW,p001.pddl,dry-run,true,,0,,,,not-run,results/smoke/all-numeric-planners-smoke-20260907-170137-711276/cases/tamerlite/02_LOGISTIC_NEW/p001
tamerlite,03_BLOCKSWORLD,p001.pddl,dry-run,true,,0,,,,not-run,results/smoke/all-numeric-planners-smoke-20260907-170137-711276/cases/tamerlite/03_BLOCKSWORLD/p001
tamerlite,04_ROVER_CHANGMIN,p001.pddl,dry-run,true,,0,,,,not-run,results/smoke/all-numeric-planners-smoke-20260907-170137-711276/cases/tamerlite/04_ROVER_CHANGMIN/p001
tamerlite,05_PIPESWORLD_STRIPS,p001.pddl,dry-run,true,,0,,,,not-run,results/smoke/all-numeric-planners-smoke-20260907-170137-711276/cases/tamerlite/05_PIPESWORLD_STRIPS/p001
tamerlite,06_TSP_NUMERIC,p001.pddl,dry-run,true,,0,,,,not-run,results/smoke/all-numeric-planners-smoke-20260907-170137-711276/cases/tamerlite/06_TSP_NUMERIC/p001
tamerlite,07_TSP_CONNECTED_NUMERIC,p001.pddl,dry-run,true,,0,,,,not-run,results/smoke/all-numeric-planners-smoke-20260907-170137-711276/cases/tamerlite/07_TSP_CONNECTED_NUMERIC/p001
tamerlite,08_RAILWAYS_SIMPLE,p001.pddl,unsupported,false,,0,,,,not-run,results/smoke/all-numeric-planners-smoke-20260907-170137-711276/cases/tamerlite/08_RAILWAYS_SIMPLE/p001
tamerlite,09_WATERING,p001.pddl,dry-run,true,,0,,,,not-run,results/smoke/all-numeric-planners-smoke-20260907-170137-711276/cases/tamerlite/09_WATERING/p001
tamerlite,10_EIGHT_PUZZLE,p001.pddl,dry-run,true,,0,,,,not-run,results/smoke/all-numeric-planners-smoke-20260907-170137-711276/cases/tamerlite/10_EIGHT_PUZZLE/p001
tamerlite,11_SEEDSET,p001.pddl,dry-run,true,,0,,,,not-run,results/smoke/all-numeric-planners-smoke-20260907-170137-711276/cases/tamerlite/11_SEEDSET/p001
tamerlite,12_BOOKNEW,p001.pddl,dry-run,true,,0,,,,not-run,results/smoke/all-numeric-planners-smoke-20260907-170137-711276/cases/tamerlite/12_BOOKNEW/p001
tamerlite,13_GROUNDED_TRUCKS,p001.pddl,dry-run,true,,0,,,,not-run,results/smoke/all-numeric-planners-smoke-20260907-170137-711276/cases/tamerlite/13_GROUNDED_TRUCKS/p001
tamerlite,14_DESIRE,p001.pddl,dry-run,true,,0,,,,not-run,results/smoke/all-numeric-planners-smoke-20260907-170137-711276/cases/tamerlite/14_DESIRE/p001
tamerlite,15_ISSUE49,p001.pddl,dry-run,true,,0,,,,not-run,results/smoke/all-numeric-planners-smoke-20260907-170137-711276/cases/tamerlite/15_ISSUE49/p001
tamerlite,16_TEST1,p001.pddl,dry-run,true,,0,,,,not-run,results/smoke/all-numeric-planners-smoke-20260907-170137-711276/cases/tamerlite/16_TEST1/p001
tamerlite,17_SATELLITE,p001.pddl,dry-run,true,,0,,,,not-run,results/smoke/all-numeric-planners-smoke-20260907-170137-711276/cases/tamerlite/17_SATELLITE/p001
tamerlite,18_BLOCK_GROUPING,p001.pddl,unsupported,false,,0,,,,not-run,results/smoke/all-numeric-planners-smoke-20260907-170137-711276/cases/tamerlite/18_BLOCK_GROUPING/p001
tamerlite,19_COUNTERS,p001.pddl,dry-run,true,,0,,,,not-run,results/smoke/all-numeric-planners-smoke-20260907-170137-711276/cases/tamerlite/19_COUNTERS/p001
tamerlite,20_DELIVERY,p001.pddl,dry-run,true,,0,,,,not-run,results/smoke/all-numeric-planners-smoke-20260907-170137-711276/cases/tamerlite/20_DELIVERY/p001
tamerlite,21_DRONE,p001.pddl,dry-run,true,,0,,,,not-run,results/smoke/all-numeric-planners-smoke-20260907-170137-711276/cases/tamerlite/21_DRONE/p001
tamerlite,22_EXPEDITION,p001.pddl,dry-run,true,,0,,,,not-run,results/smoke/all-numeric-planners-smoke-20260907-170137-711276/cases/tamerlite/22_EXPEDITION/p001
tamerlite,23_EXT_PLANT_WATERING,p001.pddl,dry-run,true,,0,,,,not-run,results/smoke/all-numeric-planners-smoke-20260907-170137-711276/cases/tamerlite/23_EXT_PLANT_WATERING/p001
tamerlite,24_FARMLAND,p001.pddl,dry-run,true,,0,,,,not-run,results/smoke/all-numeric-planners-smoke-20260907-170137-711276/cases/tamerlite/24_FARMLAND/p001
tamerlite,25_FO_COUNTERS,p001.pddl,dry-run,true,,0,,,,not-run,results/smoke/all-numeric-planners-smoke-20260907-170137-711276/cases/tamerlite/25_FO_COUNTERS/p001
tamerlite,26_FO_FARMLAND,p001.pddl,unsupported,false,,0,,,,not-run,results/smoke/all-numeric-planners-smoke-20260907-170137-711276/cases/tamerlite/26_FO_FARMLAND/p001
tamerlite,27_FO_SAILING,p001.pddl,dry-run,true,,0,,,,not-run,results/smoke/all-numeric-planners-smoke-20260907-170137-711276/cases/tamerlite/27_FO_SAILING/p001
tamerlite,28_HYDROPOWER,p001.pddl,dry-run,true,,0,,,,not-run,results/smoke/all-numeric-planners-smoke-20260907-170137-711276/cases/tamerlite/28_HYDROPOWER/p001
tamerlite,29_MARKETTRADER,p001.pddl,dry-run,true,,0,,,,not-run,results/smoke/all-numeric-planners-smoke-20260907-170137-711276/cases/tamerlite/29_MARKETTRADER/p001
tamerlite,30_MPRIME,p001.pddl,dry-run,true,,0,,,,not-run,results/smoke/all-numeric-planners-smoke-20260907-170137-711276/cases/tamerlite/30_MPRIME/p001
tamerlite,31_PATHWAYSMETRIC,p001.pddl,dry-run,true,,0,,,,not-run,results/smoke/all-numeric-planners-smoke-20260907-170137-711276/cases/tamerlite/31_PATHWAYSMETRIC/p001
tamerlite,32_ROVER_IPC23,p001.pddl,dry-run,true,,0,,,,not-run,results/smoke/all-numeric-planners-smoke-20260907-170137-711276/cases/tamerlite/32_ROVER_IPC23/p001
tamerlite,33_SAILING,p001.pddl,dry-run,true,,0,,,,not-run,results/smoke/all-numeric-planners-smoke-20260907-170137-711276/cases/tamerlite/33_SAILING/p001
tamerlite,34_SETTLERSNUMERIC,p001.pddl,unsupported,false,,0,,,,not-run,results/smoke/all-numeric-planners-smoke-20260907-170137-711276/cases/tamerlite/34_SETTLERSNUMERIC/p001
tamerlite,35_SUGAR,p001.pddl,dry-run,true,,0,,,,not-run,results/smoke/all-numeric-planners-smoke-20260907-170137-711276/cases/tamerlite/35_SUGAR/p001
tamerlite,36_TPP,p001.pddl,dry-run,true,,0,,,,not-run,results/smoke/all-numeric-planners-smoke-20260907-170137-711276/cases/tamerlite/36_TPP/p001
tamerlite,37_ZENOTRAVEL,p001.pddl,dry-run,true,,0,,,,not-run,results/smoke/all-numeric-planners-smoke-20260907-170137-711276/cases/tamerlite/37_ZENOTRAVEL/p001
tamerlite,38_SETTLERS_IPC04,p001.pddl,unsupported,false,,0,,,,not-run,results/smoke/all-numeric-planners-smoke-20260907-170137-711276/cases/tamerlite/38_SETTLERS_IPC04/p001
tamerlite,39_PSR_LARGE_IPC04,p001.pddl,unsupported,false,,0,,,,not-run,results/smoke/all-numeric-planners-smoke-20260907-170137-711276/cases/tamerlite/39_PSR_LARGE_IPC04/p001
tamerlite-ipc2026-agile-1,01_LOGISTIC,p001.pddl,dry-run,true,,0,,,,not-run,results/smoke/all-numeric-planners-smoke-20260907-170137-711276/cases/tamerlite-ipc2026-agile-1/01_LOGISTIC/p001
tamerlite-ipc2026-agile-1,02_LOGISTIC_NEW,p001.pddl,dry-run,true,,0,,,,not-run,results/smoke/all-numeric-planners-smoke-20260907-170137-711276/cases/tamerlite-ipc2026-agile-1/02_LOGISTIC_NEW/p001
tamerlite-ipc2026-agile-1,03_BLOCKSWORLD,p001.pddl,dry-run,true,,0,,,,not-run,results/smoke/all-numeric-planners-smoke-20260907-170137-711276/cases/tamerlite-ipc2026-agile-1/03_BLOCKSWORLD/p001
tamerlite-ipc2026-agile-1,04_ROVER_CHANGMIN,p001.pddl,dry-run,true,,0,,,,not-run,results/smoke/all-numeric-planners-smoke-20260907-170137-711276/cases/tamerlite-ipc2026-agile-1/04_ROVER_CHANGMIN/p001
tamerlite-ipc2026-agile-1,05_PIPESWORLD_STRIPS,p001.pddl,dry-run,true,,0,,,,not-run,results/smoke/all-numeric-planners-smoke-20260907-170137-711276/cases/tamerlite-ipc2026-agile-1/05_PIPESWORLD_STRIPS/p001
tamerlite-ipc2026-agile-1,06_TSP_NUMERIC,p001.pddl,dry-run,true,,0,,,,not-run,results/smoke/all-numeric-planners-smoke-20260907-170137-711276/cases/tamerlite-ipc2026-agile-1/06_TSP_NUMERIC/p001
tamerlite-ipc2026-agile-1,07_TSP_CONNECTED_NUMERIC,p001.pddl,dry-run,true,,0,,,,not-run,results/smoke/all-numeric-planners-smoke-20260907-170137-711276/cases/tamerlite-ipc2026-agile-1/07_TSP_CONNECTED_NUMERIC/p001
tamerlite-ipc2026-agile-1,08_RAILWAYS_SIMPLE,p001.pddl,unsupported,false,,0,,,,not-run,results/smoke/all-numeric-planners-smoke-20260907-170137-711276/cases/tamerlite-ipc2026-agile-1/08_RAILWAYS_SIMPLE/p001
tamerlite-ipc2026-agile-1,09_WATERING,p001.pddl,dry-run,true,,0,,,,not-run,results/smoke/all-numeric-planners-smoke-20260907-170137-711276/cases/tamerlite-ipc2026-agile-1/09_WATERING/p001
tamerlite-ipc2026-agile-1,10_EIGHT_PUZZLE,p001.pddl,dry-run,true,,0,,,,not-run,results/smoke/all-numeric-planners-smoke-20260907-170137-711276/cases/tamerlite-ipc2026-agile-1/10_EIGHT_PUZZLE/p001
tamerlite-ipc2026-agile-1,11_SEEDSET,p001.pddl,dry-run,true,,0,,,,not-run,results/smoke/all-numeric-planners-smoke-20260907-170137-711276/cases/tamerlite-ipc2026-agile-1/11_SEEDSET/p001
tamerlite-ipc2026-agile-1,12_BOOKNEW,p001.pddl,dry-run,true,,0,,,,not-run,results/smoke/all-numeric-planners-smoke-20260907-170137-711276/cases/tamerlite-ipc2026-agile-1/12_BOOKNEW/p001
tamerlite-ipc2026-agile-1,13_GROUNDED_TRUCKS,p001.pddl,dry-run,true,,0,,,,not-run,results/smoke/all-numeric-planners-smoke-20260907-170137-711276/cases/tamerlite-ipc2026-agile-1/13_GROUNDED_TRUCKS/p001
tamerlite-ipc2026-agile-1,14_DESIRE,p001.pddl,dry-run,true,,0,,,,not-run,results/smoke/all-numeric-planners-smoke-20260907-170137-711276/cases/tamerlite-ipc2026-agile-1/14_DESIRE/p001
tamerlite-ipc2026-agile-1,15_ISSUE49,p001.pddl,dry-run,true,,0,,,,not-run,results/smoke/all-numeric-planners-smoke-20260907-170137-711276/cases/tamerlite-ipc2026-agile-1/15_ISSUE49/p001
tamerlite-ipc2026-agile-1,16_TEST1,p001.pddl,dry-run,true,,0,,,,not-run,results/smoke/all-numeric-planners-smoke-20260907-170137-711276/cases/tamerlite-ipc2026-agile-1/16_TEST1/p001
tamerlite-ipc2026-agile-1,17_SATELLITE,p001.pddl,dry-run,true,,0,,,,not-run,results/smoke/all-numeric-planners-smoke-20260907-170137-711276/cases/tamerlite-ipc2026-agile-1/17_SATELLITE/p001
tamerlite-ipc2026-agile-1,18_BLOCK_GROUPING,p001.pddl,unsupported,false,,0,,,,not-run,results/smoke/all-numeric-planners-smoke-20260907-170137-711276/cases/tamerlite-ipc2026-agile-1/18_BLOCK_GROUPING/p001
tamerlite-ipc2026-agile-1,19_COUNTERS,p001.pddl,dry-run,true,,0,,,,not-run,results/smoke/all-numeric-planners-smoke-20260907-170137-711276/cases/tamerlite-ipc2026-agile-1/19_COUNTERS/p001
tamerlite-ipc2026-agile-1,20_DELIVERY,p001.pddl,dry-run,true,,0,,,,not-run,results/smoke/all-numeric-planners-smoke-20260907-170137-711276/cases/tamerlite-ipc2026-agile-1/20_DELIVERY/p001
tamerlite-ipc2026-agile-1,21_DRONE,p001.pddl,dry-run,true,,0,,,,not-run,results/smoke/all-numeric-planners-smoke-20260907-170137-711276/cases/tamerlite-ipc2026-agile-1/21_DRONE/p001
tamerlite-ipc2026-agile-1,22_EXPEDITION,p001.pddl,dry-run,true,,0,,,,not-run,results/smoke/all-numeric-planners-smoke-20260907-170137-711276/cases/tamerlite-ipc2026-agile-1/22_EXPEDITION/p001
tamerlite-ipc2026-agile-1,23_EXT_PLANT_WATERING,p001.pddl,dry-run,true,,0,,,,not-run,results/smoke/all-numeric-planners-smoke-20260907-170137-711276/cases/tamerlite-ipc2026-agile-1/23_EXT_PLANT_WATERING/p001
tamerlite-ipc2026-agile-1,24_FARMLAND,p001.pddl,dry-run,true,,0,,,,not-run,results/smoke/all-numeric-planners-smoke-20260907-170137-711276/cases/tamerlite-ipc2026-agile-1/24_FARMLAND/p001
tamerlite-ipc2026-agile-1,25_FO_COUNTERS,p001.pddl,dry-run,true,,0,,,,not-run,results/smoke/all-numeric-planners-smoke-20260907-170137-711276/cases/tamerlite-ipc2026-agile-1/25_FO_COUNTERS/p001
tamerlite-ipc2026-agile-1,26_FO_FARMLAND,p001.pddl,unsupported,false,,0,,,,not-run,results/smoke/all-numeric-planners-smoke-20260907-170137-711276/cases/tamerlite-ipc2026-agile-1/26_FO_FARMLAND/p001
tamerlite-ipc2026-agile-1,27_FO_SAILING,p001.pddl,dry-run,true,,0,,,,not-run,results/smoke/all-numeric-planners-smoke-20260907-170137-711276/cases/tamerlite-ipc2026-agile-1/27_FO_SAILING/p001
tamerlite-ipc2026-agile-1,28_HYDROPOWER,p001.pddl,dry-run,true,,0,,,,not-run,results/smoke/all-numeric-planners-smoke-20260907-170137-711276/cases/tamerlite-ipc2026-agile-1/28_HYDROPOWER/p001
tamerlite-ipc2026-agile-1,29_MARKETTRADER,p001.pddl,dry-run,true,,0,,,,not-run,results/smoke/all-numeric-planners-smoke-20260907-170137-711276/cases/tamerlite-ipc2026-agile-1/29_MARKETTRADER/p001
tamerlite-ipc2026-agile-1,30_MPRIME,p001.pddl,dry-run,true,,0,,,,not-run,results/smoke/all-numeric-planners-smoke-20260907-170137-711276/cases/tamerlite-ipc2026-agile-1/30_MPRIME/p001
tamerlite-ipc2026-agile-1,31_PATHWAYSMETRIC,p001.pddl,dry-run,true,,0,,,,not-run,results/smoke/all-numeric-planners-smoke-20260907-170137-711276/cases/tamerlite-ipc2026-agile-1/31_PATHWAYSMETRIC/p001
tamerlite-ipc2026-agile-1,32_ROVER_IPC23,p001.pddl,dry-run,true,,0,,,,not-run,results/smoke/all-numeric-planners-smoke-20260907-170137-711276/cases/tamerlite-ipc2026-agile-1/32_ROVER_IPC23/p001
tamerlite-ipc2026-agile-1,33_SAILING,p001.pddl,dry-run,true,,0,,,,not-run,results/smoke/all-numeric-planners-smoke-20260907-170137-711276/cases/tamerlite-ipc2026-agile-1/33_SAILING/p001
tamerlite-ipc2026-agile-1,34_SETTLERSNUMERIC,p001.pddl,unsupported,false,,0,,,,not-run,results/smoke/all-numeric-planners-smoke-20260907-170137-711276/cases/tamerlite-ipc2026-agile-1/34_SETTLERSNUMERIC/p001
tamerlite-ipc2026-agile-1,35_SUGAR,p001.pddl,dry-run,true,,0,,,,not-run,results/smoke/all-numeric-planners-smoke-20260907-170137-711276/cases/tamerlite-ipc2026-agile-1/35_SUGAR/p001
tamerlite-ipc2026-agile-1,36_TPP,p001.pddl,dry-run,true,,0,,,,not-run,results/smoke/all-numeric-planners-smoke-20260907-170137-711276/cases/tamerlite-ipc2026-agile-1/36_TPP/p001
tamerlite-ipc2026-agile-1,37_ZENOTRAVEL,p001.pddl,dry-run,true,,0,,,,not-run,results/smoke/all-numeric-planners-smoke-20260907-170137-711276/cases/tamerlite-ipc2026-agile-1/37_ZENOTRAVEL/p001
tamerlite-ipc2026-agile-1,38_SETTLERS_IPC04,p001.pddl,unsupported,false,,0,,,,not-run,results/smoke/all-numeric-planners-smoke-20260907-170137-711276/cases/tamerlite-ipc2026-agile-1/38_SETTLERS_IPC04/p001
tamerlite-ipc2026-agile-1,39_PSR_LARGE_IPC04,p001.pddl,unsupported,false,,0,,,,not-run,results/smoke/all-numeric-planners-smoke-20260907-170137-711276/cases/tamerlite-ipc2026-agile-1/39_PSR_LARGE_IPC04/p001
tamerlite-ipc2026-agile-2,01_LOGISTIC,p001.pddl,dry-run,true,,0,,,,not-run,results/smoke/all-numeric-planners-smoke-20260907-170137-711276/cases/tamerlite-ipc2026-agile-2/01_LOGISTIC/p001
tamerlite-ipc2026-agile-2,02_LOGISTIC_NEW,p001.pddl,dry-run,true,,0,,,,not-run,results/smoke/all-numeric-planners-smoke-20260907-170137-711276/cases/tamerlite-ipc2026-agile-2/02_LOGISTIC_NEW/p001
tamerlite-ipc2026-agile-2,03_BLOCKSWORLD,p001.pddl,dry-run,true,,0,,,,not-run,results/smoke/all-numeric-planners-smoke-20260907-170137-711276/cases/tamerlite-ipc2026-agile-2/03_BLOCKSWORLD/p001
tamerlite-ipc2026-agile-2,04_ROVER_CHANGMIN,p001.pddl,dry-run,true,,0,,,,not-run,results/smoke/all-numeric-planners-smoke-20260907-170137-711276/cases/tamerlite-ipc2026-agile-2/04_ROVER_CHANGMIN/p001
tamerlite-ipc2026-agile-2,05_PIPESWORLD_STRIPS,p001.pddl,dry-run,true,,0,,,,not-run,results/smoke/all-numeric-planners-smoke-20260907-170137-711276/cases/tamerlite-ipc2026-agile-2/05_PIPESWORLD_STRIPS/p001
tamerlite-ipc2026-agile-2,06_TSP_NUMERIC,p001.pddl,dry-run,true,,0,,,,not-run,results/smoke/all-numeric-planners-smoke-20260907-170137-711276/cases/tamerlite-ipc2026-agile-2/06_TSP_NUMERIC/p001
tamerlite-ipc2026-agile-2,07_TSP_CONNECTED_NUMERIC,p001.pddl,dry-run,true,,0,,,,not-run,results/smoke/all-numeric-planners-smoke-20260907-170137-711276/cases/tamerlite-ipc2026-agile-2/07_TSP_CONNECTED_NUMERIC/p001
tamerlite-ipc2026-agile-2,08_RAILWAYS_SIMPLE,p001.pddl,unsupported,false,,0,,,,not-run,results/smoke/all-numeric-planners-smoke-20260907-170137-711276/cases/tamerlite-ipc2026-agile-2/08_RAILWAYS_SIMPLE/p001
tamerlite-ipc2026-agile-2,09_WATERING,p001.pddl,dry-run,true,,0,,,,not-run,results/smoke/all-numeric-planners-smoke-20260907-170137-711276/cases/tamerlite-ipc2026-agile-2/09_WATERING/p001
tamerlite-ipc2026-agile-2,10_EIGHT_PUZZLE,p001.pddl,dry-run,true,,0,,,,not-run,results/smoke/all-numeric-planners-smoke-20260907-170137-711276/cases/tamerlite-ipc2026-agile-2/10_EIGHT_PUZZLE/p001
tamerlite-ipc2026-agile-2,11_SEEDSET,p001.pddl,dry-run,true,,0,,,,not-run,results/smoke/all-numeric-planners-smoke-20260907-170137-711276/cases/tamerlite-ipc2026-agile-2/11_SEEDSET/p001
tamerlite-ipc2026-agile-2,12_BOOKNEW,p001.pddl,dry-run,true,,0,,,,not-run,results/smoke/all-numeric-planners-smoke-20260907-170137-711276/cases/tamerlite-ipc2026-agile-2/12_BOOKNEW/p001
tamerlite-ipc2026-agile-2,13_GROUNDED_TRUCKS,p001.pddl,dry-run,true,,0,,,,not-run,results/smoke/all-numeric-planners-smoke-20260907-170137-711276/cases/tamerlite-ipc2026-agile-2/13_GROUNDED_TRUCKS/p001
tamerlite-ipc2026-agile-2,14_DESIRE,p001.pddl,dry-run,true,,0,,,,not-run,results/smoke/all-numeric-planners-smoke-20260907-170137-711276/cases/tamerlite-ipc2026-agile-2/14_DESIRE/p001
tamerlite-ipc2026-agile-2,15_ISSUE49,p001.pddl,dry-run,true,,0,,,,not-run,results/smoke/all-numeric-planners-smoke-20260907-170137-711276/cases/tamerlite-ipc2026-agile-2/15_ISSUE49/p001
tamerlite-ipc2026-agile-2,16_TEST1,p001.pddl,dry-run,true,,0,,,,not-run,results/smoke/all-numeric-planners-smoke-20260907-170137-711276/cases/tamerlite-ipc2026-agile-2/16_TEST1/p001
tamerlite-ipc2026-agile-2,17_SATELLITE,p001.pddl,dry-run,true,,0,,,,not-run,results/smoke/all-numeric-planners-smoke-20260907-170137-711276/cases/tamerlite-ipc2026-agile-2/17_SATELLITE/p001
tamerlite-ipc2026-agile-2,18_BLOCK_GROUPING,p001.pddl,unsupported,false,,0,,,,not-run,results/smoke/all-numeric-planners-smoke-20260907-170137-711276/cases/tamerlite-ipc2026-agile-2/18_BLOCK_GROUPING/p001
tamerlite-ipc2026-agile-2,19_COUNTERS,p001.pddl,dry-run,true,,0,,,,not-run,results/smoke/all-numeric-planners-smoke-20260907-170137-711276/cases/tamerlite-ipc2026-agile-2/19_COUNTERS/p001
tamerlite-ipc2026-agile-2,20_DELIVERY,p001.pddl,dry-run,true,,0,,,,not-run,results/smoke/all-numeric-planners-smoke-20260907-170137-711276/cases/tamerlite-ipc2026-agile-2/20_DELIVERY/p001
tamerlite-ipc2026-agile-2,21_DRONE,p001.pddl,dry-run,true,,0,,,,not-run,results/smoke/all-numeric-planners-smoke-20260907-170137-711276/cases/tamerlite-ipc2026-agile-2/21_DRONE/p001
tamerlite-ipc2026-agile-2,22_EXPEDITION,p001.pddl,dry-run,true,,0,,,,not-run,results/smoke/all-numeric-planners-smoke-20260907-170137-711276/cases/tamerlite-ipc2026-agile-2/22_EXPEDITION/p001
tamerlite-ipc2026-agile-2,23_EXT_PLANT_WATERING,p001.pddl,dry-run,true,,0,,,,not-run,results/smoke/all-numeric-planners-smoke-20260907-170137-711276/cases/tamerlite-ipc2026-agile-2/23_EXT_PLANT_WATERING/p001
tamerlite-ipc2026-agile-2,24_FARMLAND,p001.pddl,dry-run,true,,0,,,,not-run,results/smoke/all-numeric-planners-smoke-20260907-170137-711276/cases/tamerlite-ipc2026-agile-2/24_FARMLAND/p001
tamerlite-ipc2026-agile-2,25_FO_COUNTERS,p001.pddl,dry-run,true,,0,,,,not-run,results/smoke/all-numeric-planners-smoke-20260907-170137-711276/cases/tamerlite-ipc2026-agile-2/25_FO_COUNTERS/p001
tamerlite-ipc2026-agile-2,26_FO_FARMLAND,p001.pddl,unsupported,false,,0,,,,not-run,results/smoke/all-numeric-planners-smoke-20260907-170137-711276/cases/tamerlite-ipc2026-agile-2/26_FO_FARMLAND/p001
tamerlite-ipc2026-agile-2,27_FO_SAILING,p001.pddl,dry-run,true,,0,,,,not-run,results/smoke/all-numeric-planners-smoke-20260907-170137-711276/cases/tamerlite-ipc2026-agile-2/27_FO_SAILING/p001
tamerlite-ipc2026-agile-2,28_HYDROPOWER,p001.pddl,dry-run,true,,0,,,,not-run,results/smoke/all-numeric-planners-smoke-20260907-170137-711276/cases/tamerlite-ipc2026-agile-2/28_HYDROPOWER/p001
tamerlite-ipc2026-agile-2,29_MARKETTRADER,p001.pddl,dry-run,true,,0,,,,not-run,results/smoke/all-numeric-planners-smoke-20260907-170137-711276/cases/tamerlite-ipc2026-agile-2/29_MARKETTRADER/p001
tamerlite-ipc2026-agile-2,30_MPRIME,p001.pddl,dry-run,true,,0,,,,not-run,results/smoke/all-numeric-planners-smoke-20260907-170137-711276/cases/tamerlite-ipc2026-agile-2/30_MPRIME/p001
tamerlite-ipc2026-agile-2,31_PATHWAYSMETRIC,p001.pddl,dry-run,true,,0,,,,not-run,results/smoke/all-numeric-planners-smoke-20260907-170137-711276/cases/tamerlite-ipc2026-agile-2/31_PATHWAYSMETRIC/p001
tamerlite-ipc2026-agile-2,32_ROVER_IPC23,p001.pddl,dry-run,true,,0,,,,not-run,results/smoke/all-numeric-planners-smoke-20260907-170137-711276/cases/tamerlite-ipc2026-agile-2/32_ROVER_IPC23/p001
tamerlite-ipc2026-agile-2,33_SAILING,p001.pddl,dry-run,true,,0,,,,not-run,results/smoke/all-numeric-planners-smoke-20260907-170137-711276/cases/tamerlite-ipc2026-agile-2/33_SAILING/p001
tamerlite-ipc2026-agile-2,34_SETTLERSNUMERIC,p001.pddl,unsupported,false,,0,,,,not-run,results/smoke/all-numeric-planners-smoke-20260907-170137-711276/cases/tamerlite-ipc2026-agile-2/34_SETTLERSNUMERIC/p001
tamerlite-ipc2026-agile-2,35_SUGAR,p001.pddl,dry-run,true,,0,,,,not-run,results/smoke/all-numeric-planners-smoke-20260907-170137-711276/cases/tamerlite-ipc2026-agile-2/35_SUGAR/p001
tamerlite-ipc2026-agile-2,36_TPP,p001.pddl,dry-run,true,,0,,,,not-run,results/smoke/all-numeric-planners-smoke-20260907-170137-711276/cases/tamerlite-ipc2026-agile-2/36_TPP/p001
tamerlite-ipc2026-agile-2,37_ZENOTRAVEL,p001.pddl,dry-run,true,,0,,,,not-run,results/smoke/all-numeric-planners-smoke-20260907-170137-711276/cases/tamerlite-ipc2026-agile-2/37_ZENOTRAVEL/p001
tamerlite-ipc2026-agile-2,38_SETTLERS_IPC04,p001.pddl,unsupported,false,,0,,,,not-run,results/smoke/all-numeric-planners-smoke-20260907-170137-711276/cases/tamerlite-ipc2026-agile-2/38_SETTLERS_IPC04/p001
tamerlite-ipc2026-agile-2,39_PSR_LARGE_IPC04,p001.pddl,unsupported,false,,0,,,,not-run,results/smoke/all-numeric-planners-smoke-20260907-170137-711276/cases/tamerlite-ipc2026-agile-2/39_PSR_LARGE_IPC04/p001
tamerlite-ipc2026-sat-1,01_LOGISTIC,p001.pddl,dry-run,true,,0,,,,not-run,results/smoke/all-numeric-planners-smoke-20260907-170137-711276/cases/tamerlite-ipc2026-sat-1/01_LOGISTIC/p001
tamerlite-ipc2026-sat-1,02_LOGISTIC_NEW,p001.pddl,dry-run,true,,0,,,,not-run,results/smoke/all-numeric-planners-smoke-20260907-170137-711276/cases/tamerlite-ipc2026-sat-1/02_LOGISTIC_NEW/p001
tamerlite-ipc2026-sat-1,03_BLOCKSWORLD,p001.pddl,dry-run,true,,0,,,,not-run,results/smoke/all-numeric-planners-smoke-20260907-170137-711276/cases/tamerlite-ipc2026-sat-1/03_BLOCKSWORLD/p001
tamerlite-ipc2026-sat-1,04_ROVER_CHANGMIN,p001.pddl,dry-run,true,,0,,,,not-run,results/smoke/all-numeric-planners-smoke-20260907-170137-711276/cases/tamerlite-ipc2026-sat-1/04_ROVER_CHANGMIN/p001
tamerlite-ipc2026-sat-1,05_PIPESWORLD_STRIPS,p001.pddl,dry-run,true,,0,,,,not-run,results/smoke/all-numeric-planners-smoke-20260907-170137-711276/cases/tamerlite-ipc2026-sat-1/05_PIPESWORLD_STRIPS/p001
tamerlite-ipc2026-sat-1,06_TSP_NUMERIC,p001.pddl,dry-run,true,,0,,,,not-run,results/smoke/all-numeric-planners-smoke-20260907-170137-711276/cases/tamerlite-ipc2026-sat-1/06_TSP_NUMERIC/p001
tamerlite-ipc2026-sat-1,07_TSP_CONNECTED_NUMERIC,p001.pddl,dry-run,true,,0,,,,not-run,results/smoke/all-numeric-planners-smoke-20260907-170137-711276/cases/tamerlite-ipc2026-sat-1/07_TSP_CONNECTED_NUMERIC/p001
tamerlite-ipc2026-sat-1,08_RAILWAYS_SIMPLE,p001.pddl,unsupported,false,,0,,,,not-run,results/smoke/all-numeric-planners-smoke-20260907-170137-711276/cases/tamerlite-ipc2026-sat-1/08_RAILWAYS_SIMPLE/p001
tamerlite-ipc2026-sat-1,09_WATERING,p001.pddl,dry-run,true,,0,,,,not-run,results/smoke/all-numeric-planners-smoke-20260907-170137-711276/cases/tamerlite-ipc2026-sat-1/09_WATERING/p001
tamerlite-ipc2026-sat-1,10_EIGHT_PUZZLE,p001.pddl,dry-run,true,,0,,,,not-run,results/smoke/all-numeric-planners-smoke-20260907-170137-711276/cases/tamerlite-ipc2026-sat-1/10_EIGHT_PUZZLE/p001
tamerlite-ipc2026-sat-1,11_SEEDSET,p001.pddl,dry-run,true,,0,,,,not-run,results/smoke/all-numeric-planners-smoke-20260907-170137-711276/cases/tamerlite-ipc2026-sat-1/11_SEEDSET/p001
tamerlite-ipc2026-sat-1,12_BOOKNEW,p001.pddl,dry-run,true,,0,,,,not-run,results/smoke/all-numeric-planners-smoke-20260907-170137-711276/cases/tamerlite-ipc2026-sat-1/12_BOOKNEW/p001
tamerlite-ipc2026-sat-1,13_GROUNDED_TRUCKS,p001.pddl,dry-run,true,,0,,,,not-run,results/smoke/all-numeric-planners-smoke-20260907-170137-711276/cases/tamerlite-ipc2026-sat-1/13_GROUNDED_TRUCKS/p001
tamerlite-ipc2026-sat-1,14_DESIRE,p001.pddl,dry-run,true,,0,,,,not-run,results/smoke/all-numeric-planners-smoke-20260907-170137-711276/cases/tamerlite-ipc2026-sat-1/14_DESIRE/p001
tamerlite-ipc2026-sat-1,15_ISSUE49,p001.pddl,dry-run,true,,0,,,,not-run,results/smoke/all-numeric-planners-smoke-20260907-170137-711276/cases/tamerlite-ipc2026-sat-1/15_ISSUE49/p001
tamerlite-ipc2026-sat-1,16_TEST1,p001.pddl,dry-run,true,,0,,,,not-run,results/smoke/all-numeric-planners-smoke-20260907-170137-711276/cases/tamerlite-ipc2026-sat-1/16_TEST1/p001
tamerlite-ipc2026-sat-1,17_SATELLITE,p001.pddl,dry-run,true,,0,,,,not-run,results/smoke/all-numeric-planners-smoke-20260907-170137-711276/cases/tamerlite-ipc2026-sat-1/17_SATELLITE/p001
tamerlite-ipc2026-sat-1,18_BLOCK_GROUPING,p001.pddl,unsupported,false,,0,,,,not-run,results/smoke/all-numeric-planners-smoke-20260907-170137-711276/cases/tamerlite-ipc2026-sat-1/18_BLOCK_GROUPING/p001
tamerlite-ipc2026-sat-1,19_COUNTERS,p001.pddl,dry-run,true,,0,,,,not-run,results/smoke/all-numeric-planners-smoke-20260907-170137-711276/cases/tamerlite-ipc2026-sat-1/19_COUNTERS/p001
tamerlite-ipc2026-sat-1,20_DELIVERY,p001.pddl,dry-run,true,,0,,,,not-run,results/smoke/all-numeric-planners-smoke-20260907-170137-711276/cases/tamerlite-ipc2026-sat-1/20_DELIVERY/p001
tamerlite-ipc2026-sat-1,21_DRONE,p001.pddl,dry-run,true,,0,,,,not-run,results/smoke/all-numeric-planners-smoke-20260907-170137-711276/cases/tamerlite-ipc2026-sat-1/21_DRONE/p001
tamerlite-ipc2026-sat-1,22_EXPEDITION,p001.pddl,dry-run,true,,0,,,,not-run,results/smoke/all-numeric-planners-smoke-20260907-170137-711276/cases/tamerlite-ipc2026-sat-1/22_EXPEDITION/p001
tamerlite-ipc2026-sat-1,23_EXT_PLANT_WATERING,p001.pddl,dry-run,true,,0,,,,not-run,results/smoke/all-numeric-planners-smoke-20260907-170137-711276/cases/tamerlite-ipc2026-sat-1/23_EXT_PLANT_WATERING/p001
tamerlite-ipc2026-sat-1,24_FARMLAND,p001.pddl,dry-run,true,,0,,,,not-run,results/smoke/all-numeric-planners-smoke-20260907-170137-711276/cases/tamerlite-ipc2026-sat-1/24_FARMLAND/p001
tamerlite-ipc2026-sat-1,25_FO_COUNTERS,p001.pddl,dry-run,true,,0,,,,not-run,results/smoke/all-numeric-planners-smoke-20260907-170137-711276/cases/tamerlite-ipc2026-sat-1/25_FO_COUNTERS/p001
tamerlite-ipc2026-sat-1,26_FO_FARMLAND,p001.pddl,unsupported,false,,0,,,,not-run,results/smoke/all-numeric-planners-smoke-20260907-170137-711276/cases/tamerlite-ipc2026-sat-1/26_FO_FARMLAND/p001
tamerlite-ipc2026-sat-1,27_FO_SAILING,p001.pddl,dry-run,true,,0,,,,not-run,results/smoke/all-numeric-planners-smoke-20260907-170137-711276/cases/tamerlite-ipc2026-sat-1/27_FO_SAILING/p001
tamerlite-ipc2026-sat-1,28_HYDROPOWER,p001.pddl,dry-run,true,,0,,,,not-run,results/smoke/all-numeric-planners-smoke-20260907-170137-711276/cases/tamerlite-ipc2026-sat-1/28_HYDROPOWER/p001
tamerlite-ipc2026-sat-1,29_MARKETTRADER,p001.pddl,dry-run,true,,0,,,,not-run,results/smoke/all-numeric-planners-smoke-20260907-170137-711276/cases/tamerlite-ipc2026-sat-1/29_MARKETTRADER/p001
tamerlite-ipc2026-sat-1,30_MPRIME,p001.pddl,dry-run,true,,0,,,,not-run,results/smoke/all-numeric-planners-smoke-20260907-170137-711276/cases/tamerlite-ipc2026-sat-1/30_MPRIME/p001
tamerlite-ipc2026-sat-1,31_PATHWAYSMETRIC,p001.pddl,dry-run,true,,0,,,,not-run,results/smoke/all-numeric-planners-smoke-20260907-170137-711276/cases/tamerlite-ipc2026-sat-1/31_PATHWAYSMETRIC/p001
tamerlite-ipc2026-sat-1,32_ROVER_IPC23,p001.pddl,dry-run,true,,0,,,,not-run,results/smoke/all-numeric-planners-smoke-20260907-170137-711276/cases/tamerlite-ipc2026-sat-1/32_ROVER_IPC23/p001
tamerlite-ipc2026-sat-1,33_SAILING,p001.pddl,dry-run,true,,0,,,,not-run,results/smoke/all-numeric-planners-smoke-20260907-170137-711276/cases/tamerlite-ipc2026-sat-1/33_SAILING/p001
tamerlite-ipc2026-sat-1,34_SETTLERSNUMERIC,p001.pddl,unsupported,false,,0,,,,not-run,results/smoke/all-numeric-planners-smoke-20260907-170137-711276/cases/tamerlite-ipc2026-sat-1/34_SETTLERSNUMERIC/p001
tamerlite-ipc2026-sat-1,35_SUGAR,p001.pddl,dry-run,true,,0,,,,not-run,results/smoke/all-numeric-planners-smoke-20260907-170137-711276/cases/tamerlite-ipc2026-sat-1/35_SUGAR/p001
tamerlite-ipc2026-sat-1,36_TPP,p001.pddl,dry-run,true,,0,,,,not-run,results/smoke/all-numeric-planners-smoke-20260907-170137-711276/cases/tamerlite-ipc2026-sat-1/36_TPP/p001
tamerlite-ipc2026-sat-1,37_ZENOTRAVEL,p001.pddl,dry-run,true,,0,,,,not-run,results/smoke/all-numeric-planners-smoke-20260907-170137-711276/cases/tamerlite-ipc2026-sat-1/37_ZENOTRAVEL/p001
tamerlite-ipc2026-sat-1,38_SETTLERS_IPC04,p001.pddl,unsupported,false,,0,,,,not-run,results/smoke/all-numeric-planners-smoke-20260907-170137-711276/cases/tamerlite-ipc2026-sat-1/38_SETTLERS_IPC04/p001
tamerlite-ipc2026-sat-1,39_PSR_LARGE_IPC04,p001.pddl,unsupported,false,,0,,,,not-run,results/smoke/all-numeric-planners-smoke-20260907-170137-711276/cases/tamerlite-ipc2026-sat-1/39_PSR_LARGE_IPC04/p001
tamerlite-ipc2026-sat-2,01_LOGISTIC,p001.pddl,dry-run,true,,0,,,,not-run,results/smoke/all-numeric-planners-smoke-20260907-170137-711276/cases/tamerlite-ipc2026-sat-2/01_LOGISTIC/p001
tamerlite-ipc2026-sat-2,02_LOGISTIC_NEW,p001.pddl,dry-run,true,,0,,,,not-run,results/smoke/all-numeric-planners-smoke-20260907-170137-711276/cases/tamerlite-ipc2026-sat-2/02_LOGISTIC_NEW/p001
tamerlite-ipc2026-sat-2,03_BLOCKSWORLD,p001.pddl,dry-run,true,,0,,,,not-run,results/smoke/all-numeric-planners-smoke-20260907-170137-711276/cases/tamerlite-ipc2026-sat-2/03_BLOCKSWORLD/p001
tamerlite-ipc2026-sat-2,04_ROVER_CHANGMIN,p001.pddl,dry-run,true,,0,,,,not-run,results/smoke/all-numeric-planners-smoke-20260907-170137-711276/cases/tamerlite-ipc2026-sat-2/04_ROVER_CHANGMIN/p001
tamerlite-ipc2026-sat-2,05_PIPESWORLD_STRIPS,p001.pddl,dry-run,true,,0,,,,not-run,results/smoke/all-numeric-planners-smoke-20260907-170137-711276/cases/tamerlite-ipc2026-sat-2/05_PIPESWORLD_STRIPS/p001
tamerlite-ipc2026-sat-2,06_TSP_NUMERIC,p001.pddl,dry-run,true,,0,,,,not-run,results/smoke/all-numeric-planners-smoke-20260907-170137-711276/cases/tamerlite-ipc2026-sat-2/06_TSP_NUMERIC/p001
tamerlite-ipc2026-sat-2,07_TSP_CONNECTED_NUMERIC,p001.pddl,dry-run,true,,0,,,,not-run,results/smoke/all-numeric-planners-smoke-20260907-170137-711276/cases/tamerlite-ipc2026-sat-2/07_TSP_CONNECTED_NUMERIC/p001
tamerlite-ipc2026-sat-2,08_RAILWAYS_SIMPLE,p001.pddl,unsupported,false,,0,,,,not-run,results/smoke/all-numeric-planners-smoke-20260907-170137-711276/cases/tamerlite-ipc2026-sat-2/08_RAILWAYS_SIMPLE/p001
tamerlite-ipc2026-sat-2,09_WATERING,p001.pddl,dry-run,true,,0,,,,not-run,results/smoke/all-numeric-planners-smoke-20260907-170137-711276/cases/tamerlite-ipc2026-sat-2/09_WATERING/p001
tamerlite-ipc2026-sat-2,10_EIGHT_PUZZLE,p001.pddl,dry-run,true,,0,,,,not-run,results/smoke/all-numeric-planners-smoke-20260907-170137-711276/cases/tamerlite-ipc2026-sat-2/10_EIGHT_PUZZLE/p001
tamerlite-ipc2026-sat-2,11_SEEDSET,p001.pddl,dry-run,true,,0,,,,not-run,results/smoke/all-numeric-planners-smoke-20260907-170137-711276/cases/tamerlite-ipc2026-sat-2/11_SEEDSET/p001
tamerlite-ipc2026-sat-2,12_BOOKNEW,p001.pddl,dry-run,true,,0,,,,not-run,results/smoke/all-numeric-planners-smoke-20260907-170137-711276/cases/tamerlite-ipc2026-sat-2/12_BOOKNEW/p001
tamerlite-ipc2026-sat-2,13_GROUNDED_TRUCKS,p001.pddl,dry-run,true,,0,,,,not-run,results/smoke/all-numeric-planners-smoke-20260907-170137-711276/cases/tamerlite-ipc2026-sat-2/13_GROUNDED_TRUCKS/p001
tamerlite-ipc2026-sat-2,14_DESIRE,p001.pddl,dry-run,true,,0,,,,not-run,results/smoke/all-numeric-planners-smoke-20260907-170137-711276/cases/tamerlite-ipc2026-sat-2/14_DESIRE/p001
tamerlite-ipc2026-sat-2,15_ISSUE49,p001.pddl,dry-run,true,,0,,,,not-run,results/smoke/all-numeric-planners-smoke-20260907-170137-711276/cases/tamerlite-ipc2026-sat-2/15_ISSUE49/p001
tamerlite-ipc2026-sat-2,16_TEST1,p001.pddl,dry-run,true,,0,,,,not-run,results/smoke/all-numeric-planners-smoke-20260907-170137-711276/cases/tamerlite-ipc2026-sat-2/16_TEST1/p001
tamerlite-ipc2026-sat-2,17_SATELLITE,p001.pddl,dry-run,true,,0,,,,not-run,results/smoke/all-numeric-planners-smoke-20260907-170137-711276/cases/tamerlite-ipc2026-sat-2/17_SATELLITE/p001
tamerlite-ipc2026-sat-2,18_BLOCK_GROUPING,p001.pddl,unsupported,false,,0,,,,not-run,results/smoke/all-numeric-planners-smoke-20260907-170137-711276/cases/tamerlite-ipc2026-sat-2/18_BLOCK_GROUPING/p001
tamerlite-ipc2026-sat-2,19_COUNTERS,p001.pddl,dry-run,true,,0,,,,not-run,results/smoke/all-numeric-planners-smoke-20260907-170137-711276/cases/tamerlite-ipc2026-sat-2/19_COUNTERS/p001
tamerlite-ipc2026-sat-2,20_DELIVERY,p001.pddl,dry-run,true,,0,,,,not-run,results/smoke/all-numeric-planners-smoke-20260907-170137-711276/cases/tamerlite-ipc2026-sat-2/20_DELIVERY/p001
tamerlite-ipc2026-sat-2,21_DRONE,p001.pddl,dry-run,true,,0,,,,not-run,results/smoke/all-numeric-planners-smoke-20260907-170137-711276/cases/tamerlite-ipc2026-sat-2/21_DRONE/p001
tamerlite-ipc2026-sat-2,22_EXPEDITION,p001.pddl,dry-run,true,,0,,,,not-run,results/smoke/all-numeric-planners-smoke-20260907-170137-711276/cases/tamerlite-ipc2026-sat-2/22_EXPEDITION/p001
tamerlite-ipc2026-sat-2,23_EXT_PLANT_WATERING,p001.pddl,dry-run,true,,0,,,,not-run,results/smoke/all-numeric-planners-smoke-20260907-170137-711276/cases/tamerlite-ipc2026-sat-2/23_EXT_PLANT_WATERING/p001
tamerlite-ipc2026-sat-2,24_FARMLAND,p001.pddl,dry-run,true,,0,,,,not-run,results/smoke/all-numeric-planners-smoke-20260907-170137-711276/cases/tamerlite-ipc2026-sat-2/24_FARMLAND/p001
tamerlite-ipc2026-sat-2,25_FO_COUNTERS,p001.pddl,dry-run,true,,0,,,,not-run,results/smoke/all-numeric-planners-smoke-20260907-170137-711276/cases/tamerlite-ipc2026-sat-2/25_FO_COUNTERS/p001
tamerlite-ipc2026-sat-2,26_FO_FARMLAND,p001.pddl,unsupported,false,,0,,,,not-run,results/smoke/all-numeric-planners-smoke-20260907-170137-711276/cases/tamerlite-ipc2026-sat-2/26_FO_FARMLAND/p001
tamerlite-ipc2026-sat-2,27_FO_SAILING,p001.pddl,dry-run,true,,0,,,,not-run,results/smoke/all-numeric-planners-smoke-20260907-170137-711276/cases/tamerlite-ipc2026-sat-2/27_FO_SAILING/p001
tamerlite-ipc2026-sat-2,28_HYDROPOWER,p001.pddl,dry-run,true,,0,,,,not-run,results/smoke/all-numeric-planners-smoke-20260907-170137-711276/cases/tamerlite-ipc2026-sat-2/28_HYDROPOWER/p001
tamerlite-ipc2026-sat-2,29_MARKETTRADER,p001.pddl,dry-run,true,,0,,,,not-run,results/smoke/all-numeric-planners-smoke-20260907-170137-711276/cases/tamerlite-ipc2026-sat-2/29_MARKETTRADER/p001
tamerlite-ipc2026-sat-2,30_MPRIME,p001.pddl,dry-run,true,,0,,,,not-run,results/smoke/all-numeric-planners-smoke-20260907-170137-711276/cases/tamerlite-ipc2026-sat-2/30_MPRIME/p001
tamerlite-ipc2026-sat-2,31_PATHWAYSMETRIC,p001.pddl,dry-run,true,,0,,,,not-run,results/smoke/all-numeric-planners-smoke-20260907-170137-711276/cases/tamerlite-ipc2026-sat-2/31_PATHWAYSMETRIC/p001
tamerlite-ipc2026-sat-2,32_ROVER_IPC23,p001.pddl,dry-run,true,,0,,,,not-run,results/smoke/all-numeric-planners-smoke-20260907-170137-711276/cases/tamerlite-ipc2026-sat-2/32_ROVER_IPC23/p001
tamerlite-ipc2026-sat-2,33_SAILING,p001.pddl,dry-run,true,,0,,,,not-run,results/smoke/all-numeric-planners-smoke-20260907-170137-711276/cases/tamerlite-ipc2026-sat-2/33_SAILING/p001
tamerlite-ipc2026-sat-2,34_SETTLERSNUMERIC,p001.pddl,unsupported,false,,0,,,,not-run,results/smoke/all-numeric-planners-smoke-20260907-170137-711276/cases/tamerlite-ipc2026-sat-2/34_SETTLERSNUMERIC/p001
tamerlite-ipc2026-sat-2,35_SUGAR,p001.pddl,dry-run,true,,0,,,,not-run,results/smoke/all-numeric-planners-smoke-20260907-170137-711276/cases/tamerlite-ipc2026-sat-2/35_SUGAR/p001
tamerlite-ipc2026-sat-2,36_TPP,p001.pddl,dry-run,true,,0,,,,not-run,results/smoke/all-numeric-planners-smoke-20260907-170137-711276/cases/tamerlite-ipc2026-sat-2/36_TPP/p001
tamerlite-ipc2026-sat-2,37_ZENOTRAVEL,p001.pddl,dry-run,true,,0,,,,not-run,results/smoke/all-numeric-planners-smoke-20260907-170137-711276/cases/tamerlite-ipc2026-sat-2/37_ZENOTRAVEL/p001
tamerlite-ipc2026-sat-2,38_SETTLERS_IPC04,p001.pddl,unsupported,false,,0,,,,not-run,results/smoke/all-numeric-planners-smoke-20260907-170137-711276/cases/tamerlite-ipc2026-sat-2/38_SETTLERS_IPC04/p001
tamerlite-ipc2026-sat-2,39_PSR_LARGE_IPC04,p001.pddl,unsupported,false,,0,,,,not-run,results/smoke/all-numeric-planners-smoke-20260907-170137-711276/cases/tamerlite-ipc2026-sat-2/39_PSR_LARGE_IPC04/p001
tempest,01_LOGISTIC,p001.pddl,dry-run,true,,0,,,,not-run,results/smoke/all-numeric-planners-smoke-20260907-170137-711276/cases/tempest/01_LOGISTIC/p001
tempest,02_LOGISTIC_NEW,p001.pddl,dry-run,true,,0,,,,not-run,results/smoke/all-numeric-planners-smoke-20260907-170137-711276/cases/tempest/02_LOGISTIC_NEW/p001
tempest,03_BLOCKSWORLD,p001.pddl,dry-run,true,,0,,,,not-run,results/smoke/all-numeric-planners-smoke-20260907-170137-711276/cases/tempest/03_BLOCKSWORLD/p001
tempest,04_ROVER_CHANGMIN,p001.pddl,dry-run,true,,0,,,,not-run,results/smoke/all-numeric-planners-smoke-20260907-170137-711276/cases/tempest/04_ROVER_CHANGMIN/p001
tempest,05_PIPESWORLD_STRIPS,p001.pddl,dry-run,true,,0,,,,not-run,results/smoke/all-numeric-planners-smoke-20260907-170137-711276/cases/tempest/05_PIPESWORLD_STRIPS/p001
tempest,06_TSP_NUMERIC,p001.pddl,dry-run,true,,0,,,,not-run,results/smoke/all-numeric-planners-smoke-20260907-170137-711276/cases/tempest/06_TSP_NUMERIC/p001
tempest,07_TSP_CONNECTED_NUMERIC,p001.pddl,dry-run,true,,0,,,,not-run,results/smoke/all-numeric-planners-smoke-20260907-170137-711276/cases/tempest/07_TSP_CONNECTED_NUMERIC/p001
tempest,08_RAILWAYS_SIMPLE,p001.pddl,unsupported,false,,0,,,,not-run,results/smoke/all-numeric-planners-smoke-20260907-170137-711276/cases/tempest/08_RAILWAYS_SIMPLE/p001
tempest,09_WATERING,p001.pddl,dry-run,true,,0,,,,not-run,results/smoke/all-numeric-planners-smoke-20260907-170137-711276/cases/tempest/09_WATERING/p001
tempest,10_EIGHT_PUZZLE,p001.pddl,dry-run,true,,0,,,,not-run,results/smoke/all-numeric-planners-smoke-20260907-170137-711276/cases/tempest/10_EIGHT_PUZZLE/p001
tempest,11_SEEDSET,p001.pddl,dry-run,true,,0,,,,not-run,results/smoke/all-numeric-planners-smoke-20260907-170137-711276/cases/tempest/11_SEEDSET/p001
tempest,12_BOOKNEW,p001.pddl,dry-run,true,,0,,,,not-run,results/smoke/all-numeric-planners-smoke-20260907-170137-711276/cases/tempest/12_BOOKNEW/p001
tempest,13_GROUNDED_TRUCKS,p001.pddl,dry-run,true,,0,,,,not-run,results/smoke/all-numeric-planners-smoke-20260907-170137-711276/cases/tempest/13_GROUNDED_TRUCKS/p001
tempest,14_DESIRE,p001.pddl,dry-run,true,,0,,,,not-run,results/smoke/all-numeric-planners-smoke-20260907-170137-711276/cases/tempest/14_DESIRE/p001
tempest,15_ISSUE49,p001.pddl,dry-run,true,,0,,,,not-run,results/smoke/all-numeric-planners-smoke-20260907-170137-711276/cases/tempest/15_ISSUE49/p001
tempest,16_TEST1,p001.pddl,dry-run,true,,0,,,,not-run,results/smoke/all-numeric-planners-smoke-20260907-170137-711276/cases/tempest/16_TEST1/p001
tempest,17_SATELLITE,p001.pddl,dry-run,true,,0,,,,not-run,results/smoke/all-numeric-planners-smoke-20260907-170137-711276/cases/tempest/17_SATELLITE/p001
tempest,18_BLOCK_GROUPING,p001.pddl,unsupported,false,,0,,,,not-run,results/smoke/all-numeric-planners-smoke-20260907-170137-711276/cases/tempest/18_BLOCK_GROUPING/p001
tempest,19_COUNTERS,p001.pddl,dry-run,true,,0,,,,not-run,results/smoke/all-numeric-planners-smoke-20260907-170137-711276/cases/tempest/19_COUNTERS/p001
tempest,20_DELIVERY,p001.pddl,dry-run,true,,0,,,,not-run,results/smoke/all-numeric-planners-smoke-20260907-170137-711276/cases/tempest/20_DELIVERY/p001
tempest,21_DRONE,p001.pddl,dry-run,true,,0,,,,not-run,results/smoke/all-numeric-planners-smoke-20260907-170137-711276/cases/tempest/21_DRONE/p001
tempest,22_EXPEDITION,p001.pddl,dry-run,true,,0,,,,not-run,results/smoke/all-numeric-planners-smoke-20260907-170137-711276/cases/tempest/22_EXPEDITION/p001
tempest,23_EXT_PLANT_WATERING,p001.pddl,dry-run,true,,0,,,,not-run,results/smoke/all-numeric-planners-smoke-20260907-170137-711276/cases/tempest/23_EXT_PLANT_WATERING/p001
tempest,24_FARMLAND,p001.pddl,dry-run,true,,0,,,,not-run,results/smoke/all-numeric-planners-smoke-20260907-170137-711276/cases/tempest/24_FARMLAND/p001
tempest,25_FO_COUNTERS,p001.pddl,dry-run,true,,0,,,,not-run,results/smoke/all-numeric-planners-smoke-20260907-170137-711276/cases/tempest/25_FO_COUNTERS/p001
tempest,26_FO_FARMLAND,p001.pddl,unsupported,false,,0,,,,not-run,results/smoke/all-numeric-planners-smoke-20260907-170137-711276/cases/tempest/26_FO_FARMLAND/p001
tempest,27_FO_SAILING,p001.pddl,dry-run,true,,0,,,,not-run,results/smoke/all-numeric-planners-smoke-20260907-170137-711276/cases/tempest/27_FO_SAILING/p001
tempest,28_HYDROPOWER,p001.pddl,dry-run,true,,0,,,,not-run,results/smoke/all-numeric-planners-smoke-20260907-170137-711276/cases/tempest/28_HYDROPOWER/p001
tempest,29_MARKETTRADER,p001.pddl,dry-run,true,,0,,,,not-run,results/smoke/all-numeric-planners-smoke-20260907-170137-711276/cases/tempest/29_MARKETTRADER/p001
tempest,30_MPRIME,p001.pddl,dry-run,true,,0,,,,not-run,results/smoke/all-numeric-planners-smoke-20260907-170137-711276/cases/tempest/30_MPRIME/p001
tempest,31_PATHWAYSMETRIC,p001.pddl,dry-run,true,,0,,,,not-run,results/smoke/all-numeric-planners-smoke-20260907-170137-711276/cases/tempest/31_PATHWAYSMETRIC/p001
tempest,32_ROVER_IPC23,p001.pddl,dry-run,true,,0,,,,not-run,results/smoke/all-numeric-planners-smoke-20260907-170137-711276/cases/tempest/32_ROVER_IPC23/p001
tempest,33_SAILING,p001.pddl,dry-run,true,,0,,,,not-run,results/smoke/all-numeric-planners-smoke-20260907-170137-711276/cases/tempest/33_SAILING/p001
tempest,34_SETTLERSNUMERIC,p001.pddl,unsupported,false,,0,,,,not-run,results/smoke/all-numeric-planners-smoke-20260907-170137-711276/cases/tempest/34_SETTLERSNUMERIC/p001
tempest,35_SUGAR,p001.pddl,dry-run,true,,0,,,,not-run,results/smoke/all-numeric-planners-smoke-20260907-170137-711276/cases/tempest/35_SUGAR/p001
tempest,36_TPP,p001.pddl,dry-run,true,,0,,,,not-run,results/smoke/all-numeric-planners-smoke-20260907-170137-711276/cases/tempest/36_TPP/p001
tempest,37_ZENOTRAVEL,p001.pddl,dry-run,true,,0,,,,not-run,results/smoke/all-numeric-planners-smoke-20260907-170137-711276/cases/tempest/37_ZENOTRAVEL/p001
tempest,38_SETTLERS_IPC04,p001.pddl,unsupported,false,,0,,,,not-run,results/smoke/all-numeric-planners-smoke-20260907-170137-711276/cases/tempest/38_SETTLERS_IPC04/p001
tempest,39_PSR_LARGE_IPC04,p001.pddl,unsupported,false,,0,,,,not-run,results/smoke/all-numeric-planners-smoke-20260907-170137-711276/cases/tempest/39_PSR_LARGE_IPC04/p001
tempest-numeric-ipc2026,01_LOGISTIC,p001.pddl,dry-run,true,,0,,,,not-run,results/smoke/all-numeric-planners-smoke-20260907-170137-711276/cases/tempest-numeric-ipc2026/01_LOGISTIC/p001
tempest-numeric-ipc2026,02_LOGISTIC_NEW,p001.pddl,dry-run,true,,0,,,,not-run,results/smoke/all-numeric-planners-smoke-20260907-170137-711276/cases/tempest-numeric-ipc2026/02_LOGISTIC_NEW/p001
tempest-numeric-ipc2026,03_BLOCKSWORLD,p001.pddl,dry-run,true,,0,,,,not-run,results/smoke/all-numeric-planners-smoke-20260907-170137-711276/cases/tempest-numeric-ipc2026/03_BLOCKSWORLD/p001
tempest-numeric-ipc2026,04_ROVER_CHANGMIN,p001.pddl,dry-run,true,,0,,,,not-run,results/smoke/all-numeric-planners-smoke-20260907-170137-711276/cases/tempest-numeric-ipc2026/04_ROVER_CHANGMIN/p001
tempest-numeric-ipc2026,05_PIPESWORLD_STRIPS,p001.pddl,dry-run,true,,0,,,,not-run,results/smoke/all-numeric-planners-smoke-20260907-170137-711276/cases/tempest-numeric-ipc2026/05_PIPESWORLD_STRIPS/p001
tempest-numeric-ipc2026,06_TSP_NUMERIC,p001.pddl,dry-run,true,,0,,,,not-run,results/smoke/all-numeric-planners-smoke-20260907-170137-711276/cases/tempest-numeric-ipc2026/06_TSP_NUMERIC/p001
tempest-numeric-ipc2026,07_TSP_CONNECTED_NUMERIC,p001.pddl,dry-run,true,,0,,,,not-run,results/smoke/all-numeric-planners-smoke-20260907-170137-711276/cases/tempest-numeric-ipc2026/07_TSP_CONNECTED_NUMERIC/p001
tempest-numeric-ipc2026,08_RAILWAYS_SIMPLE,p001.pddl,unsupported,false,,0,,,,not-run,results/smoke/all-numeric-planners-smoke-20260907-170137-711276/cases/tempest-numeric-ipc2026/08_RAILWAYS_SIMPLE/p001
tempest-numeric-ipc2026,09_WATERING,p001.pddl,dry-run,true,,0,,,,not-run,results/smoke/all-numeric-planners-smoke-20260907-170137-711276/cases/tempest-numeric-ipc2026/09_WATERING/p001
tempest-numeric-ipc2026,10_EIGHT_PUZZLE,p001.pddl,dry-run,true,,0,,,,not-run,results/smoke/all-numeric-planners-smoke-20260907-170137-711276/cases/tempest-numeric-ipc2026/10_EIGHT_PUZZLE/p001
tempest-numeric-ipc2026,11_SEEDSET,p001.pddl,dry-run,true,,0,,,,not-run,results/smoke/all-numeric-planners-smoke-20260907-170137-711276/cases/tempest-numeric-ipc2026/11_SEEDSET/p001
tempest-numeric-ipc2026,12_BOOKNEW,p001.pddl,dry-run,true,,0,,,,not-run,results/smoke/all-numeric-planners-smoke-20260907-170137-711276/cases/tempest-numeric-ipc2026/12_BOOKNEW/p001
tempest-numeric-ipc2026,13_GROUNDED_TRUCKS,p001.pddl,dry-run,true,,0,,,,not-run,results/smoke/all-numeric-planners-smoke-20260907-170137-711276/cases/tempest-numeric-ipc2026/13_GROUNDED_TRUCKS/p001
tempest-numeric-ipc2026,14_DESIRE,p001.pddl,dry-run,true,,0,,,,not-run,results/smoke/all-numeric-planners-smoke-20260907-170137-711276/cases/tempest-numeric-ipc2026/14_DESIRE/p001
tempest-numeric-ipc2026,15_ISSUE49,p001.pddl,dry-run,true,,0,,,,not-run,results/smoke/all-numeric-planners-smoke-20260907-170137-711276/cases/tempest-numeric-ipc2026/15_ISSUE49/p001
tempest-numeric-ipc2026,16_TEST1,p001.pddl,dry-run,true,,0,,,,not-run,results/smoke/all-numeric-planners-smoke-20260907-170137-711276/cases/tempest-numeric-ipc2026/16_TEST1/p001
tempest-numeric-ipc2026,17_SATELLITE,p001.pddl,dry-run,true,,0,,,,not-run,results/smoke/all-numeric-planners-smoke-20260907-170137-711276/cases/tempest-numeric-ipc2026/17_SATELLITE/p001
tempest-numeric-ipc2026,18_BLOCK_GROUPING,p001.pddl,unsupported,false,,0,,,,not-run,results/smoke/all-numeric-planners-smoke-20260907-170137-711276/cases/tempest-numeric-ipc2026/18_BLOCK_GROUPING/p001
tempest-numeric-ipc2026,19_COUNTERS,p001.pddl,dry-run,true,,0,,,,not-run,results/smoke/all-numeric-planners-smoke-20260907-170137-711276/cases/tempest-numeric-ipc2026/19_COUNTERS/p001
tempest-numeric-ipc2026,20_DELIVERY,p001.pddl,dry-run,true,,0,,,,not-run,results/smoke/all-numeric-planners-smoke-20260907-170137-711276/cases/tempest-numeric-ipc2026/20_DELIVERY/p001
tempest-numeric-ipc2026,21_DRONE,p001.pddl,dry-run,true,,0,,,,not-run,results/smoke/all-numeric-planners-smoke-20260907-170137-711276/cases/tempest-numeric-ipc2026/21_DRONE/p001
tempest-numeric-ipc2026,22_EXPEDITION,p001.pddl,dry-run,true,,0,,,,not-run,results/smoke/all-numeric-planners-smoke-20260907-170137-711276/cases/tempest-numeric-ipc2026/22_EXPEDITION/p001
tempest-numeric-ipc2026,23_EXT_PLANT_WATERING,p001.pddl,dry-run,true,,0,,,,not-run,results/smoke/all-numeric-planners-smoke-20260907-170137-711276/cases/tempest-numeric-ipc2026/23_EXT_PLANT_WATERING/p001
tempest-numeric-ipc2026,24_FARMLAND,p001.pddl,dry-run,true,,0,,,,not-run,results/smoke/all-numeric-planners-smoke-20260907-170137-711276/cases/tempest-numeric-ipc2026/24_FARMLAND/p001
tempest-numeric-ipc2026,25_FO_COUNTERS,p001.pddl,dry-run,true,,0,,,,not-run,results/smoke/all-numeric-planners-smoke-20260907-170137-711276/cases/tempest-numeric-ipc2026/25_FO_COUNTERS/p001
tempest-numeric-ipc2026,26_FO_FARMLAND,p001.pddl,unsupported,false,,0,,,,not-run,results/smoke/all-numeric-planners-smoke-20260907-170137-711276/cases/tempest-numeric-ipc2026/26_FO_FARMLAND/p001
tempest-numeric-ipc2026,27_FO_SAILING,p001.pddl,dry-run,true,,0,,,,not-run,results/smoke/all-numeric-planners-smoke-20260907-170137-711276/cases/tempest-numeric-ipc2026/27_FO_SAILING/p001
tempest-numeric-ipc2026,28_HYDROPOWER,p001.pddl,dry-run,true,,0,,,,not-run,results/smoke/all-numeric-planners-smoke-20260907-170137-711276/cases/tempest-numeric-ipc2026/28_HYDROPOWER/p001
tempest-numeric-ipc2026,29_MARKETTRADER,p001.pddl,dry-run,true,,0,,,,not-run,results/smoke/all-numeric-planners-smoke-20260907-170137-711276/cases/tempest-numeric-ipc2026/29_MARKETTRADER/p001
tempest-numeric-ipc2026,30_MPRIME,p001.pddl,dry-run,true,,0,,,,not-run,results/smoke/all-numeric-planners-smoke-20260907-170137-711276/cases/tempest-numeric-ipc2026/30_MPRIME/p001
tempest-numeric-ipc2026,31_PATHWAYSMETRIC,p001.pddl,dry-run,true,,0,,,,not-run,results/smoke/all-numeric-planners-smoke-20260907-170137-711276/cases/tempest-numeric-ipc2026/31_PATHWAYSMETRIC/p001
tempest-numeric-ipc2026,32_ROVER_IPC23,p001.pddl,dry-run,true,,0,,,,not-run,results/smoke/all-numeric-planners-smoke-20260907-170137-711276/cases/tempest-numeric-ipc2026/32_ROVER_IPC23/p001
tempest-numeric-ipc2026,33_SAILING,p001.pddl,dry-run,true,,0,,,,not-run,results/smoke/all-numeric-planners-smoke-20260907-170137-711276/cases/tempest-numeric-ipc2026/33_SAILING/p001
tempest-numeric-ipc2026,34_SETTLERSNUMERIC,p001.pddl,unsupported,false,,0,,,,not-run,results/smoke/all-numeric-planners-smoke-20260907-170137-711276/cases/tempest-numeric-ipc2026/34_SETTLERSNUMERIC/p001
tempest-numeric-ipc2026,35_SUGAR,p001.pddl,dry-run,true,,0,,,,not-run,results/smoke/all-numeric-planners-smoke-20260907-170137-711276/cases/tempest-numeric-ipc2026/35_SUGAR/p001
tempest-numeric-ipc2026,36_TPP,p001.pddl,dry-run,true,,0,,,,not-run,results/smoke/all-numeric-planners-smoke-20260907-170137-711276/cases/tempest-numeric-ipc2026/36_TPP/p001
tempest-numeric-ipc2026,37_ZENOTRAVEL,p001.pddl,dry-run,true,,0,,,,not-run,results/smoke/all-numeric-planners-smoke-20260907-170137-711276/cases/tempest-numeric-ipc2026/37_ZENOTRAVEL/p001
tempest-numeric-ipc2026,38_SETTLERS_IPC04,p001.pddl,unsupported,false,,0,,,,not-run,results/smoke/all-numeric-planners-smoke-20260907-170137-711276/cases/tempest-numeric-ipc2026/38_SETTLERS_IPC04/p001
tempest-numeric-ipc2026,39_PSR_LARGE_IPC04,p001.pddl,unsupported,false,,0,,,,not-run,results/smoke/all-numeric-planners-smoke-20260907-170137-711276/cases/tempest-numeric-ipc2026/39_PSR_LARGE_IPC04/p001
tempest-opt,01_LOGISTIC,p001.pddl,dry-run,true,,0,,,,not-run,results/smoke/all-numeric-planners-smoke-20260907-170137-711276/cases/tempest-opt/01_LOGISTIC/p001
tempest-opt,02_LOGISTIC_NEW,p001.pddl,dry-run,true,,0,,,,not-run,results/smoke/all-numeric-planners-smoke-20260907-170137-711276/cases/tempest-opt/02_LOGISTIC_NEW/p001
tempest-opt,03_BLOCKSWORLD,p001.pddl,dry-run,true,,0,,,,not-run,results/smoke/all-numeric-planners-smoke-20260907-170137-711276/cases/tempest-opt/03_BLOCKSWORLD/p001
tempest-opt,04_ROVER_CHANGMIN,p001.pddl,dry-run,true,,0,,,,not-run,results/smoke/all-numeric-planners-smoke-20260907-170137-711276/cases/tempest-opt/04_ROVER_CHANGMIN/p001
tempest-opt,05_PIPESWORLD_STRIPS,p001.pddl,dry-run,true,,0,,,,not-run,results/smoke/all-numeric-planners-smoke-20260907-170137-711276/cases/tempest-opt/05_PIPESWORLD_STRIPS/p001
tempest-opt,06_TSP_NUMERIC,p001.pddl,dry-run,true,,0,,,,not-run,results/smoke/all-numeric-planners-smoke-20260907-170137-711276/cases/tempest-opt/06_TSP_NUMERIC/p001
tempest-opt,07_TSP_CONNECTED_NUMERIC,p001.pddl,dry-run,true,,0,,,,not-run,results/smoke/all-numeric-planners-smoke-20260907-170137-711276/cases/tempest-opt/07_TSP_CONNECTED_NUMERIC/p001
tempest-opt,08_RAILWAYS_SIMPLE,p001.pddl,unsupported,false,,0,,,,not-run,results/smoke/all-numeric-planners-smoke-20260907-170137-711276/cases/tempest-opt/08_RAILWAYS_SIMPLE/p001
tempest-opt,09_WATERING,p001.pddl,dry-run,true,,0,,,,not-run,results/smoke/all-numeric-planners-smoke-20260907-170137-711276/cases/tempest-opt/09_WATERING/p001
tempest-opt,10_EIGHT_PUZZLE,p001.pddl,dry-run,true,,0,,,,not-run,results/smoke/all-numeric-planners-smoke-20260907-170137-711276/cases/tempest-opt/10_EIGHT_PUZZLE/p001
tempest-opt,11_SEEDSET,p001.pddl,dry-run,true,,0,,,,not-run,results/smoke/all-numeric-planners-smoke-20260907-170137-711276/cases/tempest-opt/11_SEEDSET/p001
tempest-opt,12_BOOKNEW,p001.pddl,dry-run,true,,0,,,,not-run,results/smoke/all-numeric-planners-smoke-20260907-170137-711276/cases/tempest-opt/12_BOOKNEW/p001
tempest-opt,13_GROUNDED_TRUCKS,p001.pddl,dry-run,true,,0,,,,not-run,results/smoke/all-numeric-planners-smoke-20260907-170137-711276/cases/tempest-opt/13_GROUNDED_TRUCKS/p001
tempest-opt,14_DESIRE,p001.pddl,dry-run,true,,0,,,,not-run,results/smoke/all-numeric-planners-smoke-20260907-170137-711276/cases/tempest-opt/14_DESIRE/p001
tempest-opt,15_ISSUE49,p001.pddl,dry-run,true,,0,,,,not-run,results/smoke/all-numeric-planners-smoke-20260907-170137-711276/cases/tempest-opt/15_ISSUE49/p001
tempest-opt,16_TEST1,p001.pddl,dry-run,true,,0,,,,not-run,results/smoke/all-numeric-planners-smoke-20260907-170137-711276/cases/tempest-opt/16_TEST1/p001
tempest-opt,17_SATELLITE,p001.pddl,dry-run,true,,0,,,,not-run,results/smoke/all-numeric-planners-smoke-20260907-170137-711276/cases/tempest-opt/17_SATELLITE/p001
tempest-opt,18_BLOCK_GROUPING,p001.pddl,unsupported,false,,0,,,,not-run,results/smoke/all-numeric-planners-smoke-20260907-170137-711276/cases/tempest-opt/18_BLOCK_GROUPING/p001
tempest-opt,19_COUNTERS,p001.pddl,dry-run,true,,0,,,,not-run,results/smoke/all-numeric-planners-smoke-20260907-170137-711276/cases/tempest-opt/19_COUNTERS/p001
tempest-opt,20_DELIVERY,p001.pddl,dry-run,true,,0,,,,not-run,results/smoke/all-numeric-planners-smoke-20260907-170137-711276/cases/tempest-opt/20_DELIVERY/p001
tempest-opt,21_DRONE,p001.pddl,dry-run,true,,0,,,,not-run,results/smoke/all-numeric-planners-smoke-20260907-170137-711276/cases/tempest-opt/21_DRONE/p001
tempest-opt,22_EXPEDITION,p001.pddl,dry-run,true,,0,,,,not-run,results/smoke/all-numeric-planners-smoke-20260907-170137-711276/cases/tempest-opt/22_EXPEDITION/p001
tempest-opt,23_EXT_PLANT_WATERING,p001.pddl,dry-run,true,,0,,,,not-run,results/smoke/all-numeric-planners-smoke-20260907-170137-711276/cases/tempest-opt/23_EXT_PLANT_WATERING/p001
tempest-opt,24_FARMLAND,p001.pddl,dry-run,true,,0,,,,not-run,results/smoke/all-numeric-planners-smoke-20260907-170137-711276/cases/tempest-opt/24_FARMLAND/p001
tempest-opt,25_FO_COUNTERS,p001.pddl,dry-run,true,,0,,,,not-run,results/smoke/all-numeric-planners-smoke-20260907-170137-711276/cases/tempest-opt/25_FO_COUNTERS/p001
tempest-opt,26_FO_FARMLAND,p001.pddl,unsupported,false,,0,,,,not-run,results/smoke/all-numeric-planners-smoke-20260907-170137-711276/cases/tempest-opt/26_FO_FARMLAND/p001
tempest-opt,27_FO_SAILING,p001.pddl,dry-run,true,,0,,,,not-run,results/smoke/all-numeric-planners-smoke-20260907-170137-711276/cases/tempest-opt/27_FO_SAILING/p001
tempest-opt,28_HYDROPOWER,p001.pddl,dry-run,true,,0,,,,not-run,results/smoke/all-numeric-planners-smoke-20260907-170137-711276/cases/tempest-opt/28_HYDROPOWER/p001
tempest-opt,29_MARKETTRADER,p001.pddl,dry-run,true,,0,,,,not-run,results/smoke/all-numeric-planners-smoke-20260907-170137-711276/cases/tempest-opt/29_MARKETTRADER/p001
tempest-opt,30_MPRIME,p001.pddl,dry-run,true,,0,,,,not-run,results/smoke/all-numeric-planners-smoke-20260907-170137-711276/cases/tempest-opt/30_MPRIME/p001
tempest-opt,31_PATHWAYSMETRIC,p001.pddl,dry-run,true,,0,,,,not-run,results/smoke/all-numeric-planners-smoke-20260907-170137-711276/cases/tempest-opt/31_PATHWAYSMETRIC/p001
tempest-opt,32_ROVER_IPC23,p001.pddl,dry-run,true,,0,,,,not-run,results/smoke/all-numeric-planners-smoke-20260907-170137-711276/cases/tempest-opt/32_ROVER_IPC23/p001
tempest-opt,33_SAILING,p001.pddl,dry-run,true,,0,,,,not-run,results/smoke/all-numeric-planners-smoke-20260907-170137-711276/cases/tempest-opt/33_SAILING/p001
tempest-opt,34_SETTLERSNUMERIC,p001.pddl,unsupported,false,,0,,,,not-run,results/smoke/all-numeric-planners-smoke-20260907-170137-711276/cases/tempest-opt/34_SETTLERSNUMERIC/p001
tempest-opt,35_SUGAR,p001.pddl,dry-run,true,,0,,,,not-run,results/smoke/all-numeric-planners-smoke-20260907-170137-711276/cases/tempest-opt/35_SUGAR/p001
tempest-opt,36_TPP,p001.pddl,dry-run,true,,0,,,,not-run,results/smoke/all-numeric-planners-smoke-20260907-170137-711276/cases/tempest-opt/36_TPP/p001
tempest-opt,37_ZENOTRAVEL,p001.pddl,dry-run,true,,0,,,,not-run,results/smoke/all-numeric-planners-smoke-20260907-170137-711276/cases/tempest-opt/37_ZENOTRAVEL/p001
tempest-opt,38_SETTLERS_IPC04,p001.pddl,unsupported,false,,0,,,,not-run,results/smoke/all-numeric-planners-smoke-20260907-170137-711276/cases/tempest-opt/38_SETTLERS_IPC04/p001
tempest-opt,39_PSR_LARGE_IPC04,p001.pddl,unsupported,false,,0,,,,not-run,results/smoke/all-numeric-planners-smoke-20260907-170137-711276/cases/tempest-opt/39_PSR_LARGE_IPC04/p001
up-lpg-native,01_LOGISTIC,p001.pddl,dry-run,true,,0,,,,not-run,results/smoke/all-numeric-planners-smoke-20260907-170137-711276/cases/up-lpg-native/01_LOGISTIC/p001
up-lpg-native,02_LOGISTIC_NEW,p001.pddl,dry-run,true,,0,,,,not-run,results/smoke/all-numeric-planners-smoke-20260907-170137-711276/cases/up-lpg-native/02_LOGISTIC_NEW/p001
up-lpg-native,03_BLOCKSWORLD,p001.pddl,dry-run,true,,0,,,,not-run,results/smoke/all-numeric-planners-smoke-20260907-170137-711276/cases/up-lpg-native/03_BLOCKSWORLD/p001
up-lpg-native,04_ROVER_CHANGMIN,p001.pddl,dry-run,true,,0,,,,not-run,results/smoke/all-numeric-planners-smoke-20260907-170137-711276/cases/up-lpg-native/04_ROVER_CHANGMIN/p001
up-lpg-native,05_PIPESWORLD_STRIPS,p001.pddl,dry-run,true,,0,,,,not-run,results/smoke/all-numeric-planners-smoke-20260907-170137-711276/cases/up-lpg-native/05_PIPESWORLD_STRIPS/p001
up-lpg-native,06_TSP_NUMERIC,p001.pddl,dry-run,true,,0,,,,not-run,results/smoke/all-numeric-planners-smoke-20260907-170137-711276/cases/up-lpg-native/06_TSP_NUMERIC/p001
up-lpg-native,07_TSP_CONNECTED_NUMERIC,p001.pddl,dry-run,true,,0,,,,not-run,results/smoke/all-numeric-planners-smoke-20260907-170137-711276/cases/up-lpg-native/07_TSP_CONNECTED_NUMERIC/p001
up-lpg-native,08_RAILWAYS_SIMPLE,p001.pddl,unsupported,false,,0,,,,not-run,results/smoke/all-numeric-planners-smoke-20260907-170137-711276/cases/up-lpg-native/08_RAILWAYS_SIMPLE/p001
up-lpg-native,09_WATERING,p001.pddl,dry-run,true,,0,,,,not-run,results/smoke/all-numeric-planners-smoke-20260907-170137-711276/cases/up-lpg-native/09_WATERING/p001
up-lpg-native,10_EIGHT_PUZZLE,p001.pddl,dry-run,true,,0,,,,not-run,results/smoke/all-numeric-planners-smoke-20260907-170137-711276/cases/up-lpg-native/10_EIGHT_PUZZLE/p001
up-lpg-native,11_SEEDSET,p001.pddl,dry-run,true,,0,,,,not-run,results/smoke/all-numeric-planners-smoke-20260907-170137-711276/cases/up-lpg-native/11_SEEDSET/p001
up-lpg-native,12_BOOKNEW,p001.pddl,dry-run,true,,0,,,,not-run,results/smoke/all-numeric-planners-smoke-20260907-170137-711276/cases/up-lpg-native/12_BOOKNEW/p001
up-lpg-native,13_GROUNDED_TRUCKS,p001.pddl,dry-run,true,,0,,,,not-run,results/smoke/all-numeric-planners-smoke-20260907-170137-711276/cases/up-lpg-native/13_GROUNDED_TRUCKS/p001
up-lpg-native,14_DESIRE,p001.pddl,dry-run,true,,0,,,,not-run,results/smoke/all-numeric-planners-smoke-20260907-170137-711276/cases/up-lpg-native/14_DESIRE/p001
up-lpg-native,15_ISSUE49,p001.pddl,dry-run,true,,0,,,,not-run,results/smoke/all-numeric-planners-smoke-20260907-170137-711276/cases/up-lpg-native/15_ISSUE49/p001
up-lpg-native,16_TEST1,p001.pddl,dry-run,true,,0,,,,not-run,results/smoke/all-numeric-planners-smoke-20260907-170137-711276/cases/up-lpg-native/16_TEST1/p001
up-lpg-native,17_SATELLITE,p001.pddl,dry-run,true,,0,,,,not-run,results/smoke/all-numeric-planners-smoke-20260907-170137-711276/cases/up-lpg-native/17_SATELLITE/p001
up-lpg-native,18_BLOCK_GROUPING,p001.pddl,dry-run,true,,0,,,,not-run,results/smoke/all-numeric-planners-smoke-20260907-170137-711276/cases/up-lpg-native/18_BLOCK_GROUPING/p001
up-lpg-native,19_COUNTERS,p001.pddl,dry-run,true,,0,,,,not-run,results/smoke/all-numeric-planners-smoke-20260907-170137-711276/cases/up-lpg-native/19_COUNTERS/p001
up-lpg-native,20_DELIVERY,p001.pddl,dry-run,true,,0,,,,not-run,results/smoke/all-numeric-planners-smoke-20260907-170137-711276/cases/up-lpg-native/20_DELIVERY/p001
up-lpg-native,21_DRONE,p001.pddl,dry-run,true,,0,,,,not-run,results/smoke/all-numeric-planners-smoke-20260907-170137-711276/cases/up-lpg-native/21_DRONE/p001
up-lpg-native,22_EXPEDITION,p001.pddl,dry-run,true,,0,,,,not-run,results/smoke/all-numeric-planners-smoke-20260907-170137-711276/cases/up-lpg-native/22_EXPEDITION/p001
up-lpg-native,23_EXT_PLANT_WATERING,p001.pddl,dry-run,true,,0,,,,not-run,results/smoke/all-numeric-planners-smoke-20260907-170137-711276/cases/up-lpg-native/23_EXT_PLANT_WATERING/p001
up-lpg-native,24_FARMLAND,p001.pddl,dry-run,true,,0,,,,not-run,results/smoke/all-numeric-planners-smoke-20260907-170137-711276/cases/up-lpg-native/24_FARMLAND/p001
up-lpg-native,25_FO_COUNTERS,p001.pddl,dry-run,true,,0,,,,not-run,results/smoke/all-numeric-planners-smoke-20260907-170137-711276/cases/up-lpg-native/25_FO_COUNTERS/p001
up-lpg-native,26_FO_FARMLAND,p001.pddl,dry-run,true,,0,,,,not-run,results/smoke/all-numeric-planners-smoke-20260907-170137-711276/cases/up-lpg-native/26_FO_FARMLAND/p001
up-lpg-native,27_FO_SAILING,p001.pddl,dry-run,true,,0,,,,not-run,results/smoke/all-numeric-planners-smoke-20260907-170137-711276/cases/up-lpg-native/27_FO_SAILING/p001
up-lpg-native,28_HYDROPOWER,p001.pddl,dry-run,true,,0,,,,not-run,results/smoke/all-numeric-planners-smoke-20260907-170137-711276/cases/up-lpg-native/28_HYDROPOWER/p001
up-lpg-native,29_MARKETTRADER,p001.pddl,dry-run,true,,0,,,,not-run,results/smoke/all-numeric-planners-smoke-20260907-170137-711276/cases/up-lpg-native/29_MARKETTRADER/p001
up-lpg-native,30_MPRIME,p001.pddl,dry-run,true,,0,,,,not-run,results/smoke/all-numeric-planners-smoke-20260907-170137-711276/cases/up-lpg-native/30_MPRIME/p001
up-lpg-native,31_PATHWAYSMETRIC,p001.pddl,dry-run,true,,0,,,,not-run,results/smoke/all-numeric-planners-smoke-20260907-170137-711276/cases/up-lpg-native/31_PATHWAYSMETRIC/p001
up-lpg-native,32_ROVER_IPC23,p001.pddl,dry-run,true,,0,,,,not-run,results/smoke/all-numeric-planners-smoke-20260907-170137-711276/cases/up-lpg-native/32_ROVER_IPC23/p001
up-lpg-native,33_SAILING,p001.pddl,dry-run,true,,0,,,,not-run,results/smoke/all-numeric-planners-smoke-20260907-170137-711276/cases/up-lpg-native/33_SAILING/p001
up-lpg-native,34_SETTLERSNUMERIC,p001.pddl,dry-run,true,,0,,,,not-run,results/smoke/all-numeric-planners-smoke-20260907-170137-711276/cases/up-lpg-native/34_SETTLERSNUMERIC/p001
up-lpg-native,35_SUGAR,p001.pddl,dry-run,true,,0,,,,not-run,results/smoke/all-numeric-planners-smoke-20260907-170137-711276/cases/up-lpg-native/35_SUGAR/p001
up-lpg-native,36_TPP,p001.pddl,dry-run,true,,0,,,,not-run,results/smoke/all-numeric-planners-smoke-20260907-170137-711276/cases/up-lpg-native/36_TPP/p001
up-lpg-native,37_ZENOTRAVEL,p001.pddl,dry-run,true,,0,,,,not-run,results/smoke/all-numeric-planners-smoke-20260907-170137-711276/cases/up-lpg-native/37_ZENOTRAVEL/p001
up-lpg-native,38_SETTLERS_IPC04,p001.pddl,dry-run,true,,0,,,,not-run,results/smoke/all-numeric-planners-smoke-20260907-170137-711276/cases/up-lpg-native/38_SETTLERS_IPC04/p001
up-lpg-native,39_PSR_LARGE_IPC04,p001.pddl,unsupported,false,,0,,,,not-run,results/smoke/all-numeric-planners-smoke-20260907-170137-711276/cases/up-lpg-native/39_PSR_LARGE_IPC04/p001
