planner,configuration,heuristic,search,benchmark,instance,status,compatible,return_code,wall_seconds,max_rss_kb,peak_group_rss_kb,limit_reason,plan_length,expanded_nodes,metric_value,objective_value,validation,plan_path,case_directory
count-downward-agile,h-irhff__s-alias,irhff,alias,changmin_01_blocksworld,p000.pddl,solved,true,0,0.223407,13568,1552,,1,1,1,1,valid,results/raw/changmin-heuristics-all-20260912-160327-347232/cases/count-downward-agile/h-irhff__s-alias/changmin_01_blocksworld/p000/plan.val,results/raw/changmin-heuristics-all-20260912-160327-347232/cases/count-downward-agile/h-irhff__s-alias/changmin_01_blocksworld/p000
count-downward-agile,h-irhff__s-alias,irhff,alias,changmin_01_blocksworld,p001.pddl,solved,true,0,0.227904,13952,1556,,8,12,8,8,valid,results/raw/changmin-heuristics-all-20260912-160327-347232/cases/count-downward-agile/h-irhff__s-alias/changmin_01_blocksworld/p001/plan.val,results/raw/changmin-heuristics-all-20260912-160327-347232/cases/count-downward-agile/h-irhff__s-alias/changmin_01_blocksworld/p001
count-downward-agile,h-irhff__s-alias,irhff,alias,changmin_01_blocksworld,p002.pddl,solved,true,0,0.226209,14208,1552,,16,23,16,16,valid,results/raw/changmin-heuristics-all-20260912-160327-347232/cases/count-downward-agile/h-irhff__s-alias/changmin_01_blocksworld/p002/plan.val,results/raw/changmin-heuristics-all-20260912-160327-347232/cases/count-downward-agile/h-irhff__s-alias/changmin_01_blocksworld/p002
count-downward-agile,h-irhff__s-alias,irhff,alias,changmin_01_blocksworld,p003.pddl,solved,true,0,0.237155,14720,8784,,40,234,40,40,valid,results/raw/changmin-heuristics-all-20260912-160327-347232/cases/count-downward-agile/h-irhff__s-alias/changmin_01_blocksworld/p003/plan.val,results/raw/changmin-heuristics-all-20260912-160327-347232/cases/count-downward-agile/h-irhff__s-alias/changmin_01_blocksworld/p003
count-downward-agile,h-irhff__s-alias,irhff,alias,changmin_01_blocksworld,p004.pddl,solved,true,0,0.231327,15228,9188,,54,345,54,54,valid,results/raw/changmin-heuristics-all-20260912-160327-347232/cases/count-downward-agile/h-irhff__s-alias/changmin_01_blocksworld/p004/plan.val,results/raw/changmin-heuristics-all-20260912-160327-347232/cases/count-downward-agile/h-irhff__s-alias/changmin_01_blocksworld/p004
count-downward-agile,h-irhff__s-alias,irhff,alias,changmin_02_logistics,p000.pddl,solved,true,0,0.228144,14464,1556,,3,3,4,4,valid,results/raw/changmin-heuristics-all-20260912-160327-347232/cases/count-downward-agile/h-irhff__s-alias/changmin_02_logistics/p000/plan.val,results/raw/changmin-heuristics-all-20260912-160327-347232/cases/count-downward-agile/h-irhff__s-alias/changmin_02_logistics/p000
count-downward-agile,h-irhff__s-alias,irhff,alias,changmin_02_logistics,p001.pddl,solved,true,0,0.229741,15100,1552,,12,19,126,126,valid,results/raw/changmin-heuristics-all-20260912-160327-347232/cases/count-downward-agile/h-irhff__s-alias/changmin_02_logistics/p001/plan.val,results/raw/changmin-heuristics-all-20260912-160327-347232/cases/count-downward-agile/h-irhff__s-alias/changmin_02_logistics/p001
count-downward-agile,h-irhff__s-alias,irhff,alias,changmin_02_logistics,p002.pddl,solved,true,0,0.670149,31772,31772,,37,2275,300,300,valid,results/raw/changmin-heuristics-all-20260912-160327-347232/cases/count-downward-agile/h-irhff__s-alias/changmin_02_logistics/p002/plan.val,results/raw/changmin-heuristics-all-20260912-160327-347232/cases/count-downward-agile/h-irhff__s-alias/changmin_02_logistics/p002
count-downward-agile,h-irhff__s-alias,irhff,alias,changmin_02_logistics,p003.pddl,solved,true,0,0.446852,32820,32820,,50,286,492,492,valid,results/raw/changmin-heuristics-all-20260912-160327-347232/cases/count-downward-agile/h-irhff__s-alias/changmin_02_logistics/p003/plan.val,results/raw/changmin-heuristics-all-20260912-160327-347232/cases/count-downward-agile/h-irhff__s-alias/changmin_02_logistics/p003
count-downward-agile,h-irhff__s-alias,irhff,alias,changmin_02_logistics,p004.pddl,solved,true,0,0.910504,32608,32608,,67,1541,928,928,valid,results/raw/changmin-heuristics-all-20260912-160327-347232/cases/count-downward-agile/h-irhff__s-alias/changmin_02_logistics/p004/plan.val,results/raw/changmin-heuristics-all-20260912-160327-347232/cases/count-downward-agile/h-irhff__s-alias/changmin_02_logistics/p004
count-downward-agile,h-irhff__s-alias,irhff,alias,changmin_03_books,p000.pddl,solved,true,0,0.220530,14592,8648,,2,2,2,2,valid,results/raw/changmin-heuristics-all-20260912-160327-347232/cases/count-downward-agile/h-irhff__s-alias/changmin_03_books/p000/plan.val,results/raw/changmin-heuristics-all-20260912-160327-347232/cases/count-downward-agile/h-irhff__s-alias/changmin_03_books/p000
count-downward-agile,h-irhff__s-alias,irhff,alias,changmin_03_books,p001.pddl,solved,true,0,0.222183,14976,1552,,19,120,73,73,valid,results/raw/changmin-heuristics-all-20260912-160327-347232/cases/count-downward-agile/h-irhff__s-alias/changmin_03_books/p001/plan.val,results/raw/changmin-heuristics-all-20260912-160327-347232/cases/count-downward-agile/h-irhff__s-alias/changmin_03_books/p001
count-downward-agile,h-irhff__s-alias,irhff,alias,changmin_03_books,p002.pddl,solved,true,0,0.445693,21104,21104,,47,2798,209,209,valid,results/raw/changmin-heuristics-all-20260912-160327-347232/cases/count-downward-agile/h-irhff__s-alias/changmin_03_books/p002/plan.val,results/raw/changmin-heuristics-all-20260912-160327-347232/cases/count-downward-agile/h-irhff__s-alias/changmin_03_books/p002
count-downward-agile,h-irhff__s-alias,irhff,alias,changmin_03_books,p003.pddl,solved,true,0,0.892063,25776,25776,,69,10253,305,305,valid,results/raw/changmin-heuristics-all-20260912-160327-347232/cases/count-downward-agile/h-irhff__s-alias/changmin_03_books/p003/plan.val,results/raw/changmin-heuristics-all-20260912-160327-347232/cases/count-downward-agile/h-irhff__s-alias/changmin_03_books/p003
count-downward-agile,h-irhff__s-alias,irhff,alias,changmin_03_books,p004.pddl,solved,true,0,1.575024,31728,31728,,99,15955,420,420,valid,results/raw/changmin-heuristics-all-20260912-160327-347232/cases/count-downward-agile/h-irhff__s-alias/changmin_03_books/p004/plan.val,results/raw/changmin-heuristics-all-20260912-160327-347232/cases/count-downward-agile/h-irhff__s-alias/changmin_03_books/p004
count-downward-agile,h-irhff__s-alias,irhff,alias,changmin_04_watering,p000.pddl,solved,true,0,0.215372,14208,10504,,3,5,3,3,valid,results/raw/changmin-heuristics-all-20260912-160327-347232/cases/count-downward-agile/h-irhff__s-alias/changmin_04_watering/p000/plan.val,results/raw/changmin-heuristics-all-20260912-160327-347232/cases/count-downward-agile/h-irhff__s-alias/changmin_04_watering/p000
count-downward-agile,h-irhff__s-alias,irhff,alias,changmin_04_watering,p001.pddl,solved,true,0,0.214965,14720,10556,,36,1475,224,224,valid,results/raw/changmin-heuristics-all-20260912-160327-347232/cases/count-downward-agile/h-irhff__s-alias/changmin_04_watering/p001/plan.val,results/raw/changmin-heuristics-all-20260912-160327-347232/cases/count-downward-agile/h-irhff__s-alias/changmin_04_watering/p001
count-downward-agile,h-irhff__s-alias,irhff,alias,changmin_04_watering,p002.pddl,solved,true,0,0.216217,14976,10748,,31,3983,119,119,valid,results/raw/changmin-heuristics-all-20260912-160327-347232/cases/count-downward-agile/h-irhff__s-alias/changmin_04_watering/p002/plan.val,results/raw/changmin-heuristics-all-20260912-160327-347232/cases/count-downward-agile/h-irhff__s-alias/changmin_04_watering/p002
count-downward-agile,h-irhff__s-alias,irhff,alias,changmin_04_watering,p003.pddl,solved,true,0,0.639807,30332,30332,,61,30931,310,310,valid,results/raw/changmin-heuristics-all-20260912-160327-347232/cases/count-downward-agile/h-irhff__s-alias/changmin_04_watering/p003/plan.val,results/raw/changmin-heuristics-all-20260912-160327-347232/cases/count-downward-agile/h-irhff__s-alias/changmin_04_watering/p003
count-downward-agile,h-irhff__s-alias,irhff,alias,changmin_04_watering,p004.pddl,solved,true,0,0.212865,15744,9980,,67,2483,386,386,valid,results/raw/changmin-heuristics-all-20260912-160327-347232/cases/count-downward-agile/h-irhff__s-alias/changmin_04_watering/p004/plan.val,results/raw/changmin-heuristics-all-20260912-160327-347232/cases/count-downward-agile/h-irhff__s-alias/changmin_04_watering/p004
count-downward-agile,h-irhff__s-alias,irhff,alias,changmin_05_barman,p000.pddl,solved,true,0,0.213517,14592,9744,,3,8,3,3,valid,results/raw/changmin-heuristics-all-20260912-160327-347232/cases/count-downward-agile/h-irhff__s-alias/changmin_05_barman/p000/plan.val,results/raw/changmin-heuristics-all-20260912-160327-347232/cases/count-downward-agile/h-irhff__s-alias/changmin_05_barman/p000
count-downward-agile,h-irhff__s-alias,irhff,alias,changmin_05_barman,p001.pddl,solved,true,0,5.317451,57536,57536,,49,85410,116,116,valid,results/raw/changmin-heuristics-all-20260912-160327-347232/cases/count-downward-agile/h-irhff__s-alias/changmin_05_barman/p001/plan.val,results/raw/changmin-heuristics-all-20260912-160327-347232/cases/count-downward-agile/h-irhff__s-alias/changmin_05_barman/p001
count-downward-agile,h-irhff__s-alias,irhff,alias,changmin_05_barman,p002.pddl,timeout,true,timeout,300.142832,1381368,1381368,timeout,,102,,,not-run,,results/raw/changmin-heuristics-all-20260912-160327-347232/cases/count-downward-agile/h-irhff__s-alias/changmin_05_barman/p002
count-downward-agile,h-irhff__s-alias,irhff,alias,changmin_05_barman,p003.pddl,solved,true,0,11.478288,57644,57644,,88,43299,198,198,valid,results/raw/changmin-heuristics-all-20260912-160327-347232/cases/count-downward-agile/h-irhff__s-alias/changmin_05_barman/p003/plan.val,results/raw/changmin-heuristics-all-20260912-160327-347232/cases/count-downward-agile/h-irhff__s-alias/changmin_05_barman/p003
count-downward-agile,h-irhff__s-alias,irhff,alias,changmin_05_barman,p004.pddl,timeout,true,timeout,300.092217,852288,852288,timeout,,32093,,,not-run,,results/raw/changmin-heuristics-all-20260912-160327-347232/cases/count-downward-agile/h-irhff__s-alias/changmin_05_barman/p004
count-downward-agile,h-irhff__s-alias,irhff,alias,changmin_06_assembly,p000.pddl,solved,true,0,0.220524,14080,9960,,6,7,6,6,valid,results/raw/changmin-heuristics-all-20260912-160327-347232/cases/count-downward-agile/h-irhff__s-alias/changmin_06_assembly/p000/plan.val,results/raw/changmin-heuristics-all-20260912-160327-347232/cases/count-downward-agile/h-irhff__s-alias/changmin_06_assembly/p000
count-downward-agile,h-irhff__s-alias,irhff,alias,changmin_06_assembly,p001.pddl,solved,true,0,0.212903,14464,7008,,37,48,92,92,valid,results/raw/changmin-heuristics-all-20260912-160327-347232/cases/count-downward-agile/h-irhff__s-alias/changmin_06_assembly/p001/plan.val,results/raw/changmin-heuristics-all-20260912-160327-347232/cases/count-downward-agile/h-irhff__s-alias/changmin_06_assembly/p001
count-downward-agile,h-irhff__s-alias,irhff,alias,changmin_06_assembly,p002.pddl,solved,true,0,0.214026,14976,10024,,64,104,154,154,valid,results/raw/changmin-heuristics-all-20260912-160327-347232/cases/count-downward-agile/h-irhff__s-alias/changmin_06_assembly/p002/plan.val,results/raw/changmin-heuristics-all-20260912-160327-347232/cases/count-downward-agile/h-irhff__s-alias/changmin_06_assembly/p002
count-downward-agile,h-irhff__s-alias,irhff,alias,changmin_06_assembly,p003.pddl,solved,true,0,0.213697,15988,9920,,84,456,228,228,valid,results/raw/changmin-heuristics-all-20260912-160327-347232/cases/count-downward-agile/h-irhff__s-alias/changmin_06_assembly/p003/plan.val,results/raw/changmin-heuristics-all-20260912-160327-347232/cases/count-downward-agile/h-irhff__s-alias/changmin_06_assembly/p003
count-downward-agile,h-irhff__s-alias,irhff,alias,changmin_06_assembly,p004.pddl,solved,true,0,0.214022,16756,10208,,93,583,285,285,valid,results/raw/changmin-heuristics-all-20260912-160327-347232/cases/count-downward-agile/h-irhff__s-alias/changmin_06_assembly/p004/plan.val,results/raw/changmin-heuristics-all-20260912-160327-347232/cases/count-downward-agile/h-irhff__s-alias/changmin_06_assembly/p004
enhsp,h-hadd__s-wastar,hadd,WAStar,changmin_01_blocksworld,p000.pddl,solved,true,0,0.429269,74340,63720,,1,2,1.0,1,valid,results/raw/changmin-heuristics-all-20260912-160327-347232/cases/enhsp/h-hadd__s-wastar/changmin_01_blocksworld/p000/plan.val,results/raw/changmin-heuristics-all-20260912-160327-347232/cases/enhsp/h-hadd__s-wastar/changmin_01_blocksworld/p000
enhsp,h-hmax__s-wastar,hmax,WAStar,changmin_01_blocksworld,p000.pddl,solved,true,0,0.211185,74532,20068,,1,2,1.0,1,valid,results/raw/changmin-heuristics-all-20260912-160327-347232/cases/enhsp/h-hmax__s-wastar/changmin_01_blocksworld/p000/plan.val,results/raw/changmin-heuristics-all-20260912-160327-347232/cases/enhsp/h-hmax__s-wastar/changmin_01_blocksworld/p000
enhsp,h-aibr__s-wastar,aibr,WAStar,changmin_01_blocksworld,p000.pddl,unsolved,true,0,0.436378,63240,63240,,,0,-1.0,,not-run,,results/raw/changmin-heuristics-all-20260912-160327-347232/cases/enhsp/h-aibr__s-wastar/changmin_01_blocksworld/p000
enhsp,h-hradd__s-wastar,hradd,WAStar,changmin_01_blocksworld,p000.pddl,solved,true,0,0.213228,74424,23560,,1,2,1.0,1,valid,results/raw/changmin-heuristics-all-20260912-160327-347232/cases/enhsp/h-hradd__s-wastar/changmin_01_blocksworld/p000/plan.val,results/raw/changmin-heuristics-all-20260912-160327-347232/cases/enhsp/h-hradd__s-wastar/changmin_01_blocksworld/p000
enhsp,h-hrmax__s-wastar,hrmax,WAStar,changmin_01_blocksworld,p000.pddl,solved,true,0,0.215175,74432,19412,,1,2,1.0,1,valid,results/raw/changmin-heuristics-all-20260912-160327-347232/cases/enhsp/h-hrmax__s-wastar/changmin_01_blocksworld/p000/plan.val,results/raw/changmin-heuristics-all-20260912-160327-347232/cases/enhsp/h-hrmax__s-wastar/changmin_01_blocksworld/p000
enhsp,h-hmrp__s-wastar,hmrp,WAStar,changmin_01_blocksworld,p000.pddl,solved,true,0,0.444168,74512,63432,,1,2,1.0,1,valid,results/raw/changmin-heuristics-all-20260912-160327-347232/cases/enhsp/h-hmrp__s-wastar/changmin_01_blocksworld/p000/plan.val,results/raw/changmin-heuristics-all-20260912-160327-347232/cases/enhsp/h-hmrp__s-wastar/changmin_01_blocksworld/p000
enhsp,h-ngc__s-wastar,ngc,WAStar,changmin_01_blocksworld,p000.pddl,solved,true,0,0.213184,73656,23788,,1,2,1.0,1,valid,results/raw/changmin-heuristics-all-20260912-160327-347232/cases/enhsp/h-ngc__s-wastar/changmin_01_blocksworld/p000/plan.val,results/raw/changmin-heuristics-all-20260912-160327-347232/cases/enhsp/h-ngc__s-wastar/changmin_01_blocksworld/p000
enhsp,h-blcost__s-wastar,blcost,WAStar,changmin_01_blocksworld,p000.pddl,solved,true,0,0.461577,73592,57976,,1,2,1.0,1,valid,results/raw/changmin-heuristics-all-20260912-160327-347232/cases/enhsp/h-blcost__s-wastar/changmin_01_blocksworld/p000/plan.val,results/raw/changmin-heuristics-all-20260912-160327-347232/cases/enhsp/h-blcost__s-wastar/changmin_01_blocksworld/p000
enhsp,h-blind__s-wastar,blind,WAStar,changmin_01_blocksworld,p000.pddl,solved,true,0,0.454178,73072,59636,,1,2,1.0,1,valid,results/raw/changmin-heuristics-all-20260912-160327-347232/cases/enhsp/h-blind__s-wastar/changmin_01_blocksworld/p000/plan.val,results/raw/changmin-heuristics-all-20260912-160327-347232/cases/enhsp/h-blind__s-wastar/changmin_01_blocksworld/p000
enhsp,h-hadd__s-wastar,hadd,WAStar,changmin_01_blocksworld,p001.pddl,solved,true,0,0.210570,76016,19420,,8,14,8.0,8,valid,results/raw/changmin-heuristics-all-20260912-160327-347232/cases/enhsp/h-hadd__s-wastar/changmin_01_blocksworld/p001/plan.val,results/raw/changmin-heuristics-all-20260912-160327-347232/cases/enhsp/h-hadd__s-wastar/changmin_01_blocksworld/p001
enhsp,h-hmax__s-wastar,hmax,WAStar,changmin_01_blocksworld,p001.pddl,solved,true,0,0.212417,76092,23496,,8,18,8.0,8,valid,results/raw/changmin-heuristics-all-20260912-160327-347232/cases/enhsp/h-hmax__s-wastar/changmin_01_blocksworld/p001/plan.val,results/raw/changmin-heuristics-all-20260912-160327-347232/cases/enhsp/h-hmax__s-wastar/changmin_01_blocksworld/p001
enhsp,h-aibr__s-wastar,aibr,WAStar,changmin_01_blocksworld,p001.pddl,unsolved,true,0,0.212437,63152,4884,,,0,-1.0,,not-run,,results/raw/changmin-heuristics-all-20260912-160327-347232/cases/enhsp/h-aibr__s-wastar/changmin_01_blocksworld/p001
enhsp,h-hradd__s-wastar,hradd,WAStar,changmin_01_blocksworld,p001.pddl,solved,true,0,0.420641,75996,20504,,8,14,8.0,8,valid,results/raw/changmin-heuristics-all-20260912-160327-347232/cases/enhsp/h-hradd__s-wastar/changmin_01_blocksworld/p001/plan.val,results/raw/changmin-heuristics-all-20260912-160327-347232/cases/enhsp/h-hradd__s-wastar/changmin_01_blocksworld/p001
enhsp,h-hrmax__s-wastar,hrmax,WAStar,changmin_01_blocksworld,p001.pddl,solved,true,0,0.210857,76100,20052,,8,18,8.0,8,valid,results/raw/changmin-heuristics-all-20260912-160327-347232/cases/enhsp/h-hrmax__s-wastar/changmin_01_blocksworld/p001/plan.val,results/raw/changmin-heuristics-all-20260912-160327-347232/cases/enhsp/h-hrmax__s-wastar/changmin_01_blocksworld/p001
enhsp,h-hmrp__s-wastar,hmrp,WAStar,changmin_01_blocksworld,p001.pddl,solved,true,0,0.436178,76200,19428,,8,14,8.0,8,valid,results/raw/changmin-heuristics-all-20260912-160327-347232/cases/enhsp/h-hmrp__s-wastar/changmin_01_blocksworld/p001/plan.val,results/raw/changmin-heuristics-all-20260912-160327-347232/cases/enhsp/h-hmrp__s-wastar/changmin_01_blocksworld/p001
enhsp,h-ngc__s-wastar,ngc,WAStar,changmin_01_blocksworld,p001.pddl,solved,true,0,0.212746,74744,24040,,8,20,8.0,8,valid,results/raw/changmin-heuristics-all-20260912-160327-347232/cases/enhsp/h-ngc__s-wastar/changmin_01_blocksworld/p001/plan.val,results/raw/changmin-heuristics-all-20260912-160327-347232/cases/enhsp/h-ngc__s-wastar/changmin_01_blocksworld/p001
enhsp,h-blcost__s-wastar,blcost,WAStar,changmin_01_blocksworld,p001.pddl,solved,true,0,0.694034,74528,65956,,8,32,8.0,8,valid,results/raw/changmin-heuristics-all-20260912-160327-347232/cases/enhsp/h-blcost__s-wastar/changmin_01_blocksworld/p001/plan.val,results/raw/changmin-heuristics-all-20260912-160327-347232/cases/enhsp/h-blcost__s-wastar/changmin_01_blocksworld/p001
enhsp,h-blind__s-wastar,blind,WAStar,changmin_01_blocksworld,p001.pddl,solved,true,0,0.465197,74776,60868,,8,41,8.0,8,valid,results/raw/changmin-heuristics-all-20260912-160327-347232/cases/enhsp/h-blind__s-wastar/changmin_01_blocksworld/p001/plan.val,results/raw/changmin-heuristics-all-20260912-160327-347232/cases/enhsp/h-blind__s-wastar/changmin_01_blocksworld/p001
enhsp,h-hadd__s-wastar,hadd,WAStar,changmin_01_blocksworld,p002.pddl,solved,true,0,0.426539,79744,78976,,20,64,20.0,20,valid,results/raw/changmin-heuristics-all-20260912-160327-347232/cases/enhsp/h-hadd__s-wastar/changmin_01_blocksworld/p002/plan.val,results/raw/changmin-heuristics-all-20260912-160327-347232/cases/enhsp/h-hadd__s-wastar/changmin_01_blocksworld/p002
enhsp,h-hmax__s-wastar,hmax,WAStar,changmin_01_blocksworld,p002.pddl,solved,true,0,0.432261,90104,75024,,16,661,16.0,16,valid,results/raw/changmin-heuristics-all-20260912-160327-347232/cases/enhsp/h-hmax__s-wastar/changmin_01_blocksworld/p002/plan.val,results/raw/changmin-heuristics-all-20260912-160327-347232/cases/enhsp/h-hmax__s-wastar/changmin_01_blocksworld/p002
enhsp,h-aibr__s-wastar,aibr,WAStar,changmin_01_blocksworld,p002.pddl,unsolved,true,0,0.214607,64372,25996,,,0,-1.0,,not-run,,results/raw/changmin-heuristics-all-20260912-160327-347232/cases/enhsp/h-aibr__s-wastar/changmin_01_blocksworld/p002
enhsp,h-hradd__s-wastar,hradd,WAStar,changmin_01_blocksworld,p002.pddl,solved,true,0,0.434385,81380,71576,,20,64,20.0,20,valid,results/raw/changmin-heuristics-all-20260912-160327-347232/cases/enhsp/h-hradd__s-wastar/changmin_01_blocksworld/p002/plan.val,results/raw/changmin-heuristics-all-20260912-160327-347232/cases/enhsp/h-hradd__s-wastar/changmin_01_blocksworld/p002
enhsp,h-hrmax__s-wastar,hrmax,WAStar,changmin_01_blocksworld,p002.pddl,solved,true,0,0.440105,91496,79036,,16,661,16.0,16,valid,results/raw/changmin-heuristics-all-20260912-160327-347232/cases/enhsp/h-hrmax__s-wastar/changmin_01_blocksworld/p002/plan.val,results/raw/changmin-heuristics-all-20260912-160327-347232/cases/enhsp/h-hrmax__s-wastar/changmin_01_blocksworld/p002
enhsp,h-hmrp__s-wastar,hmrp,WAStar,changmin_01_blocksworld,p002.pddl,solved,true,0,0.432502,84956,76176,,16,155,16.0,16,valid,results/raw/changmin-heuristics-all-20260912-160327-347232/cases/enhsp/h-hmrp__s-wastar/changmin_01_blocksworld/p002/plan.val,results/raw/changmin-heuristics-all-20260912-160327-347232/cases/enhsp/h-hmrp__s-wastar/changmin_01_blocksworld/p002
enhsp,h-ngc__s-wastar,ngc,WAStar,changmin_01_blocksworld,p002.pddl,solved,true,0,0.424523,77280,76712,,16,507,16.0,16,valid,results/raw/changmin-heuristics-all-20260912-160327-347232/cases/enhsp/h-ngc__s-wastar/changmin_01_blocksworld/p002/plan.val,results/raw/changmin-heuristics-all-20260912-160327-347232/cases/enhsp/h-ngc__s-wastar/changmin_01_blocksworld/p002
enhsp,h-blcost__s-wastar,blcost,WAStar,changmin_01_blocksworld,p002.pddl,solved,true,0,0.700979,78084,70544,,16,1911,16.0,16,valid,results/raw/changmin-heuristics-all-20260912-160327-347232/cases/enhsp/h-blcost__s-wastar/changmin_01_blocksworld/p002/plan.val,results/raw/changmin-heuristics-all-20260912-160327-347232/cases/enhsp/h-blcost__s-wastar/changmin_01_blocksworld/p002
enhsp,h-blind__s-wastar,blind,WAStar,changmin_01_blocksworld,p002.pddl,solved,true,0,0.670900,78684,61824,,16,2365,16.0,16,valid,results/raw/changmin-heuristics-all-20260912-160327-347232/cases/enhsp/h-blind__s-wastar/changmin_01_blocksworld/p002/plan.val,results/raw/changmin-heuristics-all-20260912-160327-347232/cases/enhsp/h-blind__s-wastar/changmin_01_blocksworld/p002
enhsp,h-hadd__s-wastar,hadd,WAStar,changmin_01_blocksworld,p003.pddl,solved,true,0,0.428146,94068,70660,,30,869,30.0,30,valid,results/raw/changmin-heuristics-all-20260912-160327-347232/cases/enhsp/h-hadd__s-wastar/changmin_01_blocksworld/p003/plan.val,results/raw/changmin-heuristics-all-20260912-160327-347232/cases/enhsp/h-hadd__s-wastar/changmin_01_blocksworld/p003
enhsp,h-hmax__s-wastar,hmax,WAStar,changmin_01_blocksworld,p003.pddl,solved,true,0,1.077102,262468,252876,,22,16689,22.0,22,valid,results/raw/changmin-heuristics-all-20260912-160327-347232/cases/enhsp/h-hmax__s-wastar/changmin_01_blocksworld/p003/plan.val,results/raw/changmin-heuristics-all-20260912-160327-347232/cases/enhsp/h-hmax__s-wastar/changmin_01_blocksworld/p003
enhsp,h-aibr__s-wastar,aibr,WAStar,changmin_01_blocksworld,p003.pddl,unsolved,true,0,0.215217,66020,26660,,,0,-1.0,,not-run,,results/raw/changmin-heuristics-all-20260912-160327-347232/cases/enhsp/h-aibr__s-wastar/changmin_01_blocksworld/p003
enhsp,h-hradd__s-wastar,hradd,WAStar,changmin_01_blocksworld,p003.pddl,solved,true,0,0.434415,93848,73192,,30,869,30.0,30,valid,results/raw/changmin-heuristics-all-20260912-160327-347232/cases/enhsp/h-hradd__s-wastar/changmin_01_blocksworld/p003/plan.val,results/raw/changmin-heuristics-all-20260912-160327-347232/cases/enhsp/h-hradd__s-wastar/changmin_01_blocksworld/p003
enhsp,h-hrmax__s-wastar,hrmax,WAStar,changmin_01_blocksworld,p003.pddl,solved,true,0,1.078055,266376,255584,,22,16689,22.0,22,valid,results/raw/changmin-heuristics-all-20260912-160327-347232/cases/enhsp/h-hrmax__s-wastar/changmin_01_blocksworld/p003/plan.val,results/raw/changmin-heuristics-all-20260912-160327-347232/cases/enhsp/h-hrmax__s-wastar/changmin_01_blocksworld/p003
enhsp,h-hmrp__s-wastar,hmrp,WAStar,changmin_01_blocksworld,p003.pddl,solved,true,0,0.434856,110788,75308,,22,1963,22.0,22,valid,results/raw/changmin-heuristics-all-20260912-160327-347232/cases/enhsp/h-hmrp__s-wastar/changmin_01_blocksworld/p003/plan.val,results/raw/changmin-heuristics-all-20260912-160327-347232/cases/enhsp/h-hmrp__s-wastar/changmin_01_blocksworld/p003
enhsp,h-ngc__s-wastar,ngc,WAStar,changmin_01_blocksworld,p003.pddl,solved,true,0,0.437253,101408,76496,,22,10497,22.0,22,valid,results/raw/changmin-heuristics-all-20260912-160327-347232/cases/enhsp/h-ngc__s-wastar/changmin_01_blocksworld/p003/plan.val,results/raw/changmin-heuristics-all-20260912-160327-347232/cases/enhsp/h-ngc__s-wastar/changmin_01_blocksworld/p003
enhsp,h-blcost__s-wastar,blcost,WAStar,changmin_01_blocksworld,p003.pddl,solved,true,0,1.152918,116672,94672,,22,62421,22.0,22,valid,results/raw/changmin-heuristics-all-20260912-160327-347232/cases/enhsp/h-blcost__s-wastar/changmin_01_blocksworld/p003/plan.val,results/raw/changmin-heuristics-all-20260912-160327-347232/cases/enhsp/h-blcost__s-wastar/changmin_01_blocksworld/p003
enhsp,h-blind__s-wastar,blind,WAStar,changmin_01_blocksworld,p003.pddl,solved,true,0,1.395935,128268,127240,,22,86383,22.0,22,valid,results/raw/changmin-heuristics-all-20260912-160327-347232/cases/enhsp/h-blind__s-wastar/changmin_01_blocksworld/p003/plan.val,results/raw/changmin-heuristics-all-20260912-160327-347232/cases/enhsp/h-blind__s-wastar/changmin_01_blocksworld/p003
enhsp,h-hadd__s-wastar,hadd,WAStar,changmin_01_blocksworld,p004.pddl,solved,true,0,0.436759,94924,75420,,42,869,42.0,42,valid,results/raw/changmin-heuristics-all-20260912-160327-347232/cases/enhsp/h-hadd__s-wastar/changmin_01_blocksworld/p004/plan.val,results/raw/changmin-heuristics-all-20260912-160327-347232/cases/enhsp/h-hadd__s-wastar/changmin_01_blocksworld/p004
enhsp,h-hmax__s-wastar,hmax,WAStar,changmin_01_blocksworld,p004.pddl,solved,true,0,9.338431,814916,795996,,26,157401,26.0,26,valid,results/raw/changmin-heuristics-all-20260912-160327-347232/cases/enhsp/h-hmax__s-wastar/changmin_01_blocksworld/p004/plan.val,results/raw/changmin-heuristics-all-20260912-160327-347232/cases/enhsp/h-hmax__s-wastar/changmin_01_blocksworld/p004
enhsp,h-aibr__s-wastar,aibr,WAStar,changmin_01_blocksworld,p004.pddl,unsolved,true,0,0.424620,69288,25684,,,0,-1.0,,not-run,,results/raw/changmin-heuristics-all-20260912-160327-347232/cases/enhsp/h-aibr__s-wastar/changmin_01_blocksworld/p004
enhsp,h-hradd__s-wastar,hradd,WAStar,changmin_01_blocksworld,p004.pddl,solved,true,0,0.637627,101156,71380,,42,869,42.0,42,valid,results/raw/changmin-heuristics-all-20260912-160327-347232/cases/enhsp/h-hradd__s-wastar/changmin_01_blocksworld/p004/plan.val,results/raw/changmin-heuristics-all-20260912-160327-347232/cases/enhsp/h-hradd__s-wastar/changmin_01_blocksworld/p004
enhsp,h-hrmax__s-wastar,hrmax,WAStar,changmin_01_blocksworld,p004.pddl,solved,true,0,9.565993,817420,803004,,26,157401,26.0,26,valid,results/raw/changmin-heuristics-all-20260912-160327-347232/cases/enhsp/h-hrmax__s-wastar/changmin_01_blocksworld/p004/plan.val,results/raw/changmin-heuristics-all-20260912-160327-347232/cases/enhsp/h-hrmax__s-wastar/changmin_01_blocksworld/p004
enhsp,h-hmrp__s-wastar,hmrp,WAStar,changmin_01_blocksworld,p004.pddl,solved,true,0,1.090373,380928,371088,,26,6538,26.0,26,valid,results/raw/changmin-heuristics-all-20260912-160327-347232/cases/enhsp/h-hmrp__s-wastar/changmin_01_blocksworld/p004/plan.val,results/raw/changmin-heuristics-all-20260912-160327-347232/cases/enhsp/h-hmrp__s-wastar/changmin_01_blocksworld/p004
enhsp,h-ngc__s-wastar,ngc,WAStar,changmin_01_blocksworld,p004.pddl,solved,true,0,0.657135,165224,106656,,26,64083,26.0,26,valid,results/raw/changmin-heuristics-all-20260912-160327-347232/cases/enhsp/h-ngc__s-wastar/changmin_01_blocksworld/p004/plan.val,results/raw/changmin-heuristics-all-20260912-160327-347232/cases/enhsp/h-ngc__s-wastar/changmin_01_blocksworld/p004
enhsp,h-blcost__s-wastar,blcost,WAStar,changmin_01_blocksworld,p004.pddl,solved,true,0,4.552177,895840,842792,,26,1024546,26.0,26,valid,results/raw/changmin-heuristics-all-20260912-160327-347232/cases/enhsp/h-blcost__s-wastar/changmin_01_blocksworld/p004/plan.val,results/raw/changmin-heuristics-all-20260912-160327-347232/cases/enhsp/h-blcost__s-wastar/changmin_01_blocksworld/p004
enhsp,h-blind__s-wastar,blind,WAStar,changmin_01_blocksworld,p004.pddl,solved,true,0,10.109859,1054552,997788,,26,1411201,26.0,26,valid,results/raw/changmin-heuristics-all-20260912-160327-347232/cases/enhsp/h-blind__s-wastar/changmin_01_blocksworld/p004/plan.val,results/raw/changmin-heuristics-all-20260912-160327-347232/cases/enhsp/h-blind__s-wastar/changmin_01_blocksworld/p004
enhsp,h-hadd__s-wastar,hadd,WAStar,changmin_02_logistics,p000.pddl,solved,true,0,0.214893,76336,26024,,3,4,4.0,4,valid,results/raw/changmin-heuristics-all-20260912-160327-347232/cases/enhsp/h-hadd__s-wastar/changmin_02_logistics/p000/plan.val,results/raw/changmin-heuristics-all-20260912-160327-347232/cases/enhsp/h-hadd__s-wastar/changmin_02_logistics/p000
enhsp,h-hmax__s-wastar,hmax,WAStar,changmin_02_logistics,p000.pddl,solved,true,0,0.211059,76272,18380,,3,4,4.0,4,valid,results/raw/changmin-heuristics-all-20260912-160327-347232/cases/enhsp/h-hmax__s-wastar/changmin_02_logistics/p000/plan.val,results/raw/changmin-heuristics-all-20260912-160327-347232/cases/enhsp/h-hmax__s-wastar/changmin_02_logistics/p000
enhsp,h-aibr__s-wastar,aibr,WAStar,changmin_02_logistics,p000.pddl,unsolved,true,0,0.214435,63992,25448,,,0,-1.0,,not-run,,results/raw/changmin-heuristics-all-20260912-160327-347232/cases/enhsp/h-aibr__s-wastar/changmin_02_logistics/p000
enhsp,h-hradd__s-wastar,hradd,WAStar,changmin_02_logistics,p000.pddl,solved,true,0,0.212771,76316,24176,,3,4,4.0,4,valid,results/raw/changmin-heuristics-all-20260912-160327-347232/cases/enhsp/h-hradd__s-wastar/changmin_02_logistics/p000/plan.val,results/raw/changmin-heuristics-all-20260912-160327-347232/cases/enhsp/h-hradd__s-wastar/changmin_02_logistics/p000
enhsp,h-hrmax__s-wastar,hrmax,WAStar,changmin_02_logistics,p000.pddl,solved,true,0,0.212576,76272,22568,,3,4,4.0,4,valid,results/raw/changmin-heuristics-all-20260912-160327-347232/cases/enhsp/h-hrmax__s-wastar/changmin_02_logistics/p000/plan.val,results/raw/changmin-heuristics-all-20260912-160327-347232/cases/enhsp/h-hrmax__s-wastar/changmin_02_logistics/p000
enhsp,h-hmrp__s-wastar,hmrp,WAStar,changmin_02_logistics,p000.pddl,solved,true,0,0.213044,76272,24076,,3,4,4.0,4,valid,results/raw/changmin-heuristics-all-20260912-160327-347232/cases/enhsp/h-hmrp__s-wastar/changmin_02_logistics/p000/plan.val,results/raw/changmin-heuristics-all-20260912-160327-347232/cases/enhsp/h-hmrp__s-wastar/changmin_02_logistics/p000
enhsp,h-ngc__s-wastar,ngc,WAStar,changmin_02_logistics,p000.pddl,solved,true,0,0.212966,77704,24132,,3,7,4.0,4,valid,results/raw/changmin-heuristics-all-20260912-160327-347232/cases/enhsp/h-ngc__s-wastar/changmin_02_logistics/p000/plan.val,results/raw/changmin-heuristics-all-20260912-160327-347232/cases/enhsp/h-ngc__s-wastar/changmin_02_logistics/p000
enhsp,h-blcost__s-wastar,blcost,WAStar,changmin_02_logistics,p000.pddl,solved,true,0,0.430519,75292,19404,,3,7,4.0,4,valid,results/raw/changmin-heuristics-all-20260912-160327-347232/cases/enhsp/h-blcost__s-wastar/changmin_02_logistics/p000/plan.val,results/raw/changmin-heuristics-all-20260912-160327-347232/cases/enhsp/h-blcost__s-wastar/changmin_02_logistics/p000
enhsp,h-blind__s-wastar,blind,WAStar,changmin_02_logistics,p000.pddl,solved,true,0,0.453724,75272,60112,,3,7,4.0,4,valid,results/raw/changmin-heuristics-all-20260912-160327-347232/cases/enhsp/h-blind__s-wastar/changmin_02_logistics/p000/plan.val,results/raw/changmin-heuristics-all-20260912-160327-347232/cases/enhsp/h-blind__s-wastar/changmin_02_logistics/p000
enhsp,h-hadd__s-wastar,hadd,WAStar,changmin_02_logistics,p001.pddl,solved,true,0,0.438740,95044,79048,,13,35,60.0,60,valid,results/raw/changmin-heuristics-all-20260912-160327-347232/cases/enhsp/h-hadd__s-wastar/changmin_02_logistics/p001/plan.val,results/raw/changmin-heuristics-all-20260912-160327-347232/cases/enhsp/h-hadd__s-wastar/changmin_02_logistics/p001
enhsp,h-hmax__s-wastar,hmax,WAStar,changmin_02_logistics,p001.pddl,solved,true,0,0.431378,96364,84300,,15,149,50.0,50,valid,results/raw/changmin-heuristics-all-20260912-160327-347232/cases/enhsp/h-hmax__s-wastar/changmin_02_logistics/p001/plan.val,results/raw/changmin-heuristics-all-20260912-160327-347232/cases/enhsp/h-hmax__s-wastar/changmin_02_logistics/p001
enhsp,h-aibr__s-wastar,aibr,WAStar,changmin_02_logistics,p001.pddl,unsolved,true,0,0.435637,83348,81996,,,0,-1.0,,not-run,,results/raw/changmin-heuristics-all-20260912-160327-347232/cases/enhsp/h-aibr__s-wastar/changmin_02_logistics/p001
enhsp,h-hradd__s-wastar,hradd,WAStar,changmin_02_logistics,p001.pddl,solved,true,0,0.430391,94976,79088,,13,35,60.0,60,valid,results/raw/changmin-heuristics-all-20260912-160327-347232/cases/enhsp/h-hradd__s-wastar/changmin_02_logistics/p001/plan.val,results/raw/changmin-heuristics-all-20260912-160327-347232/cases/enhsp/h-hradd__s-wastar/changmin_02_logistics/p001
enhsp,h-hrmax__s-wastar,hrmax,WAStar,changmin_02_logistics,p001.pddl,solved,true,0,0.433034,97144,79996,,15,149,50.0,50,valid,results/raw/changmin-heuristics-all-20260912-160327-347232/cases/enhsp/h-hrmax__s-wastar/changmin_02_logistics/p001/plan.val,results/raw/changmin-heuristics-all-20260912-160327-347232/cases/enhsp/h-hrmax__s-wastar/changmin_02_logistics/p001
enhsp,h-hmrp__s-wastar,hmrp,WAStar,changmin_02_logistics,p001.pddl,solved,true,0,0.425818,95124,84540,,15,42,50.0,50,valid,results/raw/changmin-heuristics-all-20260912-160327-347232/cases/enhsp/h-hmrp__s-wastar/changmin_02_logistics/p001/plan.val,results/raw/changmin-heuristics-all-20260912-160327-347232/cases/enhsp/h-hmrp__s-wastar/changmin_02_logistics/p001
enhsp,h-ngc__s-wastar,ngc,WAStar,changmin_02_logistics,p001.pddl,solved,true,0,0.433145,95888,80064,,15,1260,50.0,50,valid,results/raw/changmin-heuristics-all-20260912-160327-347232/cases/enhsp/h-ngc__s-wastar/changmin_02_logistics/p001/plan.val,results/raw/changmin-heuristics-all-20260912-160327-347232/cases/enhsp/h-ngc__s-wastar/changmin_02_logistics/p001
enhsp,h-blcost__s-wastar,blcost,WAStar,changmin_02_logistics,p001.pddl,solved,true,0,0.436303,94568,80192,,15,1656,50.0,50,valid,results/raw/changmin-heuristics-all-20260912-160327-347232/cases/enhsp/h-blcost__s-wastar/changmin_02_logistics/p001/plan.val,results/raw/changmin-heuristics-all-20260912-160327-347232/cases/enhsp/h-blcost__s-wastar/changmin_02_logistics/p001
enhsp,h-blind__s-wastar,blind,WAStar,changmin_02_logistics,p001.pddl,solved,true,0,0.696664,94516,81804,,15,1888,50.0,50,valid,results/raw/changmin-heuristics-all-20260912-160327-347232/cases/enhsp/h-blind__s-wastar/changmin_02_logistics/p001/plan.val,results/raw/changmin-heuristics-all-20260912-160327-347232/cases/enhsp/h-blind__s-wastar/changmin_02_logistics/p001
enhsp,h-hadd__s-wastar,hadd,WAStar,changmin_02_logistics,p002.pddl,solved,true,0,3.050862,1529028,1399524,,28,1216,89.0,89,valid,results/raw/changmin-heuristics-all-20260912-160327-347232/cases/enhsp/h-hadd__s-wastar/changmin_02_logistics/p002/plan.val,results/raw/changmin-heuristics-all-20260912-160327-347232/cases/enhsp/h-hadd__s-wastar/changmin_02_logistics/p002
enhsp,h-hmax__s-wastar,hmax,WAStar,changmin_02_logistics,p002.pddl,timeout,true,timeout,300.103444,3831480,3831480,timeout,,630818,,,not-run,,results/raw/changmin-heuristics-all-20260912-160327-347232/cases/enhsp/h-hmax__s-wastar/changmin_02_logistics/p002
enhsp,h-aibr__s-wastar,aibr,WAStar,changmin_02_logistics,p002.pddl,unsolved,true,0,1.533993,994504,983456,,,0,-1.0,,not-run,,results/raw/changmin-heuristics-all-20260912-160327-347232/cases/enhsp/h-aibr__s-wastar/changmin_02_logistics/p002
enhsp,h-hradd__s-wastar,hradd,WAStar,changmin_02_logistics,p002.pddl,solved,true,0,2.811713,1383816,1303048,,28,1216,89.0,89,valid,results/raw/changmin-heuristics-all-20260912-160327-347232/cases/enhsp/h-hradd__s-wastar/changmin_02_logistics/p002/plan.val,results/raw/changmin-heuristics-all-20260912-160327-347232/cases/enhsp/h-hradd__s-wastar/changmin_02_logistics/p002
enhsp,h-hrmax__s-wastar,hrmax,WAStar,changmin_02_logistics,p002.pddl,timeout,true,timeout,300.187836,3523144,3523144,timeout,,627536,,,not-run,,results/raw/changmin-heuristics-all-20260912-160327-347232/cases/enhsp/h-hrmax__s-wastar/changmin_02_logistics/p002
enhsp,h-hmrp__s-wastar,hmrp,WAStar,changmin_02_logistics,p002.pddl,solved,true,0,6.425122,2934440,2861684,,28,6533,76.0,76,valid,results/raw/changmin-heuristics-all-20260912-160327-347232/cases/enhsp/h-hmrp__s-wastar/changmin_02_logistics/p002/plan.val,results/raw/changmin-heuristics-all-20260912-160327-347232/cases/enhsp/h-hmrp__s-wastar/changmin_02_logistics/p002
enhsp,h-ngc__s-wastar,ngc,WAStar,changmin_02_logistics,p002.pddl,crash,true,1,129.567837,8573708,8573708,,,6666853,,,not-run,,results/raw/changmin-heuristics-all-20260912-160327-347232/cases/enhsp/h-ngc__s-wastar/changmin_02_logistics/p002
enhsp,h-blcost__s-wastar,blcost,WAStar,changmin_02_logistics,p002.pddl,crash,true,1,136.602155,8573708,8573708,,,6607251,,,not-run,,results/raw/changmin-heuristics-all-20260912-160327-347232/cases/enhsp/h-blcost__s-wastar/changmin_02_logistics/p002
enhsp,h-blind__s-wastar,blind,WAStar,changmin_02_logistics,p002.pddl,crash,true,1,131.063476,8580644,8580644,,,6810302,,,not-run,,results/raw/changmin-heuristics-all-20260912-160327-347232/cases/enhsp/h-blind__s-wastar/changmin_02_logistics/p002
enhsp,h-hadd__s-wastar,hadd,WAStar,changmin_02_logistics,p003.pddl,solved,true,0,55.762272,1280028,1254028,,45,45992,147.0,147,valid,results/raw/changmin-heuristics-all-20260912-160327-347232/cases/enhsp/h-hadd__s-wastar/changmin_02_logistics/p003/plan.val,results/raw/changmin-heuristics-all-20260912-160327-347232/cases/enhsp/h-hadd__s-wastar/changmin_02_logistics/p003
enhsp,h-hmax__s-wastar,hmax,WAStar,changmin_02_logistics,p003.pddl,timeout,true,timeout,300.033854,4139596,4139596,timeout,,328232,,,not-run,,results/raw/changmin-heuristics-all-20260912-160327-347232/cases/enhsp/h-hmax__s-wastar/changmin_02_logistics/p003
enhsp,h-aibr__s-wastar,aibr,WAStar,changmin_02_logistics,p003.pddl,unsolved,true,0,1.516366,1007956,985628,,,0,-1.0,,not-run,,results/raw/changmin-heuristics-all-20260912-160327-347232/cases/enhsp/h-aibr__s-wastar/changmin_02_logistics/p003
enhsp,h-hradd__s-wastar,hradd,WAStar,changmin_02_logistics,p003.pddl,solved,true,0,56.223843,2896292,2834740,,45,45992,147.0,147,valid,results/raw/changmin-heuristics-all-20260912-160327-347232/cases/enhsp/h-hradd__s-wastar/changmin_02_logistics/p003/plan.val,results/raw/changmin-heuristics-all-20260912-160327-347232/cases/enhsp/h-hradd__s-wastar/changmin_02_logistics/p003
enhsp,h-hrmax__s-wastar,hrmax,WAStar,changmin_02_logistics,p003.pddl,timeout,true,timeout,300.215554,1606772,1606772,timeout,,321185,,,not-run,,results/raw/changmin-heuristics-all-20260912-160327-347232/cases/enhsp/h-hrmax__s-wastar/changmin_02_logistics/p003
enhsp,h-hmrp__s-wastar,hmrp,WAStar,changmin_02_logistics,p003.pddl,timeout,true,timeout,300.219166,3076452,3076452,timeout,,335039,,,not-run,,results/raw/changmin-heuristics-all-20260912-160327-347232/cases/enhsp/h-hmrp__s-wastar/changmin_02_logistics/p003
enhsp,h-ngc__s-wastar,ngc,WAStar,changmin_02_logistics,p003.pddl,crash,true,1,133.326574,8573316,8573316,,,5248849,,,not-run,,results/raw/changmin-heuristics-all-20260912-160327-347232/cases/enhsp/h-ngc__s-wastar/changmin_02_logistics/p003
enhsp,h-blcost__s-wastar,blcost,WAStar,changmin_02_logistics,p003.pddl,crash,true,1,128.292413,8579424,8575952,,,5302346,,,not-run,,results/raw/changmin-heuristics-all-20260912-160327-347232/cases/enhsp/h-blcost__s-wastar/changmin_02_logistics/p003
enhsp,h-blind__s-wastar,blind,WAStar,changmin_02_logistics,p003.pddl,crash,true,1,128.403373,8575084,8570208,,,5371023,,,not-run,,results/raw/changmin-heuristics-all-20260912-160327-347232/cases/enhsp/h-blind__s-wastar/changmin_02_logistics/p003
enhsp,h-hadd__s-wastar,hadd,WAStar,changmin_02_logistics,p004.pddl,solved,true,0,4.336635,1713384,1643716,,57,815,196.0,196,valid,results/raw/changmin-heuristics-all-20260912-160327-347232/cases/enhsp/h-hadd__s-wastar/changmin_02_logistics/p004/plan.val,results/raw/changmin-heuristics-all-20260912-160327-347232/cases/enhsp/h-hadd__s-wastar/changmin_02_logistics/p004
enhsp,h-hmax__s-wastar,hmax,WAStar,changmin_02_logistics,p004.pddl,timeout,true,timeout,300.128738,3219152,3219152,timeout,,146013,,,not-run,,results/raw/changmin-heuristics-all-20260912-160327-347232/cases/enhsp/h-hmax__s-wastar/changmin_02_logistics/p004
enhsp,h-aibr__s-wastar,aibr,WAStar,changmin_02_logistics,p004.pddl,unsolved,true,0,1.942285,1184660,1157040,,,0,-1.0,,not-run,,results/raw/changmin-heuristics-all-20260912-160327-347232/cases/enhsp/h-aibr__s-wastar/changmin_02_logistics/p004
enhsp,h-hradd__s-wastar,hradd,WAStar,changmin_02_logistics,p004.pddl,solved,true,0,4.092413,1736912,1712712,,57,815,196.0,196,valid,results/raw/changmin-heuristics-all-20260912-160327-347232/cases/enhsp/h-hradd__s-wastar/changmin_02_logistics/p004/plan.val,results/raw/changmin-heuristics-all-20260912-160327-347232/cases/enhsp/h-hradd__s-wastar/changmin_02_logistics/p004
enhsp,h-hrmax__s-wastar,hrmax,WAStar,changmin_02_logistics,p004.pddl,timeout,true,timeout,300.219988,3252820,3252820,timeout,,144908,,,not-run,,results/raw/changmin-heuristics-all-20260912-160327-347232/cases/enhsp/h-hrmax__s-wastar/changmin_02_logistics/p004
enhsp,h-hmrp__s-wastar,hmrp,WAStar,changmin_02_logistics,p004.pddl,timeout,true,timeout,300.165233,4190576,4190576,timeout,,128644,,,not-run,,results/raw/changmin-heuristics-all-20260912-160327-347232/cases/enhsp/h-hmrp__s-wastar/changmin_02_logistics/p004
enhsp,h-ngc__s-wastar,ngc,WAStar,changmin_02_logistics,p004.pddl,crash,true,1,116.153021,8574528,8574528,,,3179793,,,not-run,,results/raw/changmin-heuristics-all-20260912-160327-347232/cases/enhsp/h-ngc__s-wastar/changmin_02_logistics/p004
enhsp,h-blcost__s-wastar,blcost,WAStar,changmin_02_logistics,p004.pddl,crash,true,1,114.824008,8569412,8569412,,,3221293,,,not-run,,results/raw/changmin-heuristics-all-20260912-160327-347232/cases/enhsp/h-blcost__s-wastar/changmin_02_logistics/p004
enhsp,h-blind__s-wastar,blind,WAStar,changmin_02_logistics,p004.pddl,crash,true,1,100.963840,8570696,8560376,,,3094214,,,not-run,,results/raw/changmin-heuristics-all-20260912-160327-347232/cases/enhsp/h-blind__s-wastar/changmin_02_logistics/p004
enhsp,h-hadd__s-wastar,hadd,WAStar,changmin_03_books,p000.pddl,solved,true,0,0.212849,76544,24164,,2,3,2.0,2,valid,results/raw/changmin-heuristics-all-20260912-160327-347232/cases/enhsp/h-hadd__s-wastar/changmin_03_books/p000/plan.val,results/raw/changmin-heuristics-all-20260912-160327-347232/cases/enhsp/h-hadd__s-wastar/changmin_03_books/p000
enhsp,h-hmax__s-wastar,hmax,WAStar,changmin_03_books,p000.pddl,solved,true,0,0.439744,76476,64372,,2,3,2.0,2,valid,results/raw/changmin-heuristics-all-20260912-160327-347232/cases/enhsp/h-hmax__s-wastar/changmin_03_books/p000/plan.val,results/raw/changmin-heuristics-all-20260912-160327-347232/cases/enhsp/h-hmax__s-wastar/changmin_03_books/p000
enhsp,h-aibr__s-wastar,aibr,WAStar,changmin_03_books,p000.pddl,unsolved,true,0,0.212929,64388,22680,,,0,-1.0,,not-run,,results/raw/changmin-heuristics-all-20260912-160327-347232/cases/enhsp/h-aibr__s-wastar/changmin_03_books/p000
enhsp,h-hradd__s-wastar,hradd,WAStar,changmin_03_books,p000.pddl,solved,true,0,0.424179,79616,18856,,2,3,2.0,2,valid,results/raw/changmin-heuristics-all-20260912-160327-347232/cases/enhsp/h-hradd__s-wastar/changmin_03_books/p000/plan.val,results/raw/changmin-heuristics-all-20260912-160327-347232/cases/enhsp/h-hradd__s-wastar/changmin_03_books/p000
enhsp,h-hrmax__s-wastar,hrmax,WAStar,changmin_03_books,p000.pddl,solved,true,0,0.433837,76780,60952,,2,3,2.0,2,valid,results/raw/changmin-heuristics-all-20260912-160327-347232/cases/enhsp/h-hrmax__s-wastar/changmin_03_books/p000/plan.val,results/raw/changmin-heuristics-all-20260912-160327-347232/cases/enhsp/h-hrmax__s-wastar/changmin_03_books/p000
enhsp,h-hmrp__s-wastar,hmrp,WAStar,changmin_03_books,p000.pddl,solved,true,0,0.438930,76704,63008,,2,3,2.0,2,valid,results/raw/changmin-heuristics-all-20260912-160327-347232/cases/enhsp/h-hmrp__s-wastar/changmin_03_books/p000/plan.val,results/raw/changmin-heuristics-all-20260912-160327-347232/cases/enhsp/h-hmrp__s-wastar/changmin_03_books/p000
enhsp,h-ngc__s-wastar,ngc,WAStar,changmin_03_books,p000.pddl,solved,true,0,0.212617,76820,22524,,2,3,2.0,2,valid,results/raw/changmin-heuristics-all-20260912-160327-347232/cases/enhsp/h-ngc__s-wastar/changmin_03_books/p000/plan.val,results/raw/changmin-heuristics-all-20260912-160327-347232/cases/enhsp/h-ngc__s-wastar/changmin_03_books/p000
enhsp,h-blcost__s-wastar,blcost,WAStar,changmin_03_books,p000.pddl,solved,true,0,0.214239,75536,25892,,2,4,2.0,2,valid,results/raw/changmin-heuristics-all-20260912-160327-347232/cases/enhsp/h-blcost__s-wastar/changmin_03_books/p000/plan.val,results/raw/changmin-heuristics-all-20260912-160327-347232/cases/enhsp/h-blcost__s-wastar/changmin_03_books/p000
enhsp,h-blind__s-wastar,blind,WAStar,changmin_03_books,p000.pddl,solved,true,0,0.425566,75672,26360,,2,4,2.0,2,valid,results/raw/changmin-heuristics-all-20260912-160327-347232/cases/enhsp/h-blind__s-wastar/changmin_03_books/p000/plan.val,results/raw/changmin-heuristics-all-20260912-160327-347232/cases/enhsp/h-blind__s-wastar/changmin_03_books/p000
enhsp,h-hadd__s-wastar,hadd,WAStar,changmin_03_books,p001.pddl,solved,true,0,0.434081,95464,77920,,19,83,57.0,57,valid,results/raw/changmin-heuristics-all-20260912-160327-347232/cases/enhsp/h-hadd__s-wastar/changmin_03_books/p001/plan.val,results/raw/changmin-heuristics-all-20260912-160327-347232/cases/enhsp/h-hadd__s-wastar/changmin_03_books/p001
enhsp,h-hmax__s-wastar,hmax,WAStar,changmin_03_books,p001.pddl,solved,true,0,0.433544,95044,84128,,17,435,53.0,53,valid,results/raw/changmin-heuristics-all-20260912-160327-347232/cases/enhsp/h-hmax__s-wastar/changmin_03_books/p001/plan.val,results/raw/changmin-heuristics-all-20260912-160327-347232/cases/enhsp/h-hmax__s-wastar/changmin_03_books/p001
enhsp,h-aibr__s-wastar,aibr,WAStar,changmin_03_books,p001.pddl,unsolved,true,0,0.424284,84548,84548,,,0,-1.0,,not-run,,results/raw/changmin-heuristics-all-20260912-160327-347232/cases/enhsp/h-aibr__s-wastar/changmin_03_books/p001
enhsp,h-hradd__s-wastar,hradd,WAStar,changmin_03_books,p001.pddl,solved,true,0,0.436202,101440,87316,,23,95,78.0,78,valid,results/raw/changmin-heuristics-all-20260912-160327-347232/cases/enhsp/h-hradd__s-wastar/changmin_03_books/p001/plan.val,results/raw/changmin-heuristics-all-20260912-160327-347232/cases/enhsp/h-hradd__s-wastar/changmin_03_books/p001
enhsp,h-hrmax__s-wastar,hrmax,WAStar,changmin_03_books,p001.pddl,solved,true,0,0.435923,102348,92188,,17,435,53.0,53,valid,results/raw/changmin-heuristics-all-20260912-160327-347232/cases/enhsp/h-hrmax__s-wastar/changmin_03_books/p001/plan.val,results/raw/changmin-heuristics-all-20260912-160327-347232/cases/enhsp/h-hrmax__s-wastar/changmin_03_books/p001
enhsp,h-hmrp__s-wastar,hmrp,WAStar,changmin_03_books,p001.pddl,solved,true,0,0.433827,101576,87064,,17,95,53.0,53,valid,results/raw/changmin-heuristics-all-20260912-160327-347232/cases/enhsp/h-hmrp__s-wastar/changmin_03_books/p001/plan.val,results/raw/changmin-heuristics-all-20260912-160327-347232/cases/enhsp/h-hmrp__s-wastar/changmin_03_books/p001
enhsp,h-ngc__s-wastar,ngc,WAStar,changmin_03_books,p001.pddl,solved,true,0,0.440004,93924,83620,,17,1037,53.0,53,valid,results/raw/changmin-heuristics-all-20260912-160327-347232/cases/enhsp/h-ngc__s-wastar/changmin_03_books/p001/plan.val,results/raw/changmin-heuristics-all-20260912-160327-347232/cases/enhsp/h-ngc__s-wastar/changmin_03_books/p001
enhsp,h-blcost__s-wastar,blcost,WAStar,changmin_03_books,p001.pddl,solved,true,0,0.434242,95364,82928,,17,2258,53.0,53,valid,results/raw/changmin-heuristics-all-20260912-160327-347232/cases/enhsp/h-blcost__s-wastar/changmin_03_books/p001/plan.val,results/raw/changmin-heuristics-all-20260912-160327-347232/cases/enhsp/h-blcost__s-wastar/changmin_03_books/p001
enhsp,h-blind__s-wastar,blind,WAStar,changmin_03_books,p001.pddl,solved,true,0,0.440729,100848,86308,,17,2446,53.0,53,valid,results/raw/changmin-heuristics-all-20260912-160327-347232/cases/enhsp/h-blind__s-wastar/changmin_03_books/p001/plan.val,results/raw/changmin-heuristics-all-20260912-160327-347232/cases/enhsp/h-blind__s-wastar/changmin_03_books/p001
enhsp,h-hadd__s-wastar,hadd,WAStar,changmin_03_books,p002.pddl,solved,true,0,1.519573,627380,606200,,67,9244,319.0,319,valid,results/raw/changmin-heuristics-all-20260912-160327-347232/cases/enhsp/h-hadd__s-wastar/changmin_03_books/p002/plan.val,results/raw/changmin-heuristics-all-20260912-160327-347232/cases/enhsp/h-hadd__s-wastar/changmin_03_books/p002
enhsp,h-hmax__s-wastar,hmax,WAStar,changmin_03_books,p002.pddl,timeout,true,timeout,300.074755,5163788,5163788,timeout,,9762348,,,not-run,,results/raw/changmin-heuristics-all-20260912-160327-347232/cases/enhsp/h-hmax__s-wastar/changmin_03_books/p002
enhsp,h-aibr__s-wastar,aibr,WAStar,changmin_03_books,p002.pddl,unsolved,true,0,0.659530,385632,301660,,,0,-1.0,,not-run,,results/raw/changmin-heuristics-all-20260912-160327-347232/cases/enhsp/h-aibr__s-wastar/changmin_03_books/p002
enhsp,h-hradd__s-wastar,hradd,WAStar,changmin_03_books,p002.pddl,solved,true,0,2.576507,854800,839152,,62,31002,308.0,308,valid,results/raw/changmin-heuristics-all-20260912-160327-347232/cases/enhsp/h-hradd__s-wastar/changmin_03_books/p002/plan.val,results/raw/changmin-heuristics-all-20260912-160327-347232/cases/enhsp/h-hradd__s-wastar/changmin_03_books/p002
enhsp,h-hrmax__s-wastar,hrmax,WAStar,changmin_03_books,p002.pddl,timeout,true,timeout,300.217678,4400656,4400656,timeout,,9284644,,,not-run,,results/raw/changmin-heuristics-all-20260912-160327-347232/cases/enhsp/h-hrmax__s-wastar/changmin_03_books/p002
enhsp,h-hmrp__s-wastar,hmrp,WAStar,changmin_03_books,p002.pddl,solved,true,0,197.267500,4285480,4279036,,40,5028080,144.0,144,valid,results/raw/changmin-heuristics-all-20260912-160327-347232/cases/enhsp/h-hmrp__s-wastar/changmin_03_books/p002/plan.val,results/raw/changmin-heuristics-all-20260912-160327-347232/cases/enhsp/h-hmrp__s-wastar/changmin_03_books/p002
enhsp,h-ngc__s-wastar,ngc,WAStar,changmin_03_books,p002.pddl,solved,true,0,75.683117,7974948,7955460,,40,14975110,144.0,144,valid,results/raw/changmin-heuristics-all-20260912-160327-347232/cases/enhsp/h-ngc__s-wastar/changmin_03_books/p002/plan.val,results/raw/changmin-heuristics-all-20260912-160327-347232/cases/enhsp/h-ngc__s-wastar/changmin_03_books/p002
enhsp,h-blcost__s-wastar,blcost,WAStar,changmin_03_books,p002.pddl,solved,true,0,108.809811,8079156,8055780,,40,23273294,144.0,144,valid,results/raw/changmin-heuristics-all-20260912-160327-347232/cases/enhsp/h-blcost__s-wastar/changmin_03_books/p002/plan.val,results/raw/changmin-heuristics-all-20260912-160327-347232/cases/enhsp/h-blcost__s-wastar/changmin_03_books/p002
enhsp,h-blind__s-wastar,blind,WAStar,changmin_03_books,p002.pddl,solved,true,0,106.419861,7466548,7427948,,40,23566177,144.0,144,valid,results/raw/changmin-heuristics-all-20260912-160327-347232/cases/enhsp/h-blind__s-wastar/changmin_03_books/p002/plan.val,results/raw/changmin-heuristics-all-20260912-160327-347232/cases/enhsp/h-blind__s-wastar/changmin_03_books/p002
enhsp,h-hadd__s-wastar,hadd,WAStar,changmin_03_books,p003.pddl,solved,true,0,6.879920,2751384,2685956,,115,20632,506.0,506,valid,results/raw/changmin-heuristics-all-20260912-160327-347232/cases/enhsp/h-hadd__s-wastar/changmin_03_books/p003/plan.val,results/raw/changmin-heuristics-all-20260912-160327-347232/cases/enhsp/h-hadd__s-wastar/changmin_03_books/p003
enhsp,h-hmax__s-wastar,hmax,WAStar,changmin_03_books,p003.pddl,timeout,true,timeout,300.196040,4188940,4188940,timeout,,3403509,,,not-run,,results/raw/changmin-heuristics-all-20260912-160327-347232/cases/enhsp/h-hmax__s-wastar/changmin_03_books/p003
enhsp,h-aibr__s-wastar,aibr,WAStar,changmin_03_books,p003.pddl,unsolved,true,0,4.285968,2753172,2752752,,,0,-1.0,,not-run,,results/raw/changmin-heuristics-all-20260912-160327-347232/cases/enhsp/h-aibr__s-wastar/changmin_03_books/p003
enhsp,h-hradd__s-wastar,hradd,WAStar,changmin_03_books,p003.pddl,solved,true,0,10.856341,2690232,2623368,,99,67373,506.0,506,valid,results/raw/changmin-heuristics-all-20260912-160327-347232/cases/enhsp/h-hradd__s-wastar/changmin_03_books/p003/plan.val,results/raw/changmin-heuristics-all-20260912-160327-347232/cases/enhsp/h-hradd__s-wastar/changmin_03_books/p003
enhsp,h-hrmax__s-wastar,hrmax,WAStar,changmin_03_books,p003.pddl,timeout,true,timeout,300.221500,4244212,4244212,timeout,,3310909,,,not-run,,results/raw/changmin-heuristics-all-20260912-160327-347232/cases/enhsp/h-hrmax__s-wastar/changmin_03_books/p003
enhsp,h-hmrp__s-wastar,hmrp,WAStar,changmin_03_books,p003.pddl,timeout,true,timeout,300.180206,4015640,4015640,timeout,,2986166,,,not-run,,results/raw/changmin-heuristics-all-20260912-160327-347232/cases/enhsp/h-hmrp__s-wastar/changmin_03_books/p003
enhsp,h-ngc__s-wastar,ngc,WAStar,changmin_03_books,p003.pddl,timeout,true,timeout,300.030694,8599096,8599096,timeout,,17877114,,,not-run,,results/raw/changmin-heuristics-all-20260912-160327-347232/cases/enhsp/h-ngc__s-wastar/changmin_03_books/p003
enhsp,h-blcost__s-wastar,blcost,WAStar,changmin_03_books,p003.pddl,crash,true,1,212.568341,8595312,8595312,,,18830945,,,not-run,,results/raw/changmin-heuristics-all-20260912-160327-347232/cases/enhsp/h-blcost__s-wastar/changmin_03_books/p003
enhsp,h-blind__s-wastar,blind,WAStar,changmin_03_books,p003.pddl,crash,true,1,185.457646,8584184,8584184,,,18778133,,,not-run,,results/raw/changmin-heuristics-all-20260912-160327-347232/cases/enhsp/h-blind__s-wastar/changmin_03_books/p003
enhsp,h-hadd__s-wastar,hadd,WAStar,changmin_03_books,p004.pddl,solved,true,0,129.702484,3617856,3545824,,198,860766,599.0,599,valid,results/raw/changmin-heuristics-all-20260912-160327-347232/cases/enhsp/h-hadd__s-wastar/changmin_03_books/p004/plan.val,results/raw/changmin-heuristics-all-20260912-160327-347232/cases/enhsp/h-hadd__s-wastar/changmin_03_books/p004
enhsp,h-hmax__s-wastar,hmax,WAStar,changmin_03_books,p004.pddl,timeout,true,timeout,300.155034,4236728,4236728,timeout,,2444694,,,not-run,,results/raw/changmin-heuristics-all-20260912-160327-347232/cases/enhsp/h-hmax__s-wastar/changmin_03_books/p004
enhsp,h-aibr__s-wastar,aibr,WAStar,changmin_03_books,p004.pddl,unsolved,true,0,8.952690,2944888,2944888,,,0,-1.0,,not-run,,results/raw/changmin-heuristics-all-20260912-160327-347232/cases/enhsp/h-aibr__s-wastar/changmin_03_books/p004
enhsp,h-hradd__s-wastar,hradd,WAStar,changmin_03_books,p004.pddl,timeout,true,timeout,300.211767,4145776,4145776,timeout,,2220802,,,not-run,,results/raw/changmin-heuristics-all-20260912-160327-347232/cases/enhsp/h-hradd__s-wastar/changmin_03_books/p004
enhsp,h-hrmax__s-wastar,hrmax,WAStar,changmin_03_books,p004.pddl,timeout,true,timeout,300.058145,5166100,5166100,timeout,,2431146,,,not-run,,results/raw/changmin-heuristics-all-20260912-160327-347232/cases/enhsp/h-hrmax__s-wastar/changmin_03_books/p004
enhsp,h-hmrp__s-wastar,hmrp,WAStar,changmin_03_books,p004.pddl,timeout,true,timeout,300.077548,3833884,3833884,timeout,,2238386,,,not-run,,results/raw/changmin-heuristics-all-20260912-160327-347232/cases/enhsp/h-hmrp__s-wastar/changmin_03_books/p004
enhsp,h-ngc__s-wastar,ngc,WAStar,changmin_03_books,p004.pddl,crash,true,1,154.160080,8596572,8596572,,,14635129,,,not-run,,results/raw/changmin-heuristics-all-20260912-160327-347232/cases/enhsp/h-ngc__s-wastar/changmin_03_books/p004
enhsp,h-blcost__s-wastar,blcost,WAStar,changmin_03_books,p004.pddl,crash,true,1,150.088485,8587676,8587676,,,15376675,,,not-run,,results/raw/changmin-heuristics-all-20260912-160327-347232/cases/enhsp/h-blcost__s-wastar/changmin_03_books/p004
enhsp,h-blind__s-wastar,blind,WAStar,changmin_03_books,p004.pddl,crash,true,1,148.719596,8579956,8579956,,,14854685,,,not-run,,results/raw/changmin-heuristics-all-20260912-160327-347232/cases/enhsp/h-blind__s-wastar/changmin_03_books/p004
enhsp,h-hadd__s-wastar,hadd,WAStar,changmin_04_watering,p000.pddl,solved,true,0,0.211090,75584,19864,,3,5,3.0,3,valid,results/raw/changmin-heuristics-all-20260912-160327-347232/cases/enhsp/h-hadd__s-wastar/changmin_04_watering/p000/plan.val,results/raw/changmin-heuristics-all-20260912-160327-347232/cases/enhsp/h-hadd__s-wastar/changmin_04_watering/p000
enhsp,h-hmax__s-wastar,hmax,WAStar,changmin_04_watering,p000.pddl,solved,true,0,0.453640,75436,65660,,3,6,3.0,3,valid,results/raw/changmin-heuristics-all-20260912-160327-347232/cases/enhsp/h-hmax__s-wastar/changmin_04_watering/p000/plan.val,results/raw/changmin-heuristics-all-20260912-160327-347232/cases/enhsp/h-hmax__s-wastar/changmin_04_watering/p000
enhsp,h-aibr__s-wastar,aibr,WAStar,changmin_04_watering,p000.pddl,unsolved,true,0,0.215476,63384,26684,,,0,-1.0,,not-run,,results/raw/changmin-heuristics-all-20260912-160327-347232/cases/enhsp/h-aibr__s-wastar/changmin_04_watering/p000
enhsp,h-hradd__s-wastar,hradd,WAStar,changmin_04_watering,p000.pddl,solved,true,0,0.440266,75752,62196,,3,5,3.0,3,valid,results/raw/changmin-heuristics-all-20260912-160327-347232/cases/enhsp/h-hradd__s-wastar/changmin_04_watering/p000/plan.val,results/raw/changmin-heuristics-all-20260912-160327-347232/cases/enhsp/h-hradd__s-wastar/changmin_04_watering/p000
enhsp,h-hrmax__s-wastar,hrmax,WAStar,changmin_04_watering,p000.pddl,solved,true,0,0.437181,76020,66116,,3,6,3.0,3,valid,results/raw/changmin-heuristics-all-20260912-160327-347232/cases/enhsp/h-hrmax__s-wastar/changmin_04_watering/p000/plan.val,results/raw/changmin-heuristics-all-20260912-160327-347232/cases/enhsp/h-hrmax__s-wastar/changmin_04_watering/p000
enhsp,h-hmrp__s-wastar,hmrp,WAStar,changmin_04_watering,p000.pddl,solved,true,0,0.432890,75580,62616,,3,4,3.0,3,valid,results/raw/changmin-heuristics-all-20260912-160327-347232/cases/enhsp/h-hmrp__s-wastar/changmin_04_watering/p000/plan.val,results/raw/changmin-heuristics-all-20260912-160327-347232/cases/enhsp/h-hmrp__s-wastar/changmin_04_watering/p000
enhsp,h-ngc__s-wastar,ngc,WAStar,changmin_04_watering,p000.pddl,solved,true,0,0.213333,74776,22260,,3,5,3.0,3,valid,results/raw/changmin-heuristics-all-20260912-160327-347232/cases/enhsp/h-ngc__s-wastar/changmin_04_watering/p000/plan.val,results/raw/changmin-heuristics-all-20260912-160327-347232/cases/enhsp/h-ngc__s-wastar/changmin_04_watering/p000
enhsp,h-blcost__s-wastar,blcost,WAStar,changmin_04_watering,p000.pddl,solved,true,0,0.217400,74444,21220,,3,7,3.0,3,valid,results/raw/changmin-heuristics-all-20260912-160327-347232/cases/enhsp/h-blcost__s-wastar/changmin_04_watering/p000/plan.val,results/raw/changmin-heuristics-all-20260912-160327-347232/cases/enhsp/h-blcost__s-wastar/changmin_04_watering/p000
enhsp,h-blind__s-wastar,blind,WAStar,changmin_04_watering,p000.pddl,solved,true,0,0.213831,74584,1552,,3,12,3.0,3,valid,results/raw/changmin-heuristics-all-20260912-160327-347232/cases/enhsp/h-blind__s-wastar/changmin_04_watering/p000/plan.val,results/raw/changmin-heuristics-all-20260912-160327-347232/cases/enhsp/h-blind__s-wastar/changmin_04_watering/p000
enhsp,h-hadd__s-wastar,hadd,WAStar,changmin_04_watering,p001.pddl,solved,true,0,0.650503,147312,107128,,25,8659,132.0,132,valid,results/raw/changmin-heuristics-all-20260912-160327-347232/cases/enhsp/h-hadd__s-wastar/changmin_04_watering/p001/plan.val,results/raw/changmin-heuristics-all-20260912-160327-347232/cases/enhsp/h-hadd__s-wastar/changmin_04_watering/p001
enhsp,h-hmax__s-wastar,hmax,WAStar,changmin_04_watering,p001.pddl,solved,true,0,0.881282,222944,213928,,22,26758,108.0,108,valid,results/raw/changmin-heuristics-all-20260912-160327-347232/cases/enhsp/h-hmax__s-wastar/changmin_04_watering/p001/plan.val,results/raw/changmin-heuristics-all-20260912-160327-347232/cases/enhsp/h-hmax__s-wastar/changmin_04_watering/p001
enhsp,h-aibr__s-wastar,aibr,WAStar,changmin_04_watering,p001.pddl,unsolved,true,0,0.214986,68108,26708,,,0,-1.0,,not-run,,results/raw/changmin-heuristics-all-20260912-160327-347232/cases/enhsp/h-aibr__s-wastar/changmin_04_watering/p001
enhsp,h-hradd__s-wastar,hradd,WAStar,changmin_04_watering,p001.pddl,solved,true,0,0.657565,167528,118352,,27,8219,156.0,156,valid,results/raw/changmin-heuristics-all-20260912-160327-347232/cases/enhsp/h-hradd__s-wastar/changmin_04_watering/p001/plan.val,results/raw/changmin-heuristics-all-20260912-160327-347232/cases/enhsp/h-hradd__s-wastar/changmin_04_watering/p001
enhsp,h-hrmax__s-wastar,hrmax,WAStar,changmin_04_watering,p001.pddl,solved,true,0,0.872824,282120,213692,,22,24360,108.0,108,valid,results/raw/changmin-heuristics-all-20260912-160327-347232/cases/enhsp/h-hrmax__s-wastar/changmin_04_watering/p001/plan.val,results/raw/changmin-heuristics-all-20260912-160327-347232/cases/enhsp/h-hrmax__s-wastar/changmin_04_watering/p001
enhsp,h-hmrp__s-wastar,hmrp,WAStar,changmin_04_watering,p001.pddl,solved,true,0,0.653011,141016,133288,,22,4483,108.0,108,valid,results/raw/changmin-heuristics-all-20260912-160327-347232/cases/enhsp/h-hmrp__s-wastar/changmin_04_watering/p001/plan.val,results/raw/changmin-heuristics-all-20260912-160327-347232/cases/enhsp/h-hmrp__s-wastar/changmin_04_watering/p001
enhsp,h-ngc__s-wastar,ngc,WAStar,changmin_04_watering,p001.pddl,solved,true,0,0.436989,112688,77944,,22,28201,108.0,108,valid,results/raw/changmin-heuristics-all-20260912-160327-347232/cases/enhsp/h-ngc__s-wastar/changmin_04_watering/p001/plan.val,results/raw/changmin-heuristics-all-20260912-160327-347232/cases/enhsp/h-ngc__s-wastar/changmin_04_watering/p001
enhsp,h-blcost__s-wastar,blcost,WAStar,changmin_04_watering,p001.pddl,solved,true,0,0.665537,122372,107872,,22,69578,108.0,108,valid,results/raw/changmin-heuristics-all-20260912-160327-347232/cases/enhsp/h-blcost__s-wastar/changmin_04_watering/p001/plan.val,results/raw/changmin-heuristics-all-20260912-160327-347232/cases/enhsp/h-blcost__s-wastar/changmin_04_watering/p001
enhsp,h-blind__s-wastar,blind,WAStar,changmin_04_watering,p001.pddl,solved,true,0,0.661673,117108,101360,,22,71719,108.0,108,valid,results/raw/changmin-heuristics-all-20260912-160327-347232/cases/enhsp/h-blind__s-wastar/changmin_04_watering/p001/plan.val,results/raw/changmin-heuristics-all-20260912-160327-347232/cases/enhsp/h-blind__s-wastar/changmin_04_watering/p001
enhsp,h-hadd__s-wastar,hadd,WAStar,changmin_04_watering,p002.pddl,solved,true,0,3.660238,791612,767900,,30,152822,114.0,114,valid,results/raw/changmin-heuristics-all-20260912-160327-347232/cases/enhsp/h-hadd__s-wastar/changmin_04_watering/p002/plan.val,results/raw/changmin-heuristics-all-20260912-160327-347232/cases/enhsp/h-hadd__s-wastar/changmin_04_watering/p002
enhsp,h-hmax__s-wastar,hmax,WAStar,changmin_04_watering,p002.pddl,solved,true,0,35.867847,3748324,3663880,,30,2342867,114.0,114,valid,results/raw/changmin-heuristics-all-20260912-160327-347232/cases/enhsp/h-hmax__s-wastar/changmin_04_watering/p002/plan.val,results/raw/changmin-heuristics-all-20260912-160327-347232/cases/enhsp/h-hmax__s-wastar/changmin_04_watering/p002
enhsp,h-aibr__s-wastar,aibr,WAStar,changmin_04_watering,p002.pddl,unsolved,true,0,0.215134,69340,27368,,,0,-1.0,,not-run,,results/raw/changmin-heuristics-all-20260912-160327-347232/cases/enhsp/h-aibr__s-wastar/changmin_04_watering/p002
enhsp,h-hradd__s-wastar,hradd,WAStar,changmin_04_watering,p002.pddl,solved,true,0,5.955637,1416508,1367112,,34,189045,151.0,151,valid,results/raw/changmin-heuristics-all-20260912-160327-347232/cases/enhsp/h-hradd__s-wastar/changmin_04_watering/p002/plan.val,results/raw/changmin-heuristics-all-20260912-160327-347232/cases/enhsp/h-hradd__s-wastar/changmin_04_watering/p002
enhsp,h-hrmax__s-wastar,hrmax,WAStar,changmin_04_watering,p002.pddl,solved,true,0,31.619312,3235044,3182976,,30,1647333,114.0,114,valid,results/raw/changmin-heuristics-all-20260912-160327-347232/cases/enhsp/h-hrmax__s-wastar/changmin_04_watering/p002/plan.val,results/raw/changmin-heuristics-all-20260912-160327-347232/cases/enhsp/h-hrmax__s-wastar/changmin_04_watering/p002
enhsp,h-hmrp__s-wastar,hmrp,WAStar,changmin_04_watering,p002.pddl,solved,true,0,11.305271,2821408,2778600,,30,439405,114.0,114,valid,results/raw/changmin-heuristics-all-20260912-160327-347232/cases/enhsp/h-hmrp__s-wastar/changmin_04_watering/p002/plan.val,results/raw/changmin-heuristics-all-20260912-160327-347232/cases/enhsp/h-hmrp__s-wastar/changmin_04_watering/p002
enhsp,h-ngc__s-wastar,ngc,WAStar,changmin_04_watering,p002.pddl,solved,true,0,7.100196,1416552,1259536,,30,1657022,114.0,114,valid,results/raw/changmin-heuristics-all-20260912-160327-347232/cases/enhsp/h-ngc__s-wastar/changmin_04_watering/p002/plan.val,results/raw/changmin-heuristics-all-20260912-160327-347232/cases/enhsp/h-ngc__s-wastar/changmin_04_watering/p002
enhsp,h-blcost__s-wastar,blcost,WAStar,changmin_04_watering,p002.pddl,solved,true,0,32.230294,5268128,5201732,,30,7358991,114.0,114,valid,results/raw/changmin-heuristics-all-20260912-160327-347232/cases/enhsp/h-blcost__s-wastar/changmin_04_watering/p002/plan.val,results/raw/changmin-heuristics-all-20260912-160327-347232/cases/enhsp/h-blcost__s-wastar/changmin_04_watering/p002
enhsp,h-blind__s-wastar,blind,WAStar,changmin_04_watering,p002.pddl,solved,true,0,31.865553,5360560,5293312,,30,7573426,114.0,114,valid,results/raw/changmin-heuristics-all-20260912-160327-347232/cases/enhsp/h-blind__s-wastar/changmin_04_watering/p002/plan.val,results/raw/changmin-heuristics-all-20260912-160327-347232/cases/enhsp/h-blind__s-wastar/changmin_04_watering/p002
enhsp,h-hadd__s-wastar,hadd,WAStar,changmin_04_watering,p003.pddl,solved,true,0,16.262622,2546124,2503072,,38,613324,184.0,184,valid,results/raw/changmin-heuristics-all-20260912-160327-347232/cases/enhsp/h-hadd__s-wastar/changmin_04_watering/p003/plan.val,results/raw/changmin-heuristics-all-20260912-160327-347232/cases/enhsp/h-hadd__s-wastar/changmin_04_watering/p003
enhsp,h-hmax__s-wastar,hmax,WAStar,changmin_04_watering,p003.pddl,solved,true,0,266.881667,8582804,8580780,,38,15353071,184.0,184,valid,results/raw/changmin-heuristics-all-20260912-160327-347232/cases/enhsp/h-hmax__s-wastar/changmin_04_watering/p003/plan.val,results/raw/changmin-heuristics-all-20260912-160327-347232/cases/enhsp/h-hmax__s-wastar/changmin_04_watering/p003
enhsp,h-aibr__s-wastar,aibr,WAStar,changmin_04_watering,p003.pddl,unsolved,true,0,0.211972,70948,21268,,,0,-1.0,,not-run,,results/raw/changmin-heuristics-all-20260912-160327-347232/cases/enhsp/h-aibr__s-wastar/changmin_04_watering/p003
enhsp,h-hradd__s-wastar,hradd,WAStar,changmin_04_watering,p003.pddl,solved,true,0,2.141217,470388,457984,,47,39363,274.0,274,valid,results/raw/changmin-heuristics-all-20260912-160327-347232/cases/enhsp/h-hradd__s-wastar/changmin_04_watering/p003/plan.val,results/raw/changmin-heuristics-all-20260912-160327-347232/cases/enhsp/h-hradd__s-wastar/changmin_04_watering/p003
enhsp,h-hrmax__s-wastar,hrmax,WAStar,changmin_04_watering,p003.pddl,solved,true,0,269.390854,8582960,8579960,,38,13137273,184.0,184,valid,results/raw/changmin-heuristics-all-20260912-160327-347232/cases/enhsp/h-hrmax__s-wastar/changmin_04_watering/p003/plan.val,results/raw/changmin-heuristics-all-20260912-160327-347232/cases/enhsp/h-hrmax__s-wastar/changmin_04_watering/p003
enhsp,h-hmrp__s-wastar,hmrp,WAStar,changmin_04_watering,p003.pddl,solved,true,0,45.763023,5416608,5327516,,38,1700389,184.0,184,valid,results/raw/changmin-heuristics-all-20260912-160327-347232/cases/enhsp/h-hmrp__s-wastar/changmin_04_watering/p003/plan.val,results/raw/changmin-heuristics-all-20260912-160327-347232/cases/enhsp/h-hmrp__s-wastar/changmin_04_watering/p003
enhsp,h-ngc__s-wastar,ngc,WAStar,changmin_04_watering,p003.pddl,solved,true,0,82.853615,8538524,8534096,,38,16524125,184.0,184,valid,results/raw/changmin-heuristics-all-20260912-160327-347232/cases/enhsp/h-ngc__s-wastar/changmin_04_watering/p003/plan.val,results/raw/changmin-heuristics-all-20260912-160327-347232/cases/enhsp/h-ngc__s-wastar/changmin_04_watering/p003
enhsp,h-blcost__s-wastar,blcost,WAStar,changmin_04_watering,p003.pddl,timeout,true,timeout,300.056524,8591572,8591572,timeout,,21647669,,,not-run,,results/raw/changmin-heuristics-all-20260912-160327-347232/cases/enhsp/h-blcost__s-wastar/changmin_04_watering/p003
enhsp,h-blind__s-wastar,blind,WAStar,changmin_04_watering,p003.pddl,timeout,true,timeout,300.209129,8595512,8595512,timeout,,21647670,,,not-run,,results/raw/changmin-heuristics-all-20260912-160327-347232/cases/enhsp/h-blind__s-wastar/changmin_04_watering/p003
enhsp,h-hadd__s-wastar,hadd,WAStar,changmin_04_watering,p004.pddl,timeout,true,timeout,300.026986,8563468,8563468,timeout,,7483118,,,not-run,,results/raw/changmin-heuristics-all-20260912-160327-347232/cases/enhsp/h-hadd__s-wastar/changmin_04_watering/p004
enhsp,h-hmax__s-wastar,hmax,WAStar,changmin_04_watering,p004.pddl,timeout,true,timeout,300.135543,8574224,8574224,timeout,,11585155,,,not-run,,results/raw/changmin-heuristics-all-20260912-160327-347232/cases/enhsp/h-hmax__s-wastar/changmin_04_watering/p004
enhsp,h-aibr__s-wastar,aibr,WAStar,changmin_04_watering,p004.pddl,unsolved,true,0,0.421431,73916,21332,,,0,-1.0,,not-run,,results/raw/changmin-heuristics-all-20260912-160327-347232/cases/enhsp/h-aibr__s-wastar/changmin_04_watering/p004
enhsp,h-hradd__s-wastar,hradd,WAStar,changmin_04_watering,p004.pddl,solved,true,0,0.871403,232172,219300,,58,5435,339.0,339,valid,results/raw/changmin-heuristics-all-20260912-160327-347232/cases/enhsp/h-hradd__s-wastar/changmin_04_watering/p004/plan.val,results/raw/changmin-heuristics-all-20260912-160327-347232/cases/enhsp/h-hradd__s-wastar/changmin_04_watering/p004
enhsp,h-hrmax__s-wastar,hrmax,WAStar,changmin_04_watering,p004.pddl,timeout,true,timeout,300.024027,8570480,8570480,timeout,,9516721,,,not-run,,results/raw/changmin-heuristics-all-20260912-160327-347232/cases/enhsp/h-hrmax__s-wastar/changmin_04_watering/p004
enhsp,h-hmrp__s-wastar,hmrp,WAStar,changmin_04_watering,p004.pddl,timeout,true,timeout,300.032770,8556392,8556392,timeout,,9974146,,,not-run,,results/raw/changmin-heuristics-all-20260912-160327-347232/cases/enhsp/h-hmrp__s-wastar/changmin_04_watering/p004
enhsp,h-ngc__s-wastar,ngc,WAStar,changmin_04_watering,p004.pddl,crash,true,1,295.592078,8578900,8578900,,,16787128,,,not-run,,results/raw/changmin-heuristics-all-20260912-160327-347232/cases/enhsp/h-ngc__s-wastar/changmin_04_watering/p004
enhsp,h-blcost__s-wastar,blcost,WAStar,changmin_04_watering,p004.pddl,crash,true,1,265.257511,8586796,8586796,,,17699589,,,not-run,,results/raw/changmin-heuristics-all-20260912-160327-347232/cases/enhsp/h-blcost__s-wastar/changmin_04_watering/p004
enhsp,h-blind__s-wastar,blind,WAStar,changmin_04_watering,p004.pddl,crash,true,1,278.157593,8588276,8588276,,,17702938,,,not-run,,results/raw/changmin-heuristics-all-20260912-160327-347232/cases/enhsp/h-blind__s-wastar/changmin_04_watering/p004
enhsp,h-hadd__s-wastar,hadd,WAStar,changmin_05_barman,p000.pddl,solved,true,0,0.698671,82268,69540,,3,5,3.0,3,valid,results/raw/changmin-heuristics-all-20260912-160327-347232/cases/enhsp/h-hadd__s-wastar/changmin_05_barman/p000/plan.val,results/raw/changmin-heuristics-all-20260912-160327-347232/cases/enhsp/h-hadd__s-wastar/changmin_05_barman/p000
enhsp,h-hmax__s-wastar,hmax,WAStar,changmin_05_barman,p000.pddl,solved,true,0,0.671985,78704,70704,,3,6,3.0,3,valid,results/raw/changmin-heuristics-all-20260912-160327-347232/cases/enhsp/h-hmax__s-wastar/changmin_05_barman/p000/plan.val,results/raw/changmin-heuristics-all-20260912-160327-347232/cases/enhsp/h-hmax__s-wastar/changmin_05_barman/p000
enhsp,h-aibr__s-wastar,aibr,WAStar,changmin_05_barman,p000.pddl,unsolved,true,0,0.214466,65880,26240,,,0,-1.0,,not-run,,results/raw/changmin-heuristics-all-20260912-160327-347232/cases/enhsp/h-aibr__s-wastar/changmin_05_barman/p000
enhsp,h-hradd__s-wastar,hradd,WAStar,changmin_05_barman,p000.pddl,solved,true,0,0.424633,81296,17788,,3,5,3.0,3,valid,results/raw/changmin-heuristics-all-20260912-160327-347232/cases/enhsp/h-hradd__s-wastar/changmin_05_barman/p000/plan.val,results/raw/changmin-heuristics-all-20260912-160327-347232/cases/enhsp/h-hradd__s-wastar/changmin_05_barman/p000
enhsp,h-hrmax__s-wastar,hrmax,WAStar,changmin_05_barman,p000.pddl,solved,true,0,0.457130,78768,61524,,3,6,3.0,3,valid,results/raw/changmin-heuristics-all-20260912-160327-347232/cases/enhsp/h-hrmax__s-wastar/changmin_05_barman/p000/plan.val,results/raw/changmin-heuristics-all-20260912-160327-347232/cases/enhsp/h-hrmax__s-wastar/changmin_05_barman/p000
enhsp,h-hmrp__s-wastar,hmrp,WAStar,changmin_05_barman,p000.pddl,solved,true,0,0.681694,80864,71120,,3,6,3.0,3,valid,results/raw/changmin-heuristics-all-20260912-160327-347232/cases/enhsp/h-hmrp__s-wastar/changmin_05_barman/p000/plan.val,results/raw/changmin-heuristics-all-20260912-160327-347232/cases/enhsp/h-hmrp__s-wastar/changmin_05_barman/p000
enhsp,h-ngc__s-wastar,ngc,WAStar,changmin_05_barman,p000.pddl,solved,true,0,0.213032,77196,24024,,3,7,3.0,3,valid,results/raw/changmin-heuristics-all-20260912-160327-347232/cases/enhsp/h-ngc__s-wastar/changmin_05_barman/p000/plan.val,results/raw/changmin-heuristics-all-20260912-160327-347232/cases/enhsp/h-ngc__s-wastar/changmin_05_barman/p000
enhsp,h-blcost__s-wastar,blcost,WAStar,changmin_05_barman,p000.pddl,solved,true,0,0.213726,77264,23776,,3,10,3.0,3,valid,results/raw/changmin-heuristics-all-20260912-160327-347232/cases/enhsp/h-blcost__s-wastar/changmin_05_barman/p000/plan.val,results/raw/changmin-heuristics-all-20260912-160327-347232/cases/enhsp/h-blcost__s-wastar/changmin_05_barman/p000
enhsp,h-blind__s-wastar,blind,WAStar,changmin_05_barman,p000.pddl,solved,true,0,0.213459,77180,23472,,3,15,3.0,3,valid,results/raw/changmin-heuristics-all-20260912-160327-347232/cases/enhsp/h-blind__s-wastar/changmin_05_barman/p000/plan.val,results/raw/changmin-heuristics-all-20260912-160327-347232/cases/enhsp/h-blind__s-wastar/changmin_05_barman/p000
enhsp,h-hadd__s-wastar,hadd,WAStar,changmin_05_barman,p001.pddl,timeout,true,timeout,300.221893,1867836,1867836,timeout,,1999784,,,not-run,,results/raw/changmin-heuristics-all-20260912-160327-347232/cases/enhsp/h-hadd__s-wastar/changmin_05_barman/p001
enhsp,h-hmax__s-wastar,hmax,WAStar,changmin_05_barman,p001.pddl,timeout,true,timeout,300.064003,2021932,2021932,timeout,,2610763,,,not-run,,results/raw/changmin-heuristics-all-20260912-160327-347232/cases/enhsp/h-hmax__s-wastar/changmin_05_barman/p001
enhsp,h-aibr__s-wastar,aibr,WAStar,changmin_05_barman,p001.pddl,unsolved,true,0,0.435873,82812,76496,,,0,-1.0,,not-run,,results/raw/changmin-heuristics-all-20260912-160327-347232/cases/enhsp/h-aibr__s-wastar/changmin_05_barman/p001
enhsp,h-hradd__s-wastar,hradd,WAStar,changmin_05_barman,p001.pddl,timeout,true,timeout,300.125878,1878560,1878560,timeout,,2012948,,,not-run,,results/raw/changmin-heuristics-all-20260912-160327-347232/cases/enhsp/h-hradd__s-wastar/changmin_05_barman/p001
enhsp,h-hrmax__s-wastar,hrmax,WAStar,changmin_05_barman,p001.pddl,timeout,true,timeout,300.080155,2133916,2133916,timeout,,2610763,,,not-run,,results/raw/changmin-heuristics-all-20260912-160327-347232/cases/enhsp/h-hrmax__s-wastar/changmin_05_barman/p001
enhsp,h-hmrp__s-wastar,hmrp,WAStar,changmin_05_barman,p001.pddl,timeout,true,timeout,300.066685,1742544,1742544,timeout,,2234264,,,not-run,,results/raw/changmin-heuristics-all-20260912-160327-347232/cases/enhsp/h-hmrp__s-wastar/changmin_05_barman/p001
enhsp,h-ngc__s-wastar,ngc,WAStar,changmin_05_barman,p001.pddl,solved,true,0,169.645674,8421876,8418380,,26,20540842,74.0,74,valid,results/raw/changmin-heuristics-all-20260912-160327-347232/cases/enhsp/h-ngc__s-wastar/changmin_05_barman/p001/plan.val,results/raw/changmin-heuristics-all-20260912-160327-347232/cases/enhsp/h-ngc__s-wastar/changmin_05_barman/p001
enhsp,h-blcost__s-wastar,blcost,WAStar,changmin_05_barman,p001.pddl,solved,true,0,185.924079,7966648,7946928,,26,23774848,74.0,74,valid,results/raw/changmin-heuristics-all-20260912-160327-347232/cases/enhsp/h-blcost__s-wastar/changmin_05_barman/p001/plan.val,results/raw/changmin-heuristics-all-20260912-160327-347232/cases/enhsp/h-blcost__s-wastar/changmin_05_barman/p001
enhsp,h-blind__s-wastar,blind,WAStar,changmin_05_barman,p001.pddl,solved,true,0,176.781231,7774028,7771660,,26,24025290,74.0,74,valid,results/raw/changmin-heuristics-all-20260912-160327-347232/cases/enhsp/h-blind__s-wastar/changmin_05_barman/p001/plan.val,results/raw/changmin-heuristics-all-20260912-160327-347232/cases/enhsp/h-blind__s-wastar/changmin_05_barman/p001
enhsp,h-hadd__s-wastar,hadd,WAStar,changmin_05_barman,p002.pddl,timeout,true,timeout,300.020048,2054504,2054504,timeout,,290148,,,not-run,,results/raw/changmin-heuristics-all-20260912-160327-347232/cases/enhsp/h-hadd__s-wastar/changmin_05_barman/p002
enhsp,h-hmax__s-wastar,hmax,WAStar,changmin_05_barman,p002.pddl,timeout,true,timeout,300.054996,1670848,1670848,timeout,,573291,,,not-run,,results/raw/changmin-heuristics-all-20260912-160327-347232/cases/enhsp/h-hmax__s-wastar/changmin_05_barman/p002
enhsp,h-aibr__s-wastar,aibr,WAStar,changmin_05_barman,p002.pddl,unsolved,true,0,0.438071,89396,82876,,,0,-1.0,,not-run,,results/raw/changmin-heuristics-all-20260912-160327-347232/cases/enhsp/h-aibr__s-wastar/changmin_05_barman/p002
enhsp,h-hradd__s-wastar,hradd,WAStar,changmin_05_barman,p002.pddl,timeout,true,timeout,300.144181,2720056,2720056,timeout,,299682,,,not-run,,results/raw/changmin-heuristics-all-20260912-160327-347232/cases/enhsp/h-hradd__s-wastar/changmin_05_barman/p002
enhsp,h-hrmax__s-wastar,hrmax,WAStar,changmin_05_barman,p002.pddl,timeout,true,timeout,300.110830,2591124,2591124,timeout,,566089,,,not-run,,results/raw/changmin-heuristics-all-20260912-160327-347232/cases/enhsp/h-hrmax__s-wastar/changmin_05_barman/p002
enhsp,h-hmrp__s-wastar,hmrp,WAStar,changmin_05_barman,p002.pddl,timeout,true,timeout,300.016656,2868412,2868412,timeout,,624746,,,not-run,,results/raw/changmin-heuristics-all-20260912-160327-347232/cases/enhsp/h-hmrp__s-wastar/changmin_05_barman/p002
enhsp,h-ngc__s-wastar,ngc,WAStar,changmin_05_barman,p002.pddl,crash,true,1,269.644059,8569196,8569196,,,7171373,,,not-run,,results/raw/changmin-heuristics-all-20260912-160327-347232/cases/enhsp/h-ngc__s-wastar/changmin_05_barman/p002
enhsp,h-blcost__s-wastar,blcost,WAStar,changmin_05_barman,p002.pddl,timeout,true,timeout,300.088065,8564880,8564880,timeout,,11485561,,,not-run,,results/raw/changmin-heuristics-all-20260912-160327-347232/cases/enhsp/h-blcost__s-wastar/changmin_05_barman/p002
enhsp,h-blind__s-wastar,blind,WAStar,changmin_05_barman,p002.pddl,timeout,true,timeout,300.218386,8573308,8573308,timeout,,11493929,,,not-run,,results/raw/changmin-heuristics-all-20260912-160327-347232/cases/enhsp/h-blind__s-wastar/changmin_05_barman/p002
enhsp,h-hadd__s-wastar,hadd,WAStar,changmin_05_barman,p003.pddl,timeout,true,timeout,300.042376,793792,793792,timeout,,69715,,,not-run,,results/raw/changmin-heuristics-all-20260912-160327-347232/cases/enhsp/h-hadd__s-wastar/changmin_05_barman/p003
enhsp,h-hmax__s-wastar,hmax,WAStar,changmin_05_barman,p003.pddl,timeout,true,timeout,300.150661,710508,710508,timeout,,132217,,,not-run,,results/raw/changmin-heuristics-all-20260912-160327-347232/cases/enhsp/h-hmax__s-wastar/changmin_05_barman/p003
enhsp,h-aibr__s-wastar,aibr,WAStar,changmin_05_barman,p003.pddl,unsolved,true,0,0.648006,136896,110672,,,0,-1.0,,not-run,,results/raw/changmin-heuristics-all-20260912-160327-347232/cases/enhsp/h-aibr__s-wastar/changmin_05_barman/p003
enhsp,h-hradd__s-wastar,hradd,WAStar,changmin_05_barman,p003.pddl,timeout,true,timeout,300.015831,824652,824652,timeout,,70679,,,not-run,,results/raw/changmin-heuristics-all-20260912-160327-347232/cases/enhsp/h-hradd__s-wastar/changmin_05_barman/p003
enhsp,h-hrmax__s-wastar,hrmax,WAStar,changmin_05_barman,p003.pddl,timeout,true,timeout,300.076019,722908,722908,timeout,,132856,,,not-run,,results/raw/changmin-heuristics-all-20260912-160327-347232/cases/enhsp/h-hrmax__s-wastar/changmin_05_barman/p003
enhsp,h-hmrp__s-wastar,hmrp,WAStar,changmin_05_barman,p003.pddl,timeout,true,timeout,300.125469,842904,842904,timeout,,169318,,,not-run,,results/raw/changmin-heuristics-all-20260912-160327-347232/cases/enhsp/h-hmrp__s-wastar/changmin_05_barman/p003
enhsp,h-ngc__s-wastar,ngc,WAStar,changmin_05_barman,p003.pddl,crash,true,1,179.588396,8580340,8580340,,,3359987,,,not-run,,results/raw/changmin-heuristics-all-20260912-160327-347232/cases/enhsp/h-ngc__s-wastar/changmin_05_barman/p003
enhsp,h-blcost__s-wastar,blcost,WAStar,changmin_05_barman,p003.pddl,timeout,true,timeout,300.152969,8569352,8569352,timeout,,6758731,,,not-run,,results/raw/changmin-heuristics-all-20260912-160327-347232/cases/enhsp/h-blcost__s-wastar/changmin_05_barman/p003
enhsp,h-blind__s-wastar,blind,WAStar,changmin_05_barman,p003.pddl,timeout,true,timeout,300.111992,8573620,8573620,timeout,,6789913,,,not-run,,results/raw/changmin-heuristics-all-20260912-160327-347232/cases/enhsp/h-blind__s-wastar/changmin_05_barman/p003
enhsp,h-hadd__s-wastar,hadd,WAStar,changmin_05_barman,p004.pddl,timeout,true,timeout,300.156977,891668,891668,timeout,,50499,,,not-run,,results/raw/changmin-heuristics-all-20260912-160327-347232/cases/enhsp/h-hadd__s-wastar/changmin_05_barman/p004
enhsp,h-hmax__s-wastar,hmax,WAStar,changmin_05_barman,p004.pddl,timeout,true,timeout,300.162213,781820,781820,timeout,,80243,,,not-run,,results/raw/changmin-heuristics-all-20260912-160327-347232/cases/enhsp/h-hmax__s-wastar/changmin_05_barman/p004
enhsp,h-aibr__s-wastar,aibr,WAStar,changmin_05_barman,p004.pddl,unsolved,true,0,1.086083,308168,307100,,,0,-1.0,,not-run,,results/raw/changmin-heuristics-all-20260912-160327-347232/cases/enhsp/h-aibr__s-wastar/changmin_05_barman/p004
enhsp,h-hradd__s-wastar,hradd,WAStar,changmin_05_barman,p004.pddl,timeout,true,timeout,300.133167,905940,905940,timeout,,49327,,,not-run,,results/raw/changmin-heuristics-all-20260912-160327-347232/cases/enhsp/h-hradd__s-wastar/changmin_05_barman/p004
enhsp,h-hrmax__s-wastar,hrmax,WAStar,changmin_05_barman,p004.pddl,timeout,true,timeout,300.204705,794328,794328,timeout,,82478,,,not-run,,results/raw/changmin-heuristics-all-20260912-160327-347232/cases/enhsp/h-hrmax__s-wastar/changmin_05_barman/p004
enhsp,h-hmrp__s-wastar,hmrp,WAStar,changmin_05_barman,p004.pddl,timeout,true,timeout,300.109238,828756,828756,timeout,,120282,,,not-run,,results/raw/changmin-heuristics-all-20260912-160327-347232/cases/enhsp/h-hmrp__s-wastar/changmin_05_barman/p004
enhsp,h-ngc__s-wastar,ngc,WAStar,changmin_05_barman,p004.pddl,timeout,true,timeout,300.151632,8568188,8568188,timeout,,2922952,,,not-run,,results/raw/changmin-heuristics-all-20260912-160327-347232/cases/enhsp/h-ngc__s-wastar/changmin_05_barman/p004
enhsp,h-blcost__s-wastar,blcost,WAStar,changmin_05_barman,p004.pddl,timeout,true,timeout,300.128064,8297620,8297620,timeout,,5395833,,,not-run,,results/raw/changmin-heuristics-all-20260912-160327-347232/cases/enhsp/h-blcost__s-wastar/changmin_05_barman/p004
enhsp,h-blind__s-wastar,blind,WAStar,changmin_05_barman,p004.pddl,timeout,true,timeout,300.125777,8279824,8279824,timeout,,5390813,,,not-run,,results/raw/changmin-heuristics-all-20260912-160327-347232/cases/enhsp/h-blind__s-wastar/changmin_05_barman/p004
enhsp,h-hadd__s-wastar,hadd,WAStar,changmin_06_assembly,p000.pddl,solved,true,0,0.217423,75900,17988,,6,7,6.0,6,valid,results/raw/changmin-heuristics-all-20260912-160327-347232/cases/enhsp/h-hadd__s-wastar/changmin_06_assembly/p000/plan.val,results/raw/changmin-heuristics-all-20260912-160327-347232/cases/enhsp/h-hadd__s-wastar/changmin_06_assembly/p000
enhsp,h-hmax__s-wastar,hmax,WAStar,changmin_06_assembly,p000.pddl,solved,true,0,0.219146,75480,17080,,6,9,6.0,6,valid,results/raw/changmin-heuristics-all-20260912-160327-347232/cases/enhsp/h-hmax__s-wastar/changmin_06_assembly/p000/plan.val,results/raw/changmin-heuristics-all-20260912-160327-347232/cases/enhsp/h-hmax__s-wastar/changmin_06_assembly/p000
enhsp,h-aibr__s-wastar,aibr,WAStar,changmin_06_assembly,p000.pddl,unsolved,true,0,0.211025,63360,19664,,,0,-1.0,,not-run,,results/raw/changmin-heuristics-all-20260912-160327-347232/cases/enhsp/h-aibr__s-wastar/changmin_06_assembly/p000
enhsp,h-hradd__s-wastar,hradd,WAStar,changmin_06_assembly,p000.pddl,solved,true,0,0.426307,75528,10436,,6,7,6.0,6,valid,results/raw/changmin-heuristics-all-20260912-160327-347232/cases/enhsp/h-hradd__s-wastar/changmin_06_assembly/p000/plan.val,results/raw/changmin-heuristics-all-20260912-160327-347232/cases/enhsp/h-hradd__s-wastar/changmin_06_assembly/p000
enhsp,h-hrmax__s-wastar,hrmax,WAStar,changmin_06_assembly,p000.pddl,solved,true,0,0.220034,75520,1556,,6,9,6.0,6,valid,results/raw/changmin-heuristics-all-20260912-160327-347232/cases/enhsp/h-hrmax__s-wastar/changmin_06_assembly/p000/plan.val,results/raw/changmin-heuristics-all-20260912-160327-347232/cases/enhsp/h-hrmax__s-wastar/changmin_06_assembly/p000
enhsp,h-hmrp__s-wastar,hmrp,WAStar,changmin_06_assembly,p000.pddl,solved,true,0,0.217524,75684,19392,,6,9,6.0,6,valid,results/raw/changmin-heuristics-all-20260912-160327-347232/cases/enhsp/h-hmrp__s-wastar/changmin_06_assembly/p000/plan.val,results/raw/changmin-heuristics-all-20260912-160327-347232/cases/enhsp/h-hmrp__s-wastar/changmin_06_assembly/p000
enhsp,h-ngc__s-wastar,ngc,WAStar,changmin_06_assembly,p000.pddl,solved,true,0,0.457216,75028,55896,,6,8,6.0,6,valid,results/raw/changmin-heuristics-all-20260912-160327-347232/cases/enhsp/h-ngc__s-wastar/changmin_06_assembly/p000/plan.val,results/raw/changmin-heuristics-all-20260912-160327-347232/cases/enhsp/h-ngc__s-wastar/changmin_06_assembly/p000
enhsp,h-blcost__s-wastar,blcost,WAStar,changmin_06_assembly,p000.pddl,solved,true,0,0.448903,74688,60480,,6,9,6.0,6,valid,results/raw/changmin-heuristics-all-20260912-160327-347232/cases/enhsp/h-blcost__s-wastar/changmin_06_assembly/p000/plan.val,results/raw/changmin-heuristics-all-20260912-160327-347232/cases/enhsp/h-blcost__s-wastar/changmin_06_assembly/p000
enhsp,h-blind__s-wastar,blind,WAStar,changmin_06_assembly,p000.pddl,solved,true,0,0.437620,74708,73892,,6,9,6.0,6,valid,results/raw/changmin-heuristics-all-20260912-160327-347232/cases/enhsp/h-blind__s-wastar/changmin_06_assembly/p000/plan.val,results/raw/changmin-heuristics-all-20260912-160327-347232/cases/enhsp/h-blind__s-wastar/changmin_06_assembly/p000
enhsp,h-hadd__s-wastar,hadd,WAStar,changmin_06_assembly,p001.pddl,solved,true,0,0.427715,81972,81056,,37,59,90.0,90,valid,results/raw/changmin-heuristics-all-20260912-160327-347232/cases/enhsp/h-hadd__s-wastar/changmin_06_assembly/p001/plan.val,results/raw/changmin-heuristics-all-20260912-160327-347232/cases/enhsp/h-hadd__s-wastar/changmin_06_assembly/p001
enhsp,h-hmax__s-wastar,hmax,WAStar,changmin_06_assembly,p001.pddl,solved,true,0,0.431477,84644,84644,,35,132,90.0,90,valid,results/raw/changmin-heuristics-all-20260912-160327-347232/cases/enhsp/h-hmax__s-wastar/changmin_06_assembly/p001/plan.val,results/raw/changmin-heuristics-all-20260912-160327-347232/cases/enhsp/h-hmax__s-wastar/changmin_06_assembly/p001
enhsp,h-aibr__s-wastar,aibr,WAStar,changmin_06_assembly,p001.pddl,unsolved,true,0,0.212614,68664,19392,,,0,-1.0,,not-run,,results/raw/changmin-heuristics-all-20260912-160327-347232/cases/enhsp/h-aibr__s-wastar/changmin_06_assembly/p001
enhsp,h-hradd__s-wastar,hradd,WAStar,changmin_06_assembly,p001.pddl,solved,true,0,0.429783,81928,81160,,37,59,90.0,90,valid,results/raw/changmin-heuristics-all-20260912-160327-347232/cases/enhsp/h-hradd__s-wastar/changmin_06_assembly/p001/plan.val,results/raw/changmin-heuristics-all-20260912-160327-347232/cases/enhsp/h-hradd__s-wastar/changmin_06_assembly/p001
enhsp,h-hrmax__s-wastar,hrmax,WAStar,changmin_06_assembly,p001.pddl,solved,true,0,0.431419,84468,84468,,35,132,90.0,90,valid,results/raw/changmin-heuristics-all-20260912-160327-347232/cases/enhsp/h-hrmax__s-wastar/changmin_06_assembly/p001/plan.val,results/raw/changmin-heuristics-all-20260912-160327-347232/cases/enhsp/h-hrmax__s-wastar/changmin_06_assembly/p001
enhsp,h-hmrp__s-wastar,hmrp,WAStar,changmin_06_assembly,p001.pddl,solved,true,0,0.433441,84348,74916,,35,119,90.0,90,valid,results/raw/changmin-heuristics-all-20260912-160327-347232/cases/enhsp/h-hmrp__s-wastar/changmin_06_assembly/p001/plan.val,results/raw/changmin-heuristics-all-20260912-160327-347232/cases/enhsp/h-hmrp__s-wastar/changmin_06_assembly/p001
enhsp,h-ngc__s-wastar,ngc,WAStar,changmin_06_assembly,p001.pddl,solved,true,0,0.696516,78832,70132,,35,178,90.0,90,valid,results/raw/changmin-heuristics-all-20260912-160327-347232/cases/enhsp/h-ngc__s-wastar/changmin_06_assembly/p001/plan.val,results/raw/changmin-heuristics-all-20260912-160327-347232/cases/enhsp/h-ngc__s-wastar/changmin_06_assembly/p001
enhsp,h-blcost__s-wastar,blcost,WAStar,changmin_06_assembly,p001.pddl,solved,true,0,0.436436,80640,71412,,35,182,90.0,90,valid,results/raw/changmin-heuristics-all-20260912-160327-347232/cases/enhsp/h-blcost__s-wastar/changmin_06_assembly/p001/plan.val,results/raw/changmin-heuristics-all-20260912-160327-347232/cases/enhsp/h-blcost__s-wastar/changmin_06_assembly/p001
enhsp,h-blind__s-wastar,blind,WAStar,changmin_06_assembly,p001.pddl,solved,true,0,0.443819,80580,71500,,35,184,90.0,90,valid,results/raw/changmin-heuristics-all-20260912-160327-347232/cases/enhsp/h-blind__s-wastar/changmin_06_assembly/p001/plan.val,results/raw/changmin-heuristics-all-20260912-160327-347232/cases/enhsp/h-blind__s-wastar/changmin_06_assembly/p001
enhsp,h-hadd__s-wastar,hadd,WAStar,changmin_06_assembly,p002.pddl,solved,true,0,0.430795,91432,77344,,60,208,146.0,146,valid,results/raw/changmin-heuristics-all-20260912-160327-347232/cases/enhsp/h-hadd__s-wastar/changmin_06_assembly/p002/plan.val,results/raw/changmin-heuristics-all-20260912-160327-347232/cases/enhsp/h-hadd__s-wastar/changmin_06_assembly/p002
enhsp,h-hmax__s-wastar,hmax,WAStar,changmin_06_assembly,p002.pddl,solved,true,0,0.654750,114044,105008,,56,12359,138.0,138,valid,results/raw/changmin-heuristics-all-20260912-160327-347232/cases/enhsp/h-hmax__s-wastar/changmin_06_assembly/p002/plan.val,results/raw/changmin-heuristics-all-20260912-160327-347232/cases/enhsp/h-hmax__s-wastar/changmin_06_assembly/p002
enhsp,h-aibr__s-wastar,aibr,WAStar,changmin_06_assembly,p002.pddl,unsolved,true,0,0.430545,74936,17256,,,0,-1.0,,not-run,,results/raw/changmin-heuristics-all-20260912-160327-347232/cases/enhsp/h-aibr__s-wastar/changmin_06_assembly/p002
enhsp,h-hradd__s-wastar,hradd,WAStar,changmin_06_assembly,p002.pddl,solved,true,0,0.433878,91568,79028,,60,208,146.0,146,valid,results/raw/changmin-heuristics-all-20260912-160327-347232/cases/enhsp/h-hradd__s-wastar/changmin_06_assembly/p002/plan.val,results/raw/changmin-heuristics-all-20260912-160327-347232/cases/enhsp/h-hradd__s-wastar/changmin_06_assembly/p002
enhsp,h-hrmax__s-wastar,hrmax,WAStar,changmin_06_assembly,p002.pddl,solved,true,0,0.654068,110596,92024,,56,12359,138.0,138,valid,results/raw/changmin-heuristics-all-20260912-160327-347232/cases/enhsp/h-hrmax__s-wastar/changmin_06_assembly/p002/plan.val,results/raw/changmin-heuristics-all-20260912-160327-347232/cases/enhsp/h-hrmax__s-wastar/changmin_06_assembly/p002
enhsp,h-hmrp__s-wastar,hmrp,WAStar,changmin_06_assembly,p002.pddl,solved,true,0,0.430069,117636,77900,,54,2327,138.0,138,valid,results/raw/changmin-heuristics-all-20260912-160327-347232/cases/enhsp/h-hmrp__s-wastar/changmin_06_assembly/p002/plan.val,results/raw/changmin-heuristics-all-20260912-160327-347232/cases/enhsp/h-hmrp__s-wastar/changmin_06_assembly/p002
enhsp,h-ngc__s-wastar,ngc,WAStar,changmin_06_assembly,p002.pddl,solved,true,0,0.930812,95168,78164,,56,14264,138.0,138,valid,results/raw/changmin-heuristics-all-20260912-160327-347232/cases/enhsp/h-ngc__s-wastar/changmin_06_assembly/p002/plan.val,results/raw/changmin-heuristics-all-20260912-160327-347232/cases/enhsp/h-ngc__s-wastar/changmin_06_assembly/p002
enhsp,h-blcost__s-wastar,blcost,WAStar,changmin_06_assembly,p002.pddl,solved,true,0,0.435763,95124,77264,,54,14588,138.0,138,valid,results/raw/changmin-heuristics-all-20260912-160327-347232/cases/enhsp/h-blcost__s-wastar/changmin_06_assembly/p002/plan.val,results/raw/changmin-heuristics-all-20260912-160327-347232/cases/enhsp/h-blcost__s-wastar/changmin_06_assembly/p002
enhsp,h-blind__s-wastar,blind,WAStar,changmin_06_assembly,p002.pddl,solved,true,0,0.438937,95080,79504,,54,14599,138.0,138,valid,results/raw/changmin-heuristics-all-20260912-160327-347232/cases/enhsp/h-blind__s-wastar/changmin_06_assembly/p002/plan.val,results/raw/changmin-heuristics-all-20260912-160327-347232/cases/enhsp/h-blind__s-wastar/changmin_06_assembly/p002
enhsp,h-hadd__s-wastar,hadd,WAStar,changmin_06_assembly,p003.pddl,solved,true,0,2.144743,403080,372768,,76,52890,202.0,202,valid,results/raw/changmin-heuristics-all-20260912-160327-347232/cases/enhsp/h-hadd__s-wastar/changmin_06_assembly/p003/plan.val,results/raw/changmin-heuristics-all-20260912-160327-347232/cases/enhsp/h-hadd__s-wastar/changmin_06_assembly/p003
enhsp,h-hmax__s-wastar,hmax,WAStar,changmin_06_assembly,p003.pddl,solved,true,0,31.341182,2199696,2164716,,64,2202297,176.0,176,valid,results/raw/changmin-heuristics-all-20260912-160327-347232/cases/enhsp/h-hmax__s-wastar/changmin_06_assembly/p003/plan.val,results/raw/changmin-heuristics-all-20260912-160327-347232/cases/enhsp/h-hmax__s-wastar/changmin_06_assembly/p003
enhsp,h-aibr__s-wastar,aibr,WAStar,changmin_06_assembly,p003.pddl,unsolved,true,0,0.435282,84688,84688,,,0,-1.0,,not-run,,results/raw/changmin-heuristics-all-20260912-160327-347232/cases/enhsp/h-aibr__s-wastar/changmin_06_assembly/p003
enhsp,h-hradd__s-wastar,hradd,WAStar,changmin_06_assembly,p003.pddl,solved,true,0,1.935682,394520,384100,,76,52890,202.0,202,valid,results/raw/changmin-heuristics-all-20260912-160327-347232/cases/enhsp/h-hradd__s-wastar/changmin_06_assembly/p003/plan.val,results/raw/changmin-heuristics-all-20260912-160327-347232/cases/enhsp/h-hradd__s-wastar/changmin_06_assembly/p003
enhsp,h-hrmax__s-wastar,hrmax,WAStar,changmin_06_assembly,p003.pddl,solved,true,0,30.931256,1992644,1990284,,64,2202297,176.0,176,valid,results/raw/changmin-heuristics-all-20260912-160327-347232/cases/enhsp/h-hrmax__s-wastar/changmin_06_assembly/p003/plan.val,results/raw/changmin-heuristics-all-20260912-160327-347232/cases/enhsp/h-hrmax__s-wastar/changmin_06_assembly/p003
enhsp,h-hmrp__s-wastar,hmrp,WAStar,changmin_06_assembly,p003.pddl,solved,true,0,9.579957,1850444,1818624,,64,251619,176.0,176,valid,results/raw/changmin-heuristics-all-20260912-160327-347232/cases/enhsp/h-hmrp__s-wastar/changmin_06_assembly/p003/plan.val,results/raw/changmin-heuristics-all-20260912-160327-347232/cases/enhsp/h-hmrp__s-wastar/changmin_06_assembly/p003
enhsp,h-ngc__s-wastar,ngc,WAStar,changmin_06_assembly,p003.pddl,solved,true,0,13.269551,1636680,1634376,,64,2248144,176.0,176,valid,results/raw/changmin-heuristics-all-20260912-160327-347232/cases/enhsp/h-ngc__s-wastar/changmin_06_assembly/p003/plan.val,results/raw/changmin-heuristics-all-20260912-160327-347232/cases/enhsp/h-ngc__s-wastar/changmin_06_assembly/p003
enhsp,h-blcost__s-wastar,blcost,WAStar,changmin_06_assembly,p003.pddl,solved,true,0,10.556990,1668128,1602448,,64,2263050,176.0,176,valid,results/raw/changmin-heuristics-all-20260912-160327-347232/cases/enhsp/h-blcost__s-wastar/changmin_06_assembly/p003/plan.val,results/raw/changmin-heuristics-all-20260912-160327-347232/cases/enhsp/h-blcost__s-wastar/changmin_06_assembly/p003
enhsp,h-blind__s-wastar,blind,WAStar,changmin_06_assembly,p003.pddl,solved,true,0,10.292329,1500500,1436596,,64,2263122,176.0,176,valid,results/raw/changmin-heuristics-all-20260912-160327-347232/cases/enhsp/h-blind__s-wastar/changmin_06_assembly/p003/plan.val,results/raw/changmin-heuristics-all-20260912-160327-347232/cases/enhsp/h-blind__s-wastar/changmin_06_assembly/p003
enhsp,h-hadd__s-wastar,hadd,WAStar,changmin_06_assembly,p004.pddl,solved,true,0,1.511146,400228,389024,,85,21980,261.0,261,valid,results/raw/changmin-heuristics-all-20260912-160327-347232/cases/enhsp/h-hadd__s-wastar/changmin_06_assembly/p004/plan.val,results/raw/changmin-heuristics-all-20260912-160327-347232/cases/enhsp/h-hadd__s-wastar/changmin_06_assembly/p004
enhsp,h-hmax__s-wastar,hmax,WAStar,changmin_06_assembly,p004.pddl,timeout,true,timeout,300.225496,7393168,7393168,timeout,,11234903,,,not-run,,results/raw/changmin-heuristics-all-20260912-160327-347232/cases/enhsp/h-hmax__s-wastar/changmin_06_assembly/p004
enhsp,h-aibr__s-wastar,aibr,WAStar,changmin_06_assembly,p004.pddl,unsolved,true,0,0.434184,101856,93688,,,0,-1.0,,not-run,,results/raw/changmin-heuristics-all-20260912-160327-347232/cases/enhsp/h-aibr__s-wastar/changmin_06_assembly/p004
enhsp,h-hradd__s-wastar,hradd,WAStar,changmin_06_assembly,p004.pddl,solved,true,0,1.513314,412088,400592,,85,21980,261.0,261,valid,results/raw/changmin-heuristics-all-20260912-160327-347232/cases/enhsp/h-hradd__s-wastar/changmin_06_assembly/p004/plan.val,results/raw/changmin-heuristics-all-20260912-160327-347232/cases/enhsp/h-hradd__s-wastar/changmin_06_assembly/p004
enhsp,h-hrmax__s-wastar,hrmax,WAStar,changmin_06_assembly,p004.pddl,timeout,true,timeout,300.070629,8577348,8577348,timeout,,11234903,,,not-run,,results/raw/changmin-heuristics-all-20260912-160327-347232/cases/enhsp/h-hrmax__s-wastar/changmin_06_assembly/p004
enhsp,h-hmrp__s-wastar,hmrp,WAStar,changmin_06_assembly,p004.pddl,solved,true,0,1.075478,387556,379040,,73,5857,233.0,233,valid,results/raw/changmin-heuristics-all-20260912-160327-347232/cases/enhsp/h-hmrp__s-wastar/changmin_06_assembly/p004/plan.val,results/raw/changmin-heuristics-all-20260912-160327-347232/cases/enhsp/h-hmrp__s-wastar/changmin_06_assembly/p004
enhsp,h-ngc__s-wastar,ngc,WAStar,changmin_06_assembly,p004.pddl,timeout,true,timeout,300.128586,8625236,8625236,timeout,,24313268,,,not-run,,results/raw/changmin-heuristics-all-20260912-160327-347232/cases/enhsp/h-ngc__s-wastar/changmin_06_assembly/p004
enhsp,h-blcost__s-wastar,blcost,WAStar,changmin_06_assembly,p004.pddl,timeout,true,timeout,300.207049,8611848,8611848,timeout,,27164404,,,not-run,,results/raw/changmin-heuristics-all-20260912-160327-347232/cases/enhsp/h-blcost__s-wastar/changmin_06_assembly/p004
enhsp,h-blind__s-wastar,blind,WAStar,changmin_06_assembly,p004.pddl,timeout,true,timeout,300.114281,8653272,8653272,timeout,,27161077,,,not-run,,results/raw/changmin-heuristics-all-20260912-160327-347232/cases/enhsp/h-blind__s-wastar/changmin_06_assembly/p004
metric-ff-cross-v1,h-numeric-hff__s-default,numeric-hff,default,changmin_01_blocksworld,p000.pddl,solved,true,0,0.220030,3200,0,,1,,,1,valid,results/raw/changmin-heuristics-all-20260912-160327-347232/cases/metric-ff-cross-v1/h-numeric-hff__s-default/changmin_01_blocksworld/p000/plan.val,results/raw/changmin-heuristics-all-20260912-160327-347232/cases/metric-ff-cross-v1/h-numeric-hff__s-default/changmin_01_blocksworld/p000
metric-ff-cross-v1,h-numeric-hff__s-default,numeric-hff,default,changmin_01_blocksworld,p001.pddl,solved,true,0,0.226706,3200,0,,10,,,10,valid,results/raw/changmin-heuristics-all-20260912-160327-347232/cases/metric-ff-cross-v1/h-numeric-hff__s-default/changmin_01_blocksworld/p001/plan.val,results/raw/changmin-heuristics-all-20260912-160327-347232/cases/metric-ff-cross-v1/h-numeric-hff__s-default/changmin_01_blocksworld/p001
metric-ff-cross-v1,h-numeric-hff__s-default,numeric-hff,default,changmin_01_blocksworld,p002.pddl,solved,true,0,0.227161,3200,0,,16,,,16,valid,results/raw/changmin-heuristics-all-20260912-160327-347232/cases/metric-ff-cross-v1/h-numeric-hff__s-default/changmin_01_blocksworld/p002/plan.val,results/raw/changmin-heuristics-all-20260912-160327-347232/cases/metric-ff-cross-v1/h-numeric-hff__s-default/changmin_01_blocksworld/p002
metric-ff-cross-v1,h-numeric-hff__s-default,numeric-hff,default,changmin_01_blocksworld,p003.pddl,solved,true,0,0.226946,5392,5392,,40,,,40,valid,results/raw/changmin-heuristics-all-20260912-160327-347232/cases/metric-ff-cross-v1/h-numeric-hff__s-default/changmin_01_blocksworld/p003/plan.val,results/raw/changmin-heuristics-all-20260912-160327-347232/cases/metric-ff-cross-v1/h-numeric-hff__s-default/changmin_01_blocksworld/p003
metric-ff-cross-v1,h-numeric-hff__s-default,numeric-hff,default,changmin_01_blocksworld,p004.pddl,solved,true,0,0.221853,3968,1552,,30,,,30,valid,results/raw/changmin-heuristics-all-20260912-160327-347232/cases/metric-ff-cross-v1/h-numeric-hff__s-default/changmin_01_blocksworld/p004/plan.val,results/raw/changmin-heuristics-all-20260912-160327-347232/cases/metric-ff-cross-v1/h-numeric-hff__s-default/changmin_01_blocksworld/p004
metric-ff-cross-v1,h-numeric-hff__s-default,numeric-hff,default,changmin_02_logistics,p000.pddl,solved,true,0,0.228030,3200,1552,,3,,,4,valid,results/raw/changmin-heuristics-all-20260912-160327-347232/cases/metric-ff-cross-v1/h-numeric-hff__s-default/changmin_02_logistics/p000/plan.val,results/raw/changmin-heuristics-all-20260912-160327-347232/cases/metric-ff-cross-v1/h-numeric-hff__s-default/changmin_02_logistics/p000
metric-ff-cross-v1,h-numeric-hff__s-default,numeric-hff,default,changmin_02_logistics,p001.pddl,solved,true,0,0.230936,3328,0,,12,,,126,valid,results/raw/changmin-heuristics-all-20260912-160327-347232/cases/metric-ff-cross-v1/h-numeric-hff__s-default/changmin_02_logistics/p001/plan.val,results/raw/changmin-heuristics-all-20260912-160327-347232/cases/metric-ff-cross-v1/h-numeric-hff__s-default/changmin_02_logistics/p001
metric-ff-cross-v1,h-numeric-hff__s-default,numeric-hff,default,changmin_02_logistics,p002.pddl,solved,true,0,0.224544,7552,7532,,29,,,217,valid,results/raw/changmin-heuristics-all-20260912-160327-347232/cases/metric-ff-cross-v1/h-numeric-hff__s-default/changmin_02_logistics/p002/plan.val,results/raw/changmin-heuristics-all-20260912-160327-347232/cases/metric-ff-cross-v1/h-numeric-hff__s-default/changmin_02_logistics/p002
metric-ff-cross-v1,h-numeric-hff__s-default,numeric-hff,default,changmin_02_logistics,p003.pddl,solved,true,0,0.226498,9612,9612,,51,,,483,valid,results/raw/changmin-heuristics-all-20260912-160327-347232/cases/metric-ff-cross-v1/h-numeric-hff__s-default/changmin_02_logistics/p003/plan.val,results/raw/changmin-heuristics-all-20260912-160327-347232/cases/metric-ff-cross-v1/h-numeric-hff__s-default/changmin_02_logistics/p003
metric-ff-cross-v1,h-numeric-hff__s-default,numeric-hff,default,changmin_02_logistics,p004.pddl,solved,true,0,0.224706,10496,1552,,55,,,774,valid,results/raw/changmin-heuristics-all-20260912-160327-347232/cases/metric-ff-cross-v1/h-numeric-hff__s-default/changmin_02_logistics/p004/plan.val,results/raw/changmin-heuristics-all-20260912-160327-347232/cases/metric-ff-cross-v1/h-numeric-hff__s-default/changmin_02_logistics/p004
metric-ff-cross-v1,h-numeric-hff__s-default,numeric-hff,default,changmin_03_books,p000.pddl,solved,true,0,0.218661,3200,1552,,2,,,2,valid,results/raw/changmin-heuristics-all-20260912-160327-347232/cases/metric-ff-cross-v1/h-numeric-hff__s-default/changmin_03_books/p000/plan.val,results/raw/changmin-heuristics-all-20260912-160327-347232/cases/metric-ff-cross-v1/h-numeric-hff__s-default/changmin_03_books/p000
metric-ff-cross-v1,h-numeric-hff__s-default,numeric-hff,default,changmin_03_books,p001.pddl,solved,true,0,0.230691,3712,0,,18,,,58,valid,results/raw/changmin-heuristics-all-20260912-160327-347232/cases/metric-ff-cross-v1/h-numeric-hff__s-default/changmin_03_books/p001/plan.val,results/raw/changmin-heuristics-all-20260912-160327-347232/cases/metric-ff-cross-v1/h-numeric-hff__s-default/changmin_03_books/p001
metric-ff-cross-v1,h-numeric-hff__s-default,numeric-hff,default,changmin_03_books,p002.pddl,solved,true,0,0.220138,5888,1556,,44,,,184,valid,results/raw/changmin-heuristics-all-20260912-160327-347232/cases/metric-ff-cross-v1/h-numeric-hff__s-default/changmin_03_books/p002/plan.val,results/raw/changmin-heuristics-all-20260912-160327-347232/cases/metric-ff-cross-v1/h-numeric-hff__s-default/changmin_03_books/p002
metric-ff-cross-v1,h-numeric-hff__s-default,numeric-hff,default,changmin_03_books,p003.pddl,solved,true,0,0.223757,12160,1552,,69,,,310,valid,results/raw/changmin-heuristics-all-20260912-160327-347232/cases/metric-ff-cross-v1/h-numeric-hff__s-default/changmin_03_books/p003/plan.val,results/raw/changmin-heuristics-all-20260912-160327-347232/cases/metric-ff-cross-v1/h-numeric-hff__s-default/changmin_03_books/p003
metric-ff-cross-v1,h-numeric-hff__s-default,numeric-hff,default,changmin_03_books,p004.pddl,solved,true,0,0.226685,19200,1552,,99,,,425,valid,results/raw/changmin-heuristics-all-20260912-160327-347232/cases/metric-ff-cross-v1/h-numeric-hff__s-default/changmin_03_books/p004/plan.val,results/raw/changmin-heuristics-all-20260912-160327-347232/cases/metric-ff-cross-v1/h-numeric-hff__s-default/changmin_03_books/p004
metric-ff-cross-v1,h-numeric-hff__s-default,numeric-hff,default,changmin_04_watering,p000.pddl,solved,true,0,0.229444,3200,0,,3,,,3,valid,results/raw/changmin-heuristics-all-20260912-160327-347232/cases/metric-ff-cross-v1/h-numeric-hff__s-default/changmin_04_watering/p000/plan.val,results/raw/changmin-heuristics-all-20260912-160327-347232/cases/metric-ff-cross-v1/h-numeric-hff__s-default/changmin_04_watering/p000
metric-ff-cross-v1,h-numeric-hff__s-default,numeric-hff,default,changmin_04_watering,p001.pddl,solved,true,0,0.223810,3200,0,,43,,,345,valid,results/raw/changmin-heuristics-all-20260912-160327-347232/cases/metric-ff-cross-v1/h-numeric-hff__s-default/changmin_04_watering/p001/plan.val,results/raw/changmin-heuristics-all-20260912-160327-347232/cases/metric-ff-cross-v1/h-numeric-hff__s-default/changmin_04_watering/p001
metric-ff-cross-v1,h-numeric-hff__s-default,numeric-hff,default,changmin_04_watering,p002.pddl,solved,true,0,0.222892,3200,1552,,61,,,327,valid,results/raw/changmin-heuristics-all-20260912-160327-347232/cases/metric-ff-cross-v1/h-numeric-hff__s-default/changmin_04_watering/p002/plan.val,results/raw/changmin-heuristics-all-20260912-160327-347232/cases/metric-ff-cross-v1/h-numeric-hff__s-default/changmin_04_watering/p002
metric-ff-cross-v1,h-numeric-hff__s-default,numeric-hff,default,changmin_04_watering,p003.pddl,solved,true,0,0.224599,4224,1552,,86,,,566,valid,results/raw/changmin-heuristics-all-20260912-160327-347232/cases/metric-ff-cross-v1/h-numeric-hff__s-default/changmin_04_watering/p003/plan.val,results/raw/changmin-heuristics-all-20260912-160327-347232/cases/metric-ff-cross-v1/h-numeric-hff__s-default/changmin_04_watering/p003
metric-ff-cross-v1,h-numeric-hff__s-default,numeric-hff,default,changmin_04_watering,p004.pddl,solved,true,0,0.224720,4860,4860,,79,,,539,valid,results/raw/changmin-heuristics-all-20260912-160327-347232/cases/metric-ff-cross-v1/h-numeric-hff__s-default/changmin_04_watering/p004/plan.val,results/raw/changmin-heuristics-all-20260912-160327-347232/cases/metric-ff-cross-v1/h-numeric-hff__s-default/changmin_04_watering/p004
metric-ff-cross-v1,h-numeric-hff__s-default,numeric-hff,default,changmin_05_barman,p000.pddl,solved,true,0,0.227792,3200,0,,3,,,3,valid,results/raw/changmin-heuristics-all-20260912-160327-347232/cases/metric-ff-cross-v1/h-numeric-hff__s-default/changmin_05_barman/p000/plan.val,results/raw/changmin-heuristics-all-20260912-160327-347232/cases/metric-ff-cross-v1/h-numeric-hff__s-default/changmin_05_barman/p000
metric-ff-cross-v1,h-numeric-hff__s-default,numeric-hff,default,changmin_05_barman,p001.pddl,solved,true,0,0.229414,7228,7228,,27,,,81,valid,results/raw/changmin-heuristics-all-20260912-160327-347232/cases/metric-ff-cross-v1/h-numeric-hff__s-default/changmin_05_barman/p001/plan.val,results/raw/changmin-heuristics-all-20260912-160327-347232/cases/metric-ff-cross-v1/h-numeric-hff__s-default/changmin_05_barman/p001
metric-ff-cross-v1,h-numeric-hff__s-default,numeric-hff,default,changmin_05_barman,p002.pddl,solved,true,0,1.127492,22996,22996,,47,,,130,valid,results/raw/changmin-heuristics-all-20260912-160327-347232/cases/metric-ff-cross-v1/h-numeric-hff__s-default/changmin_05_barman/p002/plan.val,results/raw/changmin-heuristics-all-20260912-160327-347232/cases/metric-ff-cross-v1/h-numeric-hff__s-default/changmin_05_barman/p002
metric-ff-cross-v1,h-numeric-hff__s-default,numeric-hff,default,changmin_05_barman,p003.pddl,solved,true,0,0.662721,21568,21568,,58,,,154,valid,results/raw/changmin-heuristics-all-20260912-160327-347232/cases/metric-ff-cross-v1/h-numeric-hff__s-default/changmin_05_barman/p003/plan.val,results/raw/changmin-heuristics-all-20260912-160327-347232/cases/metric-ff-cross-v1/h-numeric-hff__s-default/changmin_05_barman/p003
metric-ff-cross-v1,h-numeric-hff__s-default,numeric-hff,default,changmin_05_barman,p004.pddl,solved,true,0,0.677388,27672,27672,,75,,,206,valid,results/raw/changmin-heuristics-all-20260912-160327-347232/cases/metric-ff-cross-v1/h-numeric-hff__s-default/changmin_05_barman/p004/plan.val,results/raw/changmin-heuristics-all-20260912-160327-347232/cases/metric-ff-cross-v1/h-numeric-hff__s-default/changmin_05_barman/p004
metric-ff-cross-v1,h-numeric-hff__s-default,numeric-hff,default,changmin_06_assembly,p000.pddl,solved,true,0,0.225770,3200,0,,6,,,6,valid,results/raw/changmin-heuristics-all-20260912-160327-347232/cases/metric-ff-cross-v1/h-numeric-hff__s-default/changmin_06_assembly/p000/plan.val,results/raw/changmin-heuristics-all-20260912-160327-347232/cases/metric-ff-cross-v1/h-numeric-hff__s-default/changmin_06_assembly/p000
metric-ff-cross-v1,h-numeric-hff__s-default,numeric-hff,default,changmin_06_assembly,p001.pddl,solved,true,0,0.226874,3200,0,,35,,,90,valid,results/raw/changmin-heuristics-all-20260912-160327-347232/cases/metric-ff-cross-v1/h-numeric-hff__s-default/changmin_06_assembly/p001/plan.val,results/raw/changmin-heuristics-all-20260912-160327-347232/cases/metric-ff-cross-v1/h-numeric-hff__s-default/changmin_06_assembly/p001
metric-ff-cross-v1,h-numeric-hff__s-default,numeric-hff,default,changmin_06_assembly,p002.pddl,solved,true,0,0.225819,3200,1556,,56,,,143,valid,results/raw/changmin-heuristics-all-20260912-160327-347232/cases/metric-ff-cross-v1/h-numeric-hff__s-default/changmin_06_assembly/p002/plan.val,results/raw/changmin-heuristics-all-20260912-160327-347232/cases/metric-ff-cross-v1/h-numeric-hff__s-default/changmin_06_assembly/p002
metric-ff-cross-v1,h-numeric-hff__s-default,numeric-hff,default,changmin_06_assembly,p003.pddl,solved,true,0,0.228633,3328,0,,76,,,210,valid,results/raw/changmin-heuristics-all-20260912-160327-347232/cases/metric-ff-cross-v1/h-numeric-hff__s-default/changmin_06_assembly/p003/plan.val,results/raw/changmin-heuristics-all-20260912-160327-347232/cases/metric-ff-cross-v1/h-numeric-hff__s-default/changmin_06_assembly/p003
metric-ff-cross-v1,h-numeric-hff__s-default,numeric-hff,default,changmin_06_assembly,p004.pddl,solved,true,0,0.227621,3584,0,,81,,,249,valid,results/raw/changmin-heuristics-all-20260912-160327-347232/cases/metric-ff-cross-v1/h-numeric-hff__s-default/changmin_06_assembly/p004/plan.val,results/raw/changmin-heuristics-all-20260912-160327-347232/cases/metric-ff-cross-v1/h-numeric-hff__s-default/changmin_06_assembly/p004
numeric-fast-downward-local,h-lmcutnumeric__s-astar,lmcutnumeric,astar,changmin_01_blocksworld,p000.pddl,solved,true,0,0.215915,13696,8852,,1,2,1,1,valid,results/raw/changmin-heuristics-all-20260912-160327-347232/cases/numeric-fast-downward-local/h-lmcutnumeric__s-astar/changmin_01_blocksworld/p000/plan.val,results/raw/changmin-heuristics-all-20260912-160327-347232/cases/numeric-fast-downward-local/h-lmcutnumeric__s-astar/changmin_01_blocksworld/p000
numeric-fast-downward-local,h-aibr__s-astar,aibr,astar,changmin_01_blocksworld,p000.pddl,solved,true,0,0.223116,13692,7712,,1,2,1,1,valid,results/raw/changmin-heuristics-all-20260912-160327-347232/cases/numeric-fast-downward-local/h-aibr__s-astar/changmin_01_blocksworld/p000/plan.val,results/raw/changmin-heuristics-all-20260912-160327-347232/cases/numeric-fast-downward-local/h-aibr__s-astar/changmin_01_blocksworld/p000
numeric-fast-downward-local,h-iihmax__s-astar,iihmax,astar,changmin_01_blocksworld,p000.pddl,solved,true,0,0.223515,13568,10452,,1,2,1,1,valid,results/raw/changmin-heuristics-all-20260912-160327-347232/cases/numeric-fast-downward-local/h-iihmax__s-astar/changmin_01_blocksworld/p000/plan.val,results/raw/changmin-heuristics-all-20260912-160327-347232/cases/numeric-fast-downward-local/h-iihmax__s-astar/changmin_01_blocksworld/p000
numeric-fast-downward-local,h-iihadd__s-astar,iihadd,astar,changmin_01_blocksworld,p000.pddl,solved,true,0,0.222668,13688,7764,,1,2,1,1,valid,results/raw/changmin-heuristics-all-20260912-160327-347232/cases/numeric-fast-downward-local/h-iihadd__s-astar/changmin_01_blocksworld/p000/plan.val,results/raw/changmin-heuristics-all-20260912-160327-347232/cases/numeric-fast-downward-local/h-iihadd__s-astar/changmin_01_blocksworld/p000
numeric-fast-downward-local,h-iihff__s-astar,iihff,astar,changmin_01_blocksworld,p000.pddl,solved,true,0,0.222946,13568,7760,,1,2,1,1,valid,results/raw/changmin-heuristics-all-20260912-160327-347232/cases/numeric-fast-downward-local/h-iihff__s-astar/changmin_01_blocksworld/p000/plan.val,results/raw/changmin-heuristics-all-20260912-160327-347232/cases/numeric-fast-downward-local/h-iihff__s-astar/changmin_01_blocksworld/p000
numeric-fast-downward-local,h-irhmax__s-astar,irhmax,astar,changmin_01_blocksworld,p000.pddl,solved,true,0,0.222526,13696,7856,,1,2,1,1,valid,results/raw/changmin-heuristics-all-20260912-160327-347232/cases/numeric-fast-downward-local/h-irhmax__s-astar/changmin_01_blocksworld/p000/plan.val,results/raw/changmin-heuristics-all-20260912-160327-347232/cases/numeric-fast-downward-local/h-irhmax__s-astar/changmin_01_blocksworld/p000
numeric-fast-downward-local,h-irhadd__s-astar,irhadd,astar,changmin_01_blocksworld,p000.pddl,solved,true,0,0.218244,13440,7632,,1,2,1,1,valid,results/raw/changmin-heuristics-all-20260912-160327-347232/cases/numeric-fast-downward-local/h-irhadd__s-astar/changmin_01_blocksworld/p000/plan.val,results/raw/changmin-heuristics-all-20260912-160327-347232/cases/numeric-fast-downward-local/h-irhadd__s-astar/changmin_01_blocksworld/p000
numeric-fast-downward-local,h-irhff__s-astar,irhff,astar,changmin_01_blocksworld,p000.pddl,solved,true,0,0.223434,13560,9392,,1,2,1,1,valid,results/raw/changmin-heuristics-all-20260912-160327-347232/cases/numeric-fast-downward-local/h-irhff__s-astar/changmin_01_blocksworld/p000/plan.val,results/raw/changmin-heuristics-all-20260912-160327-347232/cases/numeric-fast-downward-local/h-irhff__s-astar/changmin_01_blocksworld/p000
numeric-fast-downward-local,h-numeric_pdb__s-astar,numeric_pdb,astar,changmin_01_blocksworld,p000.pddl,solved,true,0,0.212982,13696,8716,,1,2,1,1,valid,results/raw/changmin-heuristics-all-20260912-160327-347232/cases/numeric-fast-downward-local/h-numeric_pdb__s-astar/changmin_01_blocksworld/p000/plan.val,results/raw/changmin-heuristics-all-20260912-160327-347232/cases/numeric-fast-downward-local/h-numeric_pdb__s-astar/changmin_01_blocksworld/p000
numeric-fast-downward-local,h-lmcutnumeric__s-astar,lmcutnumeric,astar,changmin_01_blocksworld,p001.pddl,solved,true,0,0.214228,14080,8532,,8,13,8,8,valid,results/raw/changmin-heuristics-all-20260912-160327-347232/cases/numeric-fast-downward-local/h-lmcutnumeric__s-astar/changmin_01_blocksworld/p001/plan.val,results/raw/changmin-heuristics-all-20260912-160327-347232/cases/numeric-fast-downward-local/h-lmcutnumeric__s-astar/changmin_01_blocksworld/p001
numeric-fast-downward-local,h-aibr__s-astar,aibr,astar,changmin_01_blocksworld,p001.pddl,solved,true,0,0.223890,13948,7856,,8,25,8,8,valid,results/raw/changmin-heuristics-all-20260912-160327-347232/cases/numeric-fast-downward-local/h-aibr__s-astar/changmin_01_blocksworld/p001/plan.val,results/raw/changmin-heuristics-all-20260912-160327-347232/cases/numeric-fast-downward-local/h-aibr__s-astar/changmin_01_blocksworld/p001
numeric-fast-downward-local,h-iihmax__s-astar,iihmax,astar,changmin_01_blocksworld,p001.pddl,solved,true,0,0.226721,13952,9348,,8,15,8,8,valid,results/raw/changmin-heuristics-all-20260912-160327-347232/cases/numeric-fast-downward-local/h-iihmax__s-astar/changmin_01_blocksworld/p001/plan.val,results/raw/changmin-heuristics-all-20260912-160327-347232/cases/numeric-fast-downward-local/h-iihmax__s-astar/changmin_01_blocksworld/p001
numeric-fast-downward-local,h-iihadd__s-astar,iihadd,astar,changmin_01_blocksworld,p001.pddl,solved,true,0,0.216097,13820,5608,,8,14,8,8,valid,results/raw/changmin-heuristics-all-20260912-160327-347232/cases/numeric-fast-downward-local/h-iihadd__s-astar/changmin_01_blocksworld/p001/plan.val,results/raw/changmin-heuristics-all-20260912-160327-347232/cases/numeric-fast-downward-local/h-iihadd__s-astar/changmin_01_blocksworld/p001
numeric-fast-downward-local,h-iihff__s-astar,iihff,astar,changmin_01_blocksworld,p001.pddl,solved,true,0,0.223509,13952,8788,,8,16,8,8,valid,results/raw/changmin-heuristics-all-20260912-160327-347232/cases/numeric-fast-downward-local/h-iihff__s-astar/changmin_01_blocksworld/p001/plan.val,results/raw/changmin-heuristics-all-20260912-160327-347232/cases/numeric-fast-downward-local/h-iihff__s-astar/changmin_01_blocksworld/p001
numeric-fast-downward-local,h-irhmax__s-astar,irhmax,astar,changmin_01_blocksworld,p001.pddl,solved,true,0,0.223556,13952,9228,,8,15,8,8,valid,results/raw/changmin-heuristics-all-20260912-160327-347232/cases/numeric-fast-downward-local/h-irhmax__s-astar/changmin_01_blocksworld/p001/plan.val,results/raw/changmin-heuristics-all-20260912-160327-347232/cases/numeric-fast-downward-local/h-irhmax__s-astar/changmin_01_blocksworld/p001
numeric-fast-downward-local,h-irhadd__s-astar,irhadd,astar,changmin_01_blocksworld,p001.pddl,solved,true,0,0.217016,13824,7400,,8,14,8,8,valid,results/raw/changmin-heuristics-all-20260912-160327-347232/cases/numeric-fast-downward-local/h-irhadd__s-astar/changmin_01_blocksworld/p001/plan.val,results/raw/changmin-heuristics-all-20260912-160327-347232/cases/numeric-fast-downward-local/h-irhadd__s-astar/changmin_01_blocksworld/p001
numeric-fast-downward-local,h-irhff__s-astar,irhff,astar,changmin_01_blocksworld,p001.pddl,solved,true,0,0.227388,13820,9200,,8,14,8,8,valid,results/raw/changmin-heuristics-all-20260912-160327-347232/cases/numeric-fast-downward-local/h-irhff__s-astar/changmin_01_blocksworld/p001/plan.val,results/raw/changmin-heuristics-all-20260912-160327-347232/cases/numeric-fast-downward-local/h-irhff__s-astar/changmin_01_blocksworld/p001
numeric-fast-downward-local,h-numeric_pdb__s-astar,numeric_pdb,astar,changmin_01_blocksworld,p001.pddl,solved,true,0,0.215875,13952,9836,,8,9,8,8,valid,results/raw/changmin-heuristics-all-20260912-160327-347232/cases/numeric-fast-downward-local/h-numeric_pdb__s-astar/changmin_01_blocksworld/p001/plan.val,results/raw/changmin-heuristics-all-20260912-160327-347232/cases/numeric-fast-downward-local/h-numeric_pdb__s-astar/changmin_01_blocksworld/p001
numeric-fast-downward-local,h-lmcutnumeric__s-astar,lmcutnumeric,astar,changmin_01_blocksworld,p002.pddl,solved,true,0,0.215880,14336,9792,,16,91,16,16,valid,results/raw/changmin-heuristics-all-20260912-160327-347232/cases/numeric-fast-downward-local/h-lmcutnumeric__s-astar/changmin_01_blocksworld/p002/plan.val,results/raw/changmin-heuristics-all-20260912-160327-347232/cases/numeric-fast-downward-local/h-lmcutnumeric__s-astar/changmin_01_blocksworld/p002
numeric-fast-downward-local,h-aibr__s-astar,aibr,astar,changmin_01_blocksworld,p002.pddl,memory-limit,true,-15,19.303515,12621636,12621636,memory-limit,,,,,not-run,,results/raw/changmin-heuristics-all-20260912-160327-347232/cases/numeric-fast-downward-local/h-aibr__s-astar/changmin_01_blocksworld/p002
numeric-fast-downward-local,h-iihmax__s-astar,iihmax,astar,changmin_01_blocksworld,p002.pddl,solved,true,0,0.213403,14208,4908,,16,609,16,16,valid,results/raw/changmin-heuristics-all-20260912-160327-347232/cases/numeric-fast-downward-local/h-iihmax__s-astar/changmin_01_blocksworld/p002/plan.val,results/raw/changmin-heuristics-all-20260912-160327-347232/cases/numeric-fast-downward-local/h-iihmax__s-astar/changmin_01_blocksworld/p002
numeric-fast-downward-local,h-iihadd__s-astar,iihadd,astar,changmin_01_blocksworld,p002.pddl,solved,true,0,0.219980,14208,7856,,20,61,20,20,valid,results/raw/changmin-heuristics-all-20260912-160327-347232/cases/numeric-fast-downward-local/h-iihadd__s-astar/changmin_01_blocksworld/p002/plan.val,results/raw/changmin-heuristics-all-20260912-160327-347232/cases/numeric-fast-downward-local/h-iihadd__s-astar/changmin_01_blocksworld/p002
numeric-fast-downward-local,h-iihff__s-astar,iihff,astar,changmin_01_blocksworld,p002.pddl,solved,true,0,0.223457,14204,7844,,16,133,16,16,valid,results/raw/changmin-heuristics-all-20260912-160327-347232/cases/numeric-fast-downward-local/h-iihff__s-astar/changmin_01_blocksworld/p002/plan.val,results/raw/changmin-heuristics-all-20260912-160327-347232/cases/numeric-fast-downward-local/h-iihff__s-astar/changmin_01_blocksworld/p002
numeric-fast-downward-local,h-irhmax__s-astar,irhmax,astar,changmin_01_blocksworld,p002.pddl,solved,true,0,0.223276,14208,7636,,16,609,16,16,valid,results/raw/changmin-heuristics-all-20260912-160327-347232/cases/numeric-fast-downward-local/h-irhmax__s-astar/changmin_01_blocksworld/p002/plan.val,results/raw/changmin-heuristics-all-20260912-160327-347232/cases/numeric-fast-downward-local/h-irhmax__s-astar/changmin_01_blocksworld/p002
numeric-fast-downward-local,h-irhadd__s-astar,irhadd,astar,changmin_01_blocksworld,p002.pddl,solved,true,0,0.215597,14208,9656,,20,61,20,20,valid,results/raw/changmin-heuristics-all-20260912-160327-347232/cases/numeric-fast-downward-local/h-irhadd__s-astar/changmin_01_blocksworld/p002/plan.val,results/raw/changmin-heuristics-all-20260912-160327-347232/cases/numeric-fast-downward-local/h-irhadd__s-astar/changmin_01_blocksworld/p002
numeric-fast-downward-local,h-irhff__s-astar,irhff,astar,changmin_01_blocksworld,p002.pddl,solved,true,0,0.223854,14208,9392,,16,83,16,16,valid,results/raw/changmin-heuristics-all-20260912-160327-347232/cases/numeric-fast-downward-local/h-irhff__s-astar/changmin_01_blocksworld/p002/plan.val,results/raw/changmin-heuristics-all-20260912-160327-347232/cases/numeric-fast-downward-local/h-irhff__s-astar/changmin_01_blocksworld/p002
numeric-fast-downward-local,h-numeric_pdb__s-astar,numeric_pdb,astar,changmin_01_blocksworld,p002.pddl,solved,true,0,0.214922,14208,9540,,16,113,16,16,valid,results/raw/changmin-heuristics-all-20260912-160327-347232/cases/numeric-fast-downward-local/h-numeric_pdb__s-astar/changmin_01_blocksworld/p002/plan.val,results/raw/changmin-heuristics-all-20260912-160327-347232/cases/numeric-fast-downward-local/h-numeric_pdb__s-astar/changmin_01_blocksworld/p002
numeric-fast-downward-local,h-lmcutnumeric__s-astar,lmcutnumeric,astar,changmin_01_blocksworld,p003.pddl,solved,true,0,0.215065,14720,9464,,22,951,22,22,valid,results/raw/changmin-heuristics-all-20260912-160327-347232/cases/numeric-fast-downward-local/h-lmcutnumeric__s-astar/changmin_01_blocksworld/p003/plan.val,results/raw/changmin-heuristics-all-20260912-160327-347232/cases/numeric-fast-downward-local/h-lmcutnumeric__s-astar/changmin_01_blocksworld/p003
numeric-fast-downward-local,h-aibr__s-astar,aibr,astar,changmin_01_blocksworld,p003.pddl,memory-limit,true,-15,18.948670,12670084,12670084,memory-limit,,,,,not-run,,results/raw/changmin-heuristics-all-20260912-160327-347232/cases/numeric-fast-downward-local/h-aibr__s-astar/changmin_01_blocksworld/p003
numeric-fast-downward-local,h-iihmax__s-astar,iihmax,astar,changmin_01_blocksworld,p003.pddl,solved,true,0,0.652038,22608,22608,,22,12172,22,22,valid,results/raw/changmin-heuristics-all-20260912-160327-347232/cases/numeric-fast-downward-local/h-iihmax__s-astar/changmin_01_blocksworld/p003/plan.val,results/raw/changmin-heuristics-all-20260912-160327-347232/cases/numeric-fast-downward-local/h-iihmax__s-astar/changmin_01_blocksworld/p003
numeric-fast-downward-local,h-iihadd__s-astar,iihadd,astar,changmin_01_blocksworld,p003.pddl,solved,true,0,0.226440,14588,8852,,30,986,30,30,valid,results/raw/changmin-heuristics-all-20260912-160327-347232/cases/numeric-fast-downward-local/h-iihadd__s-astar/changmin_01_blocksworld/p003/plan.val,results/raw/changmin-heuristics-all-20260912-160327-347232/cases/numeric-fast-downward-local/h-iihadd__s-astar/changmin_01_blocksworld/p003
numeric-fast-downward-local,h-iihff__s-astar,iihff,astar,changmin_01_blocksworld,p003.pddl,solved,true,0,0.222214,14588,7744,,22,1423,22,22,valid,results/raw/changmin-heuristics-all-20260912-160327-347232/cases/numeric-fast-downward-local/h-iihff__s-astar/changmin_01_blocksworld/p003/plan.val,results/raw/changmin-heuristics-all-20260912-160327-347232/cases/numeric-fast-downward-local/h-iihff__s-astar/changmin_01_blocksworld/p003
numeric-fast-downward-local,h-irhmax__s-astar,irhmax,astar,changmin_01_blocksworld,p003.pddl,solved,true,0,0.651044,22792,22792,,22,12172,22,22,valid,results/raw/changmin-heuristics-all-20260912-160327-347232/cases/numeric-fast-downward-local/h-irhmax__s-astar/changmin_01_blocksworld/p003/plan.val,results/raw/changmin-heuristics-all-20260912-160327-347232/cases/numeric-fast-downward-local/h-irhmax__s-astar/changmin_01_blocksworld/p003
numeric-fast-downward-local,h-irhadd__s-astar,irhadd,astar,changmin_01_blocksworld,p003.pddl,solved,true,0,0.215762,14588,9816,,30,986,30,30,valid,results/raw/changmin-heuristics-all-20260912-160327-347232/cases/numeric-fast-downward-local/h-irhadd__s-astar/changmin_01_blocksworld/p003/plan.val,results/raw/changmin-heuristics-all-20260912-160327-347232/cases/numeric-fast-downward-local/h-irhadd__s-astar/changmin_01_blocksworld/p003
numeric-fast-downward-local,h-irhff__s-astar,irhff,astar,changmin_01_blocksworld,p003.pddl,solved,true,0,0.215292,14720,9464,,24,660,24,24,valid,results/raw/changmin-heuristics-all-20260912-160327-347232/cases/numeric-fast-downward-local/h-irhff__s-astar/changmin_01_blocksworld/p003/plan.val,results/raw/changmin-heuristics-all-20260912-160327-347232/cases/numeric-fast-downward-local/h-irhff__s-astar/changmin_01_blocksworld/p003
numeric-fast-downward-local,h-numeric_pdb__s-astar,numeric_pdb,astar,changmin_01_blocksworld,p003.pddl,solved,true,0,0.215488,14592,9604,,22,4694,22,22,valid,results/raw/changmin-heuristics-all-20260912-160327-347232/cases/numeric-fast-downward-local/h-numeric_pdb__s-astar/changmin_01_blocksworld/p003/plan.val,results/raw/changmin-heuristics-all-20260912-160327-347232/cases/numeric-fast-downward-local/h-numeric_pdb__s-astar/changmin_01_blocksworld/p003
numeric-fast-downward-local,h-lmcutnumeric__s-astar,lmcutnumeric,astar,changmin_01_blocksworld,p004.pddl,solved,true,0,0.426650,21976,21976,,26,3127,26,26,valid,results/raw/changmin-heuristics-all-20260912-160327-347232/cases/numeric-fast-downward-local/h-lmcutnumeric__s-astar/changmin_01_blocksworld/p004/plan.val,results/raw/changmin-heuristics-all-20260912-160327-347232/cases/numeric-fast-downward-local/h-lmcutnumeric__s-astar/changmin_01_blocksworld/p004
numeric-fast-downward-local,h-aibr__s-astar,aibr,astar,changmin_01_blocksworld,p004.pddl,memory-limit,true,-15,18.492518,12751452,12751452,memory-limit,,,,,not-run,,results/raw/changmin-heuristics-all-20260912-160327-347232/cases/numeric-fast-downward-local/h-aibr__s-astar/changmin_01_blocksworld/p004
numeric-fast-downward-local,h-iihmax__s-astar,iihmax,astar,changmin_01_blocksworld,p004.pddl,solved,true,0,5.984270,42404,42404,,26,108605,26,26,valid,results/raw/changmin-heuristics-all-20260912-160327-347232/cases/numeric-fast-downward-local/h-iihmax__s-astar/changmin_01_blocksworld/p004/plan.val,results/raw/changmin-heuristics-all-20260912-160327-347232/cases/numeric-fast-downward-local/h-iihmax__s-astar/changmin_01_blocksworld/p004
numeric-fast-downward-local,h-iihadd__s-astar,iihadd,astar,changmin_01_blocksworld,p004.pddl,solved,true,0,0.214749,15228,9408,,42,1009,42,42,valid,results/raw/changmin-heuristics-all-20260912-160327-347232/cases/numeric-fast-downward-local/h-iihadd__s-astar/changmin_01_blocksworld/p004/plan.val,results/raw/changmin-heuristics-all-20260912-160327-347232/cases/numeric-fast-downward-local/h-iihadd__s-astar/changmin_01_blocksworld/p004
numeric-fast-downward-local,h-iihff__s-astar,iihff,astar,changmin_01_blocksworld,p004.pddl,solved,true,0,0.428646,21224,21224,,26,3007,26,26,valid,results/raw/changmin-heuristics-all-20260912-160327-347232/cases/numeric-fast-downward-local/h-iihff__s-astar/changmin_01_blocksworld/p004/plan.val,results/raw/changmin-heuristics-all-20260912-160327-347232/cases/numeric-fast-downward-local/h-iihff__s-astar/changmin_01_blocksworld/p004
numeric-fast-downward-local,h-irhmax__s-astar,irhmax,astar,changmin_01_blocksworld,p004.pddl,solved,true,0,5.555183,42464,42464,,26,108605,26,26,valid,results/raw/changmin-heuristics-all-20260912-160327-347232/cases/numeric-fast-downward-local/h-irhmax__s-astar/changmin_01_blocksworld/p004/plan.val,results/raw/changmin-heuristics-all-20260912-160327-347232/cases/numeric-fast-downward-local/h-irhmax__s-astar/changmin_01_blocksworld/p004
numeric-fast-downward-local,h-irhadd__s-astar,irhadd,astar,changmin_01_blocksworld,p004.pddl,solved,true,0,0.215799,14976,9872,,42,1009,42,42,valid,results/raw/changmin-heuristics-all-20260912-160327-347232/cases/numeric-fast-downward-local/h-irhadd__s-astar/changmin_01_blocksworld/p004/plan.val,results/raw/changmin-heuristics-all-20260912-160327-347232/cases/numeric-fast-downward-local/h-irhadd__s-astar/changmin_01_blocksworld/p004
numeric-fast-downward-local,h-irhff__s-astar,irhff,astar,changmin_01_blocksworld,p004.pddl,solved,true,0,0.215323,15092,9592,,26,572,26,26,valid,results/raw/changmin-heuristics-all-20260912-160327-347232/cases/numeric-fast-downward-local/h-irhff__s-astar/changmin_01_blocksworld/p004/plan.val,results/raw/changmin-heuristics-all-20260912-160327-347232/cases/numeric-fast-downward-local/h-irhff__s-astar/changmin_01_blocksworld/p004
numeric-fast-downward-local,h-numeric_pdb__s-astar,numeric_pdb,astar,changmin_01_blocksworld,p004.pddl,solved,true,0,0.428987,29268,29268,,26,76065,26,26,valid,results/raw/changmin-heuristics-all-20260912-160327-347232/cases/numeric-fast-downward-local/h-numeric_pdb__s-astar/changmin_01_blocksworld/p004/plan.val,results/raw/changmin-heuristics-all-20260912-160327-347232/cases/numeric-fast-downward-local/h-numeric_pdb__s-astar/changmin_01_blocksworld/p004
numeric-fast-downward-local,h-lmcutnumeric__s-astar,lmcutnumeric,astar,changmin_02_logistics,p000.pddl,solved,true,0,0.214798,14592,9468,,3,4,4,4,valid,results/raw/changmin-heuristics-all-20260912-160327-347232/cases/numeric-fast-downward-local/h-lmcutnumeric__s-astar/changmin_02_logistics/p000/plan.val,results/raw/changmin-heuristics-all-20260912-160327-347232/cases/numeric-fast-downward-local/h-lmcutnumeric__s-astar/changmin_02_logistics/p000
numeric-fast-downward-local,h-aibr__s-astar,aibr,astar,changmin_02_logistics,p000.pddl,solved,true,0,0.213062,14584,4872,,3,6,4,4,valid,results/raw/changmin-heuristics-all-20260912-160327-347232/cases/numeric-fast-downward-local/h-aibr__s-astar/changmin_02_logistics/p000/plan.val,results/raw/changmin-heuristics-all-20260912-160327-347232/cases/numeric-fast-downward-local/h-aibr__s-astar/changmin_02_logistics/p000
numeric-fast-downward-local,h-iihmax__s-astar,iihmax,astar,changmin_02_logistics,p000.pddl,solved,true,0,0.214621,14464,9436,,3,4,4,4,valid,results/raw/changmin-heuristics-all-20260912-160327-347232/cases/numeric-fast-downward-local/h-iihmax__s-astar/changmin_02_logistics/p000/plan.val,results/raw/changmin-heuristics-all-20260912-160327-347232/cases/numeric-fast-downward-local/h-iihmax__s-astar/changmin_02_logistics/p000
numeric-fast-downward-local,h-iihadd__s-astar,iihadd,astar,changmin_02_logistics,p000.pddl,solved,true,0,0.214732,14336,9488,,3,4,4,4,valid,results/raw/changmin-heuristics-all-20260912-160327-347232/cases/numeric-fast-downward-local/h-iihadd__s-astar/changmin_02_logistics/p000/plan.val,results/raw/changmin-heuristics-all-20260912-160327-347232/cases/numeric-fast-downward-local/h-iihadd__s-astar/changmin_02_logistics/p000
numeric-fast-downward-local,h-iihff__s-astar,iihff,astar,changmin_02_logistics,p000.pddl,solved,true,0,0.214677,14592,9528,,3,4,4,4,valid,results/raw/changmin-heuristics-all-20260912-160327-347232/cases/numeric-fast-downward-local/h-iihff__s-astar/changmin_02_logistics/p000/plan.val,results/raw/changmin-heuristics-all-20260912-160327-347232/cases/numeric-fast-downward-local/h-iihff__s-astar/changmin_02_logistics/p000
numeric-fast-downward-local,h-irhmax__s-astar,irhmax,astar,changmin_02_logistics,p000.pddl,solved,true,0,0.214885,14464,9460,,3,4,4,4,valid,results/raw/changmin-heuristics-all-20260912-160327-347232/cases/numeric-fast-downward-local/h-irhmax__s-astar/changmin_02_logistics/p000/plan.val,results/raw/changmin-heuristics-all-20260912-160327-347232/cases/numeric-fast-downward-local/h-irhmax__s-astar/changmin_02_logistics/p000
numeric-fast-downward-local,h-irhadd__s-astar,irhadd,astar,changmin_02_logistics,p000.pddl,solved,true,0,0.215304,14464,9596,,3,4,4,4,valid,results/raw/changmin-heuristics-all-20260912-160327-347232/cases/numeric-fast-downward-local/h-irhadd__s-astar/changmin_02_logistics/p000/plan.val,results/raw/changmin-heuristics-all-20260912-160327-347232/cases/numeric-fast-downward-local/h-irhadd__s-astar/changmin_02_logistics/p000
numeric-fast-downward-local,h-irhff__s-astar,irhff,astar,changmin_02_logistics,p000.pddl,solved,true,0,0.215322,14592,9624,,3,4,4,4,valid,results/raw/changmin-heuristics-all-20260912-160327-347232/cases/numeric-fast-downward-local/h-irhff__s-astar/changmin_02_logistics/p000/plan.val,results/raw/changmin-heuristics-all-20260912-160327-347232/cases/numeric-fast-downward-local/h-irhff__s-astar/changmin_02_logistics/p000
numeric-fast-downward-local,h-numeric_pdb__s-astar,numeric_pdb,astar,changmin_02_logistics,p000.pddl,solved,true,0,0.213808,14464,8464,,3,4,4,4,valid,results/raw/changmin-heuristics-all-20260912-160327-347232/cases/numeric-fast-downward-local/h-numeric_pdb__s-astar/changmin_02_logistics/p000/plan.val,results/raw/changmin-heuristics-all-20260912-160327-347232/cases/numeric-fast-downward-local/h-numeric_pdb__s-astar/changmin_02_logistics/p000
numeric-fast-downward-local,h-lmcutnumeric__s-astar,lmcutnumeric,astar,changmin_02_logistics,p001.pddl,solved,true,0,0.217725,15096,10172,,15,30,50,50,valid,results/raw/changmin-heuristics-all-20260912-160327-347232/cases/numeric-fast-downward-local/h-lmcutnumeric__s-astar/changmin_02_logistics/p001/plan.val,results/raw/changmin-heuristics-all-20260912-160327-347232/cases/numeric-fast-downward-local/h-lmcutnumeric__s-astar/changmin_02_logistics/p001
numeric-fast-downward-local,h-aibr__s-astar,aibr,astar,changmin_02_logistics,p001.pddl,memory-limit,true,-15,16.930156,12638196,12638196,memory-limit,,1,,,not-run,,results/raw/changmin-heuristics-all-20260912-160327-347232/cases/numeric-fast-downward-local/h-aibr__s-astar/changmin_02_logistics/p001
numeric-fast-downward-local,h-iihmax__s-astar,iihmax,astar,changmin_02_logistics,p001.pddl,memory-limit,true,-15,21.626005,12630460,12630460,memory-limit,,28,,,not-run,,results/raw/changmin-heuristics-all-20260912-160327-347232/cases/numeric-fast-downward-local/h-iihmax__s-astar/changmin_02_logistics/p001
numeric-fast-downward-local,h-iihadd__s-astar,iihadd,astar,changmin_02_logistics,p001.pddl,solved,true,0,0.214986,14976,9480,,19,68,90,90,valid,results/raw/changmin-heuristics-all-20260912-160327-347232/cases/numeric-fast-downward-local/h-iihadd__s-astar/changmin_02_logistics/p001/plan.val,results/raw/changmin-heuristics-all-20260912-160327-347232/cases/numeric-fast-downward-local/h-iihadd__s-astar/changmin_02_logistics/p001
numeric-fast-downward-local,h-iihff__s-astar,iihff,astar,changmin_02_logistics,p001.pddl,memory-limit,true,-15,20.323913,12611240,12611240,memory-limit,,1,,,not-run,,results/raw/changmin-heuristics-all-20260912-160327-347232/cases/numeric-fast-downward-local/h-iihff__s-astar/changmin_02_logistics/p001
numeric-fast-downward-local,h-irhmax__s-astar,irhmax,astar,changmin_02_logistics,p001.pddl,solved,true,0,0.214865,14976,9424,,15,125,50,50,valid,results/raw/changmin-heuristics-all-20260912-160327-347232/cases/numeric-fast-downward-local/h-irhmax__s-astar/changmin_02_logistics/p001/plan.val,results/raw/changmin-heuristics-all-20260912-160327-347232/cases/numeric-fast-downward-local/h-irhmax__s-astar/changmin_02_logistics/p001
numeric-fast-downward-local,h-irhadd__s-astar,irhadd,astar,changmin_02_logistics,p001.pddl,solved,true,0,0.215448,14976,9624,,19,34,90,90,valid,results/raw/changmin-heuristics-all-20260912-160327-347232/cases/numeric-fast-downward-local/h-irhadd__s-astar/changmin_02_logistics/p001/plan.val,results/raw/changmin-heuristics-all-20260912-160327-347232/cases/numeric-fast-downward-local/h-irhadd__s-astar/changmin_02_logistics/p001
numeric-fast-downward-local,h-irhff__s-astar,irhff,astar,changmin_02_logistics,p001.pddl,solved,true,0,0.215024,14976,9456,,15,46,50,50,valid,results/raw/changmin-heuristics-all-20260912-160327-347232/cases/numeric-fast-downward-local/h-irhff__s-astar/changmin_02_logistics/p001/plan.val,results/raw/changmin-heuristics-all-20260912-160327-347232/cases/numeric-fast-downward-local/h-irhff__s-astar/changmin_02_logistics/p001
numeric-fast-downward-local,h-numeric_pdb__s-astar,numeric_pdb,astar,changmin_02_logistics,p001.pddl,solved,true,0,0.215966,14972,9804,,15,27,50,50,valid,results/raw/changmin-heuristics-all-20260912-160327-347232/cases/numeric-fast-downward-local/h-numeric_pdb__s-astar/changmin_02_logistics/p001/plan.val,results/raw/changmin-heuristics-all-20260912-160327-347232/cases/numeric-fast-downward-local/h-numeric_pdb__s-astar/changmin_02_logistics/p001
numeric-fast-downward-local,h-lmcutnumeric__s-astar,lmcutnumeric,astar,changmin_02_logistics,p002.pddl,solved,true,0,187.570992,165980,165980,,26,51345,74,74,valid,results/raw/changmin-heuristics-all-20260912-160327-347232/cases/numeric-fast-downward-local/h-lmcutnumeric__s-astar/changmin_02_logistics/p002/plan.val,results/raw/changmin-heuristics-all-20260912-160327-347232/cases/numeric-fast-downward-local/h-lmcutnumeric__s-astar/changmin_02_logistics/p002
numeric-fast-downward-local,h-aibr__s-astar,aibr,astar,changmin_02_logistics,p002.pddl,memory-limit,true,-15,200.254479,12589328,12589328,memory-limit,,1,,,not-run,,results/raw/changmin-heuristics-all-20260912-160327-347232/cases/numeric-fast-downward-local/h-aibr__s-astar/changmin_02_logistics/p002
numeric-fast-downward-local,h-iihmax__s-astar,iihmax,astar,changmin_02_logistics,p002.pddl,memory-limit,true,-15,53.051278,12592952,12592952,memory-limit,,321,,,not-run,,results/raw/changmin-heuristics-all-20260912-160327-347232/cases/numeric-fast-downward-local/h-iihmax__s-astar/changmin_02_logistics/p002
numeric-fast-downward-local,h-iihadd__s-astar,iihadd,astar,changmin_02_logistics,p002.pddl,memory-limit,true,-15,55.364602,12618992,12618992,memory-limit,,59,,,not-run,,results/raw/changmin-heuristics-all-20260912-160327-347232/cases/numeric-fast-downward-local/h-iihadd__s-astar/changmin_02_logistics/p002
numeric-fast-downward-local,h-iihff__s-astar,iihff,astar,changmin_02_logistics,p002.pddl,memory-limit,true,-15,35.951287,12615148,12615148,memory-limit,,76,,,not-run,,results/raw/changmin-heuristics-all-20260912-160327-347232/cases/numeric-fast-downward-local/h-iihff__s-astar/changmin_02_logistics/p002
numeric-fast-downward-local,h-irhmax__s-astar,irhmax,astar,changmin_02_logistics,p002.pddl,solved,true,0,272.967865,1423780,1423780,,26,591917,74,74,valid,results/raw/changmin-heuristics-all-20260912-160327-347232/cases/numeric-fast-downward-local/h-irhmax__s-astar/changmin_02_logistics/p002/plan.val,results/raw/changmin-heuristics-all-20260912-160327-347232/cases/numeric-fast-downward-local/h-irhmax__s-astar/changmin_02_logistics/p002
numeric-fast-downward-local,h-irhadd__s-astar,irhadd,astar,changmin_02_logistics,p002.pddl,solved,true,0,0.644611,25124,25124,,30,1063,96,96,valid,results/raw/changmin-heuristics-all-20260912-160327-347232/cases/numeric-fast-downward-local/h-irhadd__s-astar/changmin_02_logistics/p002/plan.val,results/raw/changmin-heuristics-all-20260912-160327-347232/cases/numeric-fast-downward-local/h-irhadd__s-astar/changmin_02_logistics/p002
numeric-fast-downward-local,h-irhff__s-astar,irhff,astar,changmin_02_logistics,p002.pddl,solved,true,0,5.770849,71788,71788,,26,18662,76,76,valid,results/raw/changmin-heuristics-all-20260912-160327-347232/cases/numeric-fast-downward-local/h-irhff__s-astar/changmin_02_logistics/p002/plan.val,results/raw/changmin-heuristics-all-20260912-160327-347232/cases/numeric-fast-downward-local/h-irhff__s-astar/changmin_02_logistics/p002
numeric-fast-downward-local,h-numeric_pdb__s-astar,numeric_pdb,astar,changmin_02_logistics,p002.pddl,memory-limit,true,-15,129.657839,12585852,12585852,memory-limit,,6483657,,,not-run,,results/raw/changmin-heuristics-all-20260912-160327-347232/cases/numeric-fast-downward-local/h-numeric_pdb__s-astar/changmin_02_logistics/p002
numeric-fast-downward-local,h-lmcutnumeric__s-astar,lmcutnumeric,astar,changmin_02_logistics,p003.pddl,timeout,true,timeout,300.095834,173516,173516,timeout,,31128,,,not-run,,results/raw/changmin-heuristics-all-20260912-160327-347232/cases/numeric-fast-downward-local/h-lmcutnumeric__s-astar/changmin_02_logistics/p003
numeric-fast-downward-local,h-aibr__s-astar,aibr,astar,changmin_02_logistics,p003.pddl,timeout,true,timeout,300.074283,9832112,9832112,timeout,,220,,,not-run,,results/raw/changmin-heuristics-all-20260912-160327-347232/cases/numeric-fast-downward-local/h-aibr__s-astar/changmin_02_logistics/p003
numeric-fast-downward-local,h-iihmax__s-astar,iihmax,astar,changmin_02_logistics,p003.pddl,memory-limit,true,-15,74.878500,12596152,12596152,memory-limit,,88,,,not-run,,results/raw/changmin-heuristics-all-20260912-160327-347232/cases/numeric-fast-downward-local/h-iihmax__s-astar/changmin_02_logistics/p003
numeric-fast-downward-local,h-iihadd__s-astar,iihadd,astar,changmin_02_logistics,p003.pddl,memory-limit,true,-15,92.340102,12611280,12611280,memory-limit,,19,,,not-run,,results/raw/changmin-heuristics-all-20260912-160327-347232/cases/numeric-fast-downward-local/h-iihadd__s-astar/changmin_02_logistics/p003
numeric-fast-downward-local,h-iihff__s-astar,iihff,astar,changmin_02_logistics,p003.pddl,memory-limit,true,-15,33.642036,12634700,12634700,memory-limit,,64,,,not-run,,results/raw/changmin-heuristics-all-20260912-160327-347232/cases/numeric-fast-downward-local/h-iihff__s-astar/changmin_02_logistics/p003
numeric-fast-downward-local,h-irhmax__s-astar,irhmax,astar,changmin_02_logistics,p003.pddl,timeout,true,timeout,300.126363,1118676,1118676,timeout,,345127,,,not-run,,results/raw/changmin-heuristics-all-20260912-160327-347232/cases/numeric-fast-downward-local/h-irhmax__s-astar/changmin_02_logistics/p003
numeric-fast-downward-local,h-irhadd__s-astar,irhadd,astar,changmin_02_logistics,p003.pddl,solved,true,0,16.889892,162284,162284,,45,32946,147,147,valid,results/raw/changmin-heuristics-all-20260912-160327-347232/cases/numeric-fast-downward-local/h-irhadd__s-astar/changmin_02_logistics/p003/plan.val,results/raw/changmin-heuristics-all-20260912-160327-347232/cases/numeric-fast-downward-local/h-irhadd__s-astar/changmin_02_logistics/p003
numeric-fast-downward-local,h-irhff__s-astar,irhff,astar,changmin_02_logistics,p003.pddl,timeout,true,timeout,300.210693,2072176,2072176,timeout,,680305,,,not-run,,results/raw/changmin-heuristics-all-20260912-160327-347232/cases/numeric-fast-downward-local/h-irhff__s-astar/changmin_02_logistics/p003
numeric-fast-downward-local,h-numeric_pdb__s-astar,numeric_pdb,astar,changmin_02_logistics,p003.pddl,memory-limit,true,-15,117.423513,12594480,12594480,memory-limit,,5445918,,,not-run,,results/raw/changmin-heuristics-all-20260912-160327-347232/cases/numeric-fast-downward-local/h-numeric_pdb__s-astar/changmin_02_logistics/p003
numeric-fast-downward-local,h-lmcutnumeric__s-astar,lmcutnumeric,astar,changmin_02_logistics,p004.pddl,timeout,true,timeout,300.108786,161104,161104,timeout,,16249,,,not-run,,results/raw/changmin-heuristics-all-20260912-160327-347232/cases/numeric-fast-downward-local/h-lmcutnumeric__s-astar/changmin_02_logistics/p004
numeric-fast-downward-local,h-aibr__s-astar,aibr,astar,changmin_02_logistics,p004.pddl,timeout,true,timeout,300.042042,58096,58096,timeout,,61,,,not-run,,results/raw/changmin-heuristics-all-20260912-160327-347232/cases/numeric-fast-downward-local/h-aibr__s-astar/changmin_02_logistics/p004
numeric-fast-downward-local,h-iihmax__s-astar,iihmax,astar,changmin_02_logistics,p004.pddl,timeout,true,timeout,300.129718,696152,696152,timeout,,90932,,,not-run,,results/raw/changmin-heuristics-all-20260912-160327-347232/cases/numeric-fast-downward-local/h-iihmax__s-astar/changmin_02_logistics/p004
numeric-fast-downward-local,h-iihadd__s-astar,iihadd,astar,changmin_02_logistics,p004.pddl,memory-limit,true,-15,46.795886,12619788,12619788,memory-limit,,299,,,not-run,,results/raw/changmin-heuristics-all-20260912-160327-347232/cases/numeric-fast-downward-local/h-iihadd__s-astar/changmin_02_logistics/p004
numeric-fast-downward-local,h-iihff__s-astar,iihff,astar,changmin_02_logistics,p004.pddl,memory-limit,true,-15,46.863565,12624412,12624412,memory-limit,,6,,,not-run,,results/raw/changmin-heuristics-all-20260912-160327-347232/cases/numeric-fast-downward-local/h-iihff__s-astar/changmin_02_logistics/p004
numeric-fast-downward-local,h-irhmax__s-astar,irhmax,astar,changmin_02_logistics,p004.pddl,timeout,true,timeout,300.206498,918624,918624,timeout,,155742,,,not-run,,results/raw/changmin-heuristics-all-20260912-160327-347232/cases/numeric-fast-downward-local/h-irhmax__s-astar/changmin_02_logistics/p004
numeric-fast-downward-local,h-irhadd__s-astar,irhadd,astar,changmin_02_logistics,p004.pddl,solved,true,0,0.854672,27384,27384,,58,582,207,207,valid,results/raw/changmin-heuristics-all-20260912-160327-347232/cases/numeric-fast-downward-local/h-irhadd__s-astar/changmin_02_logistics/p004/plan.val,results/raw/changmin-heuristics-all-20260912-160327-347232/cases/numeric-fast-downward-local/h-irhadd__s-astar/changmin_02_logistics/p004
numeric-fast-downward-local,h-irhff__s-astar,irhff,astar,changmin_02_logistics,p004.pddl,timeout,true,timeout,300.218352,1636468,1636468,timeout,,163279,,,not-run,,results/raw/changmin-heuristics-all-20260912-160327-347232/cases/numeric-fast-downward-local/h-irhff__s-astar/changmin_02_logistics/p004
numeric-fast-downward-local,h-numeric_pdb__s-astar,numeric_pdb,astar,changmin_02_logistics,p004.pddl,memory-limit,true,-15,92.217401,12597460,12597460,memory-limit,,2377397,,,not-run,,results/raw/changmin-heuristics-all-20260912-160327-347232/cases/numeric-fast-downward-local/h-numeric_pdb__s-astar/changmin_02_logistics/p004
numeric-fast-downward-local,h-lmcutnumeric__s-astar,lmcutnumeric,astar,changmin_03_books,p000.pddl,solved,true,0,0.216628,14720,7488,,2,3,2,2,valid,results/raw/changmin-heuristics-all-20260912-160327-347232/cases/numeric-fast-downward-local/h-lmcutnumeric__s-astar/changmin_03_books/p000/plan.val,results/raw/changmin-heuristics-all-20260912-160327-347232/cases/numeric-fast-downward-local/h-lmcutnumeric__s-astar/changmin_03_books/p000
numeric-fast-downward-local,h-aibr__s-astar,aibr,astar,changmin_03_books,p000.pddl,memory-limit,true,-15,13.069472,12699624,12699624,memory-limit,,,,,not-run,,results/raw/changmin-heuristics-all-20260912-160327-347232/cases/numeric-fast-downward-local/h-aibr__s-astar/changmin_03_books/p000
numeric-fast-downward-local,h-iihmax__s-astar,iihmax,astar,changmin_03_books,p000.pddl,solved,true,0,0.222928,14588,7852,,2,3,2,2,valid,results/raw/changmin-heuristics-all-20260912-160327-347232/cases/numeric-fast-downward-local/h-iihmax__s-astar/changmin_03_books/p000/plan.val,results/raw/changmin-heuristics-all-20260912-160327-347232/cases/numeric-fast-downward-local/h-iihmax__s-astar/changmin_03_books/p000
numeric-fast-downward-local,h-iihadd__s-astar,iihadd,astar,changmin_03_books,p000.pddl,solved,true,0,0.222020,14592,8672,,2,3,2,2,valid,results/raw/changmin-heuristics-all-20260912-160327-347232/cases/numeric-fast-downward-local/h-iihadd__s-astar/changmin_03_books/p000/plan.val,results/raw/changmin-heuristics-all-20260912-160327-347232/cases/numeric-fast-downward-local/h-iihadd__s-astar/changmin_03_books/p000
numeric-fast-downward-local,h-iihff__s-astar,iihff,astar,changmin_03_books,p000.pddl,solved,true,0,0.222904,14464,7872,,2,3,2,2,valid,results/raw/changmin-heuristics-all-20260912-160327-347232/cases/numeric-fast-downward-local/h-iihff__s-astar/changmin_03_books/p000/plan.val,results/raw/changmin-heuristics-all-20260912-160327-347232/cases/numeric-fast-downward-local/h-iihff__s-astar/changmin_03_books/p000
numeric-fast-downward-local,h-irhmax__s-astar,irhmax,astar,changmin_03_books,p000.pddl,solved,true,0,0.219333,14592,4884,,2,3,2,2,valid,results/raw/changmin-heuristics-all-20260912-160327-347232/cases/numeric-fast-downward-local/h-irhmax__s-astar/changmin_03_books/p000/plan.val,results/raw/changmin-heuristics-all-20260912-160327-347232/cases/numeric-fast-downward-local/h-irhmax__s-astar/changmin_03_books/p000
numeric-fast-downward-local,h-irhadd__s-astar,irhadd,astar,changmin_03_books,p000.pddl,solved,true,0,0.211984,14464,8524,,2,3,2,2,valid,results/raw/changmin-heuristics-all-20260912-160327-347232/cases/numeric-fast-downward-local/h-irhadd__s-astar/changmin_03_books/p000/plan.val,results/raw/changmin-heuristics-all-20260912-160327-347232/cases/numeric-fast-downward-local/h-irhadd__s-astar/changmin_03_books/p000
numeric-fast-downward-local,h-irhff__s-astar,irhff,astar,changmin_03_books,p000.pddl,solved,true,0,0.216480,14580,3340,,2,3,2,2,valid,results/raw/changmin-heuristics-all-20260912-160327-347232/cases/numeric-fast-downward-local/h-irhff__s-astar/changmin_03_books/p000/plan.val,results/raw/changmin-heuristics-all-20260912-160327-347232/cases/numeric-fast-downward-local/h-irhff__s-astar/changmin_03_books/p000
numeric-fast-downward-local,h-numeric_pdb__s-astar,numeric_pdb,astar,changmin_03_books,p000.pddl,solved,true,0,0.225739,14460,9388,,2,3,2,2,valid,results/raw/changmin-heuristics-all-20260912-160327-347232/cases/numeric-fast-downward-local/h-numeric_pdb__s-astar/changmin_03_books/p000/plan.val,results/raw/changmin-heuristics-all-20260912-160327-347232/cases/numeric-fast-downward-local/h-numeric_pdb__s-astar/changmin_03_books/p000
numeric-fast-downward-local,h-lmcutnumeric__s-astar,lmcutnumeric,astar,changmin_03_books,p001.pddl,solved,true,0,0.215982,15104,10004,,17,111,53,53,valid,results/raw/changmin-heuristics-all-20260912-160327-347232/cases/numeric-fast-downward-local/h-lmcutnumeric__s-astar/changmin_03_books/p001/plan.val,results/raw/changmin-heuristics-all-20260912-160327-347232/cases/numeric-fast-downward-local/h-lmcutnumeric__s-astar/changmin_03_books/p001
numeric-fast-downward-local,h-aibr__s-astar,aibr,astar,changmin_03_books,p001.pddl,solved,true,0,0.673110,21680,21680,,17,2052,53,53,valid,results/raw/changmin-heuristics-all-20260912-160327-347232/cases/numeric-fast-downward-local/h-aibr__s-astar/changmin_03_books/p001/plan.val,results/raw/changmin-heuristics-all-20260912-160327-347232/cases/numeric-fast-downward-local/h-aibr__s-astar/changmin_03_books/p001
numeric-fast-downward-local,h-iihmax__s-astar,iihmax,astar,changmin_03_books,p001.pddl,solved,true,0,0.213066,14848,6884,,17,416,53,53,valid,results/raw/changmin-heuristics-all-20260912-160327-347232/cases/numeric-fast-downward-local/h-iihmax__s-astar/changmin_03_books/p001/plan.val,results/raw/changmin-heuristics-all-20260912-160327-347232/cases/numeric-fast-downward-local/h-iihmax__s-astar/changmin_03_books/p001
numeric-fast-downward-local,h-iihadd__s-astar,iihadd,astar,changmin_03_books,p001.pddl,solved,true,0,0.223233,14976,7720,,19,87,57,57,valid,results/raw/changmin-heuristics-all-20260912-160327-347232/cases/numeric-fast-downward-local/h-iihadd__s-astar/changmin_03_books/p001/plan.val,results/raw/changmin-heuristics-all-20260912-160327-347232/cases/numeric-fast-downward-local/h-iihadd__s-astar/changmin_03_books/p001
numeric-fast-downward-local,h-iihff__s-astar,iihff,astar,changmin_03_books,p001.pddl,solved,true,0,0.223570,15104,9316,,17,65,53,53,valid,results/raw/changmin-heuristics-all-20260912-160327-347232/cases/numeric-fast-downward-local/h-iihff__s-astar/changmin_03_books/p001/plan.val,results/raw/changmin-heuristics-all-20260912-160327-347232/cases/numeric-fast-downward-local/h-iihff__s-astar/changmin_03_books/p001
numeric-fast-downward-local,h-irhmax__s-astar,irhmax,astar,changmin_03_books,p001.pddl,solved,true,0,0.214344,14976,9424,,17,394,53,53,valid,results/raw/changmin-heuristics-all-20260912-160327-347232/cases/numeric-fast-downward-local/h-irhmax__s-astar/changmin_03_books/p001/plan.val,results/raw/changmin-heuristics-all-20260912-160327-347232/cases/numeric-fast-downward-local/h-irhmax__s-astar/changmin_03_books/p001
numeric-fast-downward-local,h-irhadd__s-astar,irhadd,astar,changmin_03_books,p001.pddl,solved,true,0,0.214876,14976,9596,,19,92,57,57,valid,results/raw/changmin-heuristics-all-20260912-160327-347232/cases/numeric-fast-downward-local/h-irhadd__s-astar/changmin_03_books/p001/plan.val,results/raw/changmin-heuristics-all-20260912-160327-347232/cases/numeric-fast-downward-local/h-irhadd__s-astar/changmin_03_books/p001
numeric-fast-downward-local,h-irhff__s-astar,irhff,astar,changmin_03_books,p001.pddl,solved,true,0,0.214534,14972,9200,,17,57,53,53,valid,results/raw/changmin-heuristics-all-20260912-160327-347232/cases/numeric-fast-downward-local/h-irhff__s-astar/changmin_03_books/p001/plan.val,results/raw/changmin-heuristics-all-20260912-160327-347232/cases/numeric-fast-downward-local/h-irhff__s-astar/changmin_03_books/p001
numeric-fast-downward-local,h-numeric_pdb__s-astar,numeric_pdb,astar,changmin_03_books,p001.pddl,solved,true,0,0.226440,32364,8716,,17,781,53,53,valid,results/raw/changmin-heuristics-all-20260912-160327-347232/cases/numeric-fast-downward-local/h-numeric_pdb__s-astar/changmin_03_books/p001/plan.val,results/raw/changmin-heuristics-all-20260912-160327-347232/cases/numeric-fast-downward-local/h-numeric_pdb__s-astar/changmin_03_books/p001
numeric-fast-downward-local,h-lmcutnumeric__s-astar,lmcutnumeric,astar,changmin_03_books,p002.pddl,timeout,true,timeout,300.145589,1982084,1982084,timeout,,3633936,,,not-run,,results/raw/changmin-heuristics-all-20260912-160327-347232/cases/numeric-fast-downward-local/h-lmcutnumeric__s-astar/changmin_03_books/p002
numeric-fast-downward-local,h-aibr__s-astar,aibr,astar,changmin_03_books,p002.pddl,timeout,true,timeout,300.051619,67464,67464,timeout,,1,,,not-run,,results/raw/changmin-heuristics-all-20260912-160327-347232/cases/numeric-fast-downward-local/h-aibr__s-astar/changmin_03_books/p002
numeric-fast-downward-local,h-iihmax__s-astar,iihmax,astar,changmin_03_books,p002.pddl,timeout,true,timeout,300.191981,2093312,2093312,timeout,,3701664,,,not-run,,results/raw/changmin-heuristics-all-20260912-160327-347232/cases/numeric-fast-downward-local/h-iihmax__s-astar/changmin_03_books/p002
numeric-fast-downward-local,h-iihadd__s-astar,iihadd,astar,changmin_03_books,p002.pddl,solved,true,0,1.086858,30364,30364,,66,12006,314,314,valid,results/raw/changmin-heuristics-all-20260912-160327-347232/cases/numeric-fast-downward-local/h-iihadd__s-astar/changmin_03_books/p002/plan.val,results/raw/changmin-heuristics-all-20260912-160327-347232/cases/numeric-fast-downward-local/h-iihadd__s-astar/changmin_03_books/p002
numeric-fast-downward-local,h-iihff__s-astar,iihff,astar,changmin_03_books,p002.pddl,timeout,true,timeout,300.219521,1785084,1785084,timeout,,3746172,,,not-run,,results/raw/changmin-heuristics-all-20260912-160327-347232/cases/numeric-fast-downward-local/h-iihff__s-astar/changmin_03_books/p002
numeric-fast-downward-local,h-irhmax__s-astar,irhmax,astar,changmin_03_books,p002.pddl,timeout,true,timeout,300.122211,2697132,2697132,timeout,,4828042,,,not-run,,results/raw/changmin-heuristics-all-20260912-160327-347232/cases/numeric-fast-downward-local/h-irhmax__s-astar/changmin_03_books/p002
numeric-fast-downward-local,h-irhadd__s-astar,irhadd,astar,changmin_03_books,p002.pddl,solved,true,0,0.639480,27896,27896,,66,10377,314,314,valid,results/raw/changmin-heuristics-all-20260912-160327-347232/cases/numeric-fast-downward-local/h-irhadd__s-astar/changmin_03_books/p002/plan.val,results/raw/changmin-heuristics-all-20260912-160327-347232/cases/numeric-fast-downward-local/h-irhadd__s-astar/changmin_03_books/p002
numeric-fast-downward-local,h-irhff__s-astar,irhff,astar,changmin_03_books,p002.pddl,solved,true,0,99.977520,1359092,1359092,,40,2382337,144,144,valid,results/raw/changmin-heuristics-all-20260912-160327-347232/cases/numeric-fast-downward-local/h-irhff__s-astar/changmin_03_books/p002/plan.val,results/raw/changmin-heuristics-all-20260912-160327-347232/cases/numeric-fast-downward-local/h-irhff__s-astar/changmin_03_books/p002
numeric-fast-downward-local,h-numeric_pdb__s-astar,numeric_pdb,astar,changmin_03_books,p002.pddl,solved,true,0,108.429688,8134580,8134580,,40,16375566,144,144,valid,results/raw/changmin-heuristics-all-20260912-160327-347232/cases/numeric-fast-downward-local/h-numeric_pdb__s-astar/changmin_03_books/p002/plan.val,results/raw/changmin-heuristics-all-20260912-160327-347232/cases/numeric-fast-downward-local/h-numeric_pdb__s-astar/changmin_03_books/p002
numeric-fast-downward-local,h-lmcutnumeric__s-astar,lmcutnumeric,astar,changmin_03_books,p003.pddl,timeout,true,timeout,300.050871,1133148,1133148,timeout,,1115733,,,not-run,,results/raw/changmin-heuristics-all-20260912-160327-347232/cases/numeric-fast-downward-local/h-lmcutnumeric__s-astar/changmin_03_books/p003
numeric-fast-downward-local,h-aibr__s-astar,aibr,astar,changmin_03_books,p003.pddl,timeout,true,timeout,300.020346,79360,79360,timeout,,1,,,not-run,,results/raw/changmin-heuristics-all-20260912-160327-347232/cases/numeric-fast-downward-local/h-aibr__s-astar/changmin_03_books/p003
numeric-fast-downward-local,h-iihmax__s-astar,iihmax,astar,changmin_03_books,p003.pddl,timeout,true,timeout,300.025119,1605588,1605588,timeout,,1299192,,,not-run,,results/raw/changmin-heuristics-all-20260912-160327-347232/cases/numeric-fast-downward-local/h-iihmax__s-astar/changmin_03_books/p003
numeric-fast-downward-local,h-iihadd__s-astar,iihadd,astar,changmin_03_books,p003.pddl,solved,true,0,5.126144,59912,59912,,117,29590,513,513,valid,results/raw/changmin-heuristics-all-20260912-160327-347232/cases/numeric-fast-downward-local/h-iihadd__s-astar/changmin_03_books/p003/plan.val,results/raw/changmin-heuristics-all-20260912-160327-347232/cases/numeric-fast-downward-local/h-iihadd__s-astar/changmin_03_books/p003
numeric-fast-downward-local,h-iihff__s-astar,iihff,astar,changmin_03_books,p003.pddl,timeout,true,timeout,300.149278,1526284,1526284,timeout,,1288285,,,not-run,,results/raw/changmin-heuristics-all-20260912-160327-347232/cases/numeric-fast-downward-local/h-iihff__s-astar/changmin_03_books/p003
numeric-fast-downward-local,h-irhmax__s-astar,irhmax,astar,changmin_03_books,p003.pddl,timeout,true,timeout,300.021097,2266940,2266940,timeout,,1819388,,,not-run,,results/raw/changmin-heuristics-all-20260912-160327-347232/cases/numeric-fast-downward-local/h-irhmax__s-astar/changmin_03_books/p003
numeric-fast-downward-local,h-irhadd__s-astar,irhadd,astar,changmin_03_books,p003.pddl,solved,true,0,2.564592,54896,54896,,115,27434,532,532,valid,results/raw/changmin-heuristics-all-20260912-160327-347232/cases/numeric-fast-downward-local/h-irhadd__s-astar/changmin_03_books/p003/plan.val,results/raw/changmin-heuristics-all-20260912-160327-347232/cases/numeric-fast-downward-local/h-irhadd__s-astar/changmin_03_books/p003
numeric-fast-downward-local,h-irhff__s-astar,irhff,astar,changmin_03_books,p003.pddl,timeout,true,timeout,300.134025,3321348,3321348,timeout,,2839615,,,not-run,,results/raw/changmin-heuristics-all-20260912-160327-347232/cases/numeric-fast-downward-local/h-irhff__s-astar/changmin_03_books/p003
numeric-fast-downward-local,h-numeric_pdb__s-astar,numeric_pdb,astar,changmin_03_books,p003.pddl,memory-limit,true,-15,148.325693,12606548,12606548,memory-limit,,13603578,,,not-run,,results/raw/changmin-heuristics-all-20260912-160327-347232/cases/numeric-fast-downward-local/h-numeric_pdb__s-astar/changmin_03_books/p003
numeric-fast-downward-local,h-lmcutnumeric__s-astar,lmcutnumeric,astar,changmin_03_books,p004.pddl,timeout,true,timeout,300.053259,888216,888216,timeout,,703573,,,not-run,,results/raw/changmin-heuristics-all-20260912-160327-347232/cases/numeric-fast-downward-local/h-lmcutnumeric__s-astar/changmin_03_books/p004
numeric-fast-downward-local,h-aibr__s-astar,aibr,astar,changmin_03_books,p004.pddl,timeout,true,timeout,300.179549,95280,95280,timeout,,1,,,not-run,,results/raw/changmin-heuristics-all-20260912-160327-347232/cases/numeric-fast-downward-local/h-aibr__s-astar/changmin_03_books/p004
numeric-fast-downward-local,h-iihmax__s-astar,iihmax,astar,changmin_03_books,p004.pddl,timeout,true,timeout,300.159398,1430576,1430576,timeout,,818123,,,not-run,,results/raw/changmin-heuristics-all-20260912-160327-347232/cases/numeric-fast-downward-local/h-iihmax__s-astar/changmin_03_books/p004
numeric-fast-downward-local,h-iihadd__s-astar,iihadd,astar,changmin_03_books,p004.pddl,solved,true,0,65.335254,433232,433232,,188,339875,589,589,valid,results/raw/changmin-heuristics-all-20260912-160327-347232/cases/numeric-fast-downward-local/h-iihadd__s-astar/changmin_03_books/p004/plan.val,results/raw/changmin-heuristics-all-20260912-160327-347232/cases/numeric-fast-downward-local/h-iihadd__s-astar/changmin_03_books/p004
numeric-fast-downward-local,h-iihff__s-astar,iihff,astar,changmin_03_books,p004.pddl,timeout,true,timeout,300.096433,1229388,1229388,timeout,,780642,,,not-run,,results/raw/changmin-heuristics-all-20260912-160327-347232/cases/numeric-fast-downward-local/h-iihff__s-astar/changmin_03_books/p004
numeric-fast-downward-local,h-irhmax__s-astar,irhmax,astar,changmin_03_books,p004.pddl,timeout,true,timeout,300.084811,2110772,2110772,timeout,,1386184,,,not-run,,results/raw/changmin-heuristics-all-20260912-160327-347232/cases/numeric-fast-downward-local/h-irhmax__s-astar/changmin_03_books/p004
numeric-fast-downward-local,h-irhadd__s-astar,irhadd,astar,changmin_03_books,p004.pddl,solved,true,0,40.594279,449116,449116,,184,355802,567,567,valid,results/raw/changmin-heuristics-all-20260912-160327-347232/cases/numeric-fast-downward-local/h-irhadd__s-astar/changmin_03_books/p004/plan.val,results/raw/changmin-heuristics-all-20260912-160327-347232/cases/numeric-fast-downward-local/h-irhadd__s-astar/changmin_03_books/p004
numeric-fast-downward-local,h-irhff__s-astar,irhff,astar,changmin_03_books,p004.pddl,timeout,true,timeout,300.197672,2866636,2866636,timeout,,2379393,,,not-run,,results/raw/changmin-heuristics-all-20260912-160327-347232/cases/numeric-fast-downward-local/h-irhff__s-astar/changmin_03_books/p004
numeric-fast-downward-local,h-numeric_pdb__s-astar,numeric_pdb,astar,changmin_03_books,p004.pddl,memory-limit,true,-15,142.928939,12585628,12585628,memory-limit,,9275409,,,not-run,,results/raw/changmin-heuristics-all-20260912-160327-347232/cases/numeric-fast-downward-local/h-numeric_pdb__s-astar/changmin_03_books/p004
numeric-fast-downward-local,h-lmcutnumeric__s-astar,lmcutnumeric,astar,changmin_04_watering,p000.pddl,solved,true,0,0.224308,14336,7368,,3,4,3,3,valid,results/raw/changmin-heuristics-all-20260912-160327-347232/cases/numeric-fast-downward-local/h-lmcutnumeric__s-astar/changmin_04_watering/p000/plan.val,results/raw/changmin-heuristics-all-20260912-160327-347232/cases/numeric-fast-downward-local/h-lmcutnumeric__s-astar/changmin_04_watering/p000
numeric-fast-downward-local,h-aibr__s-astar,aibr,astar,changmin_04_watering,p000.pddl,solved,true,0,0.212964,14332,6192,,3,4,3,3,valid,results/raw/changmin-heuristics-all-20260912-160327-347232/cases/numeric-fast-downward-local/h-aibr__s-astar/changmin_04_watering/p000/plan.val,results/raw/changmin-heuristics-all-20260912-160327-347232/cases/numeric-fast-downward-local/h-aibr__s-astar/changmin_04_watering/p000
numeric-fast-downward-local,h-iihmax__s-astar,iihmax,astar,changmin_04_watering,p000.pddl,solved,true,0,0.222239,14208,7868,,3,4,3,3,valid,results/raw/changmin-heuristics-all-20260912-160327-347232/cases/numeric-fast-downward-local/h-iihmax__s-astar/changmin_04_watering/p000/plan.val,results/raw/changmin-heuristics-all-20260912-160327-347232/cases/numeric-fast-downward-local/h-iihmax__s-astar/changmin_04_watering/p000
numeric-fast-downward-local,h-iihadd__s-astar,iihadd,astar,changmin_04_watering,p000.pddl,solved,true,0,0.212398,14328,8684,,3,4,3,3,valid,results/raw/changmin-heuristics-all-20260912-160327-347232/cases/numeric-fast-downward-local/h-iihadd__s-astar/changmin_04_watering/p000/plan.val,results/raw/changmin-heuristics-all-20260912-160327-347232/cases/numeric-fast-downward-local/h-iihadd__s-astar/changmin_04_watering/p000
numeric-fast-downward-local,h-iihff__s-astar,iihff,astar,changmin_04_watering,p000.pddl,solved,true,0,0.223235,14208,7740,,3,4,3,3,valid,results/raw/changmin-heuristics-all-20260912-160327-347232/cases/numeric-fast-downward-local/h-iihff__s-astar/changmin_04_watering/p000/plan.val,results/raw/changmin-heuristics-all-20260912-160327-347232/cases/numeric-fast-downward-local/h-iihff__s-astar/changmin_04_watering/p000
numeric-fast-downward-local,h-irhmax__s-astar,irhmax,astar,changmin_04_watering,p000.pddl,solved,true,0,0.219462,14208,7184,,3,5,3,3,valid,results/raw/changmin-heuristics-all-20260912-160327-347232/cases/numeric-fast-downward-local/h-irhmax__s-astar/changmin_04_watering/p000/plan.val,results/raw/changmin-heuristics-all-20260912-160327-347232/cases/numeric-fast-downward-local/h-irhmax__s-astar/changmin_04_watering/p000
numeric-fast-downward-local,h-irhadd__s-astar,irhadd,astar,changmin_04_watering,p000.pddl,solved,true,0,0.212813,14328,8444,,3,4,3,3,valid,results/raw/changmin-heuristics-all-20260912-160327-347232/cases/numeric-fast-downward-local/h-irhadd__s-astar/changmin_04_watering/p000/plan.val,results/raw/changmin-heuristics-all-20260912-160327-347232/cases/numeric-fast-downward-local/h-irhadd__s-astar/changmin_04_watering/p000
numeric-fast-downward-local,h-irhff__s-astar,irhff,astar,changmin_04_watering,p000.pddl,solved,true,0,0.215291,14204,5684,,3,4,3,3,valid,results/raw/changmin-heuristics-all-20260912-160327-347232/cases/numeric-fast-downward-local/h-irhff__s-astar/changmin_04_watering/p000/plan.val,results/raw/changmin-heuristics-all-20260912-160327-347232/cases/numeric-fast-downward-local/h-irhff__s-astar/changmin_04_watering/p000
numeric-fast-downward-local,h-numeric_pdb__s-astar,numeric_pdb,astar,changmin_04_watering,p000.pddl,solved,true,0,0.224992,14208,8028,,3,4,3,3,valid,results/raw/changmin-heuristics-all-20260912-160327-347232/cases/numeric-fast-downward-local/h-numeric_pdb__s-astar/changmin_04_watering/p000/plan.val,results/raw/changmin-heuristics-all-20260912-160327-347232/cases/numeric-fast-downward-local/h-numeric_pdb__s-astar/changmin_04_watering/p000
numeric-fast-downward-local,h-lmcutnumeric__s-astar,lmcutnumeric,astar,changmin_04_watering,p001.pddl,solved,true,0,0.429121,23264,23264,,22,7416,108,108,valid,results/raw/changmin-heuristics-all-20260912-160327-347232/cases/numeric-fast-downward-local/h-lmcutnumeric__s-astar/changmin_04_watering/p001/plan.val,results/raw/changmin-heuristics-all-20260912-160327-347232/cases/numeric-fast-downward-local/h-lmcutnumeric__s-astar/changmin_04_watering/p001
numeric-fast-downward-local,h-aibr__s-astar,aibr,astar,changmin_04_watering,p001.pddl,memory-limit,true,-15,13.267232,12695248,12695248,memory-limit,,1,,,not-run,,results/raw/changmin-heuristics-all-20260912-160327-347232/cases/numeric-fast-downward-local/h-aibr__s-astar/changmin_04_watering/p001
numeric-fast-downward-local,h-iihmax__s-astar,iihmax,astar,changmin_04_watering,p001.pddl,memory-limit,true,-15,11.139031,12620908,12620908,memory-limit,,223,,,not-run,,results/raw/changmin-heuristics-all-20260912-160327-347232/cases/numeric-fast-downward-local/h-iihmax__s-astar/changmin_04_watering/p001
numeric-fast-downward-local,h-iihadd__s-astar,iihadd,astar,changmin_04_watering,p001.pddl,memory-limit,true,-15,13.061349,12699036,12699036,memory-limit,,15,,,not-run,,results/raw/changmin-heuristics-all-20260912-160327-347232/cases/numeric-fast-downward-local/h-iihadd__s-astar/changmin_04_watering/p001
numeric-fast-downward-local,h-iihff__s-astar,iihff,astar,changmin_04_watering,p001.pddl,memory-limit,true,-15,17.330976,12628332,12628332,memory-limit,,474,,,not-run,,results/raw/changmin-heuristics-all-20260912-160327-347232/cases/numeric-fast-downward-local/h-iihff__s-astar/changmin_04_watering/p001
numeric-fast-downward-local,h-irhmax__s-astar,irhmax,astar,changmin_04_watering,p001.pddl,solved,true,0,0.860111,30604,30604,,22,27754,108,108,valid,results/raw/changmin-heuristics-all-20260912-160327-347232/cases/numeric-fast-downward-local/h-irhmax__s-astar/changmin_04_watering/p001/plan.val,results/raw/changmin-heuristics-all-20260912-160327-347232/cases/numeric-fast-downward-local/h-irhmax__s-astar/changmin_04_watering/p001
numeric-fast-downward-local,h-irhadd__s-astar,irhadd,astar,changmin_04_watering,p001.pddl,solved,true,0,0.429079,25688,25688,,24,9842,117,117,valid,results/raw/changmin-heuristics-all-20260912-160327-347232/cases/numeric-fast-downward-local/h-irhadd__s-astar/changmin_04_watering/p001/plan.val,results/raw/changmin-heuristics-all-20260912-160327-347232/cases/numeric-fast-downward-local/h-irhadd__s-astar/changmin_04_watering/p001
numeric-fast-downward-local,h-irhff__s-astar,irhff,astar,changmin_04_watering,p001.pddl,solved,true,0,0.211693,14584,8540,,22,5640,108,108,valid,results/raw/changmin-heuristics-all-20260912-160327-347232/cases/numeric-fast-downward-local/h-irhff__s-astar/changmin_04_watering/p001/plan.val,results/raw/changmin-heuristics-all-20260912-160327-347232/cases/numeric-fast-downward-local/h-irhff__s-astar/changmin_04_watering/p001
numeric-fast-downward-local,h-numeric_pdb__s-astar,numeric_pdb,astar,changmin_04_watering,p001.pddl,solved,true,0,0.461888,26020,26020,,22,12105,108,108,valid,results/raw/changmin-heuristics-all-20260912-160327-347232/cases/numeric-fast-downward-local/h-numeric_pdb__s-astar/changmin_04_watering/p001/plan.val,results/raw/changmin-heuristics-all-20260912-160327-347232/cases/numeric-fast-downward-local/h-numeric_pdb__s-astar/changmin_04_watering/p001
numeric-fast-downward-local,h-lmcutnumeric__s-astar,lmcutnumeric,astar,changmin_04_watering,p002.pddl,solved,true,0,24.164407,383424,383424,,30,617599,114,114,valid,results/raw/changmin-heuristics-all-20260912-160327-347232/cases/numeric-fast-downward-local/h-lmcutnumeric__s-astar/changmin_04_watering/p002/plan.val,results/raw/changmin-heuristics-all-20260912-160327-347232/cases/numeric-fast-downward-local/h-lmcutnumeric__s-astar/changmin_04_watering/p002
numeric-fast-downward-local,h-aibr__s-astar,aibr,astar,changmin_04_watering,p002.pddl,memory-limit,true,-15,80.887695,12659480,12659480,memory-limit,,747,,,not-run,,results/raw/changmin-heuristics-all-20260912-160327-347232/cases/numeric-fast-downward-local/h-aibr__s-astar/changmin_04_watering/p002
numeric-fast-downward-local,h-iihmax__s-astar,iihmax,astar,changmin_04_watering,p002.pddl,memory-limit,true,-15,12.893649,12662084,12662084,memory-limit,,7039,,,not-run,,results/raw/changmin-heuristics-all-20260912-160327-347232/cases/numeric-fast-downward-local/h-iihmax__s-astar/changmin_04_watering/p002
numeric-fast-downward-local,h-iihadd__s-astar,iihadd,astar,changmin_04_watering,p002.pddl,memory-limit,true,-15,15.002700,12726152,12726152,memory-limit,,1040,,,not-run,,results/raw/changmin-heuristics-all-20260912-160327-347232/cases/numeric-fast-downward-local/h-iihadd__s-astar/changmin_04_watering/p002
numeric-fast-downward-local,h-iihff__s-astar,iihff,astar,changmin_04_watering,p002.pddl,memory-limit,true,-15,12.024765,12811968,12811968,memory-limit,,184,,,not-run,,results/raw/changmin-heuristics-all-20260912-160327-347232/cases/numeric-fast-downward-local/h-iihff__s-astar/changmin_04_watering/p002
numeric-fast-downward-local,h-irhmax__s-astar,irhmax,astar,changmin_04_watering,p002.pddl,solved,true,0,103.144952,1687184,1687184,,30,3127951,114,114,valid,results/raw/changmin-heuristics-all-20260912-160327-347232/cases/numeric-fast-downward-local/h-irhmax__s-astar/changmin_04_watering/p002/plan.val,results/raw/changmin-heuristics-all-20260912-160327-347232/cases/numeric-fast-downward-local/h-irhmax__s-astar/changmin_04_watering/p002
numeric-fast-downward-local,h-irhadd__s-astar,irhadd,astar,changmin_04_watering,p002.pddl,solved,true,0,8.344585,235396,235396,,30,308249,114,114,valid,results/raw/changmin-heuristics-all-20260912-160327-347232/cases/numeric-fast-downward-local/h-irhadd__s-astar/changmin_04_watering/p002/plan.val,results/raw/changmin-heuristics-all-20260912-160327-347232/cases/numeric-fast-downward-local/h-irhadd__s-astar/changmin_04_watering/p002
numeric-fast-downward-local,h-irhff__s-astar,irhff,astar,changmin_04_watering,p002.pddl,solved,true,0,11.978417,316980,316980,,30,436599,114,114,valid,results/raw/changmin-heuristics-all-20260912-160327-347232/cases/numeric-fast-downward-local/h-irhff__s-astar/changmin_04_watering/p002/plan.val,results/raw/changmin-heuristics-all-20260912-160327-347232/cases/numeric-fast-downward-local/h-irhff__s-astar/changmin_04_watering/p002
numeric-fast-downward-local,h-numeric_pdb__s-astar,numeric_pdb,astar,changmin_04_watering,p002.pddl,solved,true,0,6.078836,485336,485336,,30,909253,114,114,valid,results/raw/changmin-heuristics-all-20260912-160327-347232/cases/numeric-fast-downward-local/h-numeric_pdb__s-astar/changmin_04_watering/p002/plan.val,results/raw/changmin-heuristics-all-20260912-160327-347232/cases/numeric-fast-downward-local/h-numeric_pdb__s-astar/changmin_04_watering/p002
numeric-fast-downward-local,h-lmcutnumeric__s-astar,lmcutnumeric,astar,changmin_04_watering,p003.pddl,solved,true,0,96.981600,1003316,1003316,,38,1458692,184,184,valid,results/raw/changmin-heuristics-all-20260912-160327-347232/cases/numeric-fast-downward-local/h-lmcutnumeric__s-astar/changmin_04_watering/p003/plan.val,results/raw/changmin-heuristics-all-20260912-160327-347232/cases/numeric-fast-downward-local/h-lmcutnumeric__s-astar/changmin_04_watering/p003
numeric-fast-downward-local,h-aibr__s-astar,aibr,astar,changmin_04_watering,p003.pddl,timeout,true,timeout,300.116142,36580,36580,timeout,,1486,,,not-run,,results/raw/changmin-heuristics-all-20260912-160327-347232/cases/numeric-fast-downward-local/h-aibr__s-astar/changmin_04_watering/p003
numeric-fast-downward-local,h-iihmax__s-astar,iihmax,astar,changmin_04_watering,p003.pddl,memory-limit,true,-15,12.227448,12753996,12753996,memory-limit,,2158,,,not-run,,results/raw/changmin-heuristics-all-20260912-160327-347232/cases/numeric-fast-downward-local/h-iihmax__s-astar/changmin_04_watering/p003
numeric-fast-downward-local,h-iihadd__s-astar,iihadd,astar,changmin_04_watering,p003.pddl,memory-limit,true,-15,15.641712,12731820,12731820,memory-limit,,17,,,not-run,,results/raw/changmin-heuristics-all-20260912-160327-347232/cases/numeric-fast-downward-local/h-iihadd__s-astar/changmin_04_watering/p003
numeric-fast-downward-local,h-iihff__s-astar,iihff,astar,changmin_04_watering,p003.pddl,memory-limit,true,-15,16.078725,12675144,12675144,memory-limit,,2026,,,not-run,,results/raw/changmin-heuristics-all-20260912-160327-347232/cases/numeric-fast-downward-local/h-iihff__s-astar/changmin_04_watering/p003
numeric-fast-downward-local,h-irhmax__s-astar,irhmax,astar,changmin_04_watering,p003.pddl,timeout,true,timeout,300.055262,4869752,4869752,timeout,,7587905,,,not-run,,results/raw/changmin-heuristics-all-20260912-160327-347232/cases/numeric-fast-downward-local/h-irhmax__s-astar/changmin_04_watering/p003
numeric-fast-downward-local,h-irhadd__s-astar,irhadd,astar,changmin_04_watering,p003.pddl,solved,true,0,46.394131,1195272,1195272,,38,1815848,184,184,valid,results/raw/changmin-heuristics-all-20260912-160327-347232/cases/numeric-fast-downward-local/h-irhadd__s-astar/changmin_04_watering/p003/plan.val,results/raw/changmin-heuristics-all-20260912-160327-347232/cases/numeric-fast-downward-local/h-irhadd__s-astar/changmin_04_watering/p003
numeric-fast-downward-local,h-irhff__s-astar,irhff,astar,changmin_04_watering,p003.pddl,solved,true,0,55.555889,1308012,1308012,,38,1836644,184,184,valid,results/raw/changmin-heuristics-all-20260912-160327-347232/cases/numeric-fast-downward-local/h-irhff__s-astar/changmin_04_watering/p003/plan.val,results/raw/changmin-heuristics-all-20260912-160327-347232/cases/numeric-fast-downward-local/h-irhff__s-astar/changmin_04_watering/p003
numeric-fast-downward-local,h-numeric_pdb__s-astar,numeric_pdb,astar,changmin_04_watering,p003.pddl,solved,true,0,73.106140,5896696,5896696,,38,11225713,184,184,valid,results/raw/changmin-heuristics-all-20260912-160327-347232/cases/numeric-fast-downward-local/h-numeric_pdb__s-astar/changmin_04_watering/p003/plan.val,results/raw/changmin-heuristics-all-20260912-160327-347232/cases/numeric-fast-downward-local/h-numeric_pdb__s-astar/changmin_04_watering/p003
numeric-fast-downward-local,h-lmcutnumeric__s-astar,lmcutnumeric,astar,changmin_04_watering,p004.pddl,timeout,true,timeout,300.155837,2535872,2535872,timeout,,2769486,,,not-run,,results/raw/changmin-heuristics-all-20260912-160327-347232/cases/numeric-fast-downward-local/h-lmcutnumeric__s-astar/changmin_04_watering/p004
numeric-fast-downward-local,h-aibr__s-astar,aibr,astar,changmin_04_watering,p004.pddl,memory-limit,true,-15,49.540533,12591452,12591452,memory-limit,,1,,,not-run,,results/raw/changmin-heuristics-all-20260912-160327-347232/cases/numeric-fast-downward-local/h-aibr__s-astar/changmin_04_watering/p004
numeric-fast-downward-local,h-iihmax__s-astar,iihmax,astar,changmin_04_watering,p004.pddl,memory-limit,true,-15,13.310280,12617640,12617640,memory-limit,,212,,,not-run,,results/raw/changmin-heuristics-all-20260912-160327-347232/cases/numeric-fast-downward-local/h-iihmax__s-astar/changmin_04_watering/p004
numeric-fast-downward-local,h-iihadd__s-astar,iihadd,astar,changmin_04_watering,p004.pddl,memory-limit,true,-15,15.863484,12600324,12600324,memory-limit,,9,,,not-run,,results/raw/changmin-heuristics-all-20260912-160327-347232/cases/numeric-fast-downward-local/h-iihadd__s-astar/changmin_04_watering/p004
numeric-fast-downward-local,h-iihff__s-astar,iihff,astar,changmin_04_watering,p004.pddl,memory-limit,true,-15,14.148700,12639260,12639260,memory-limit,,59,,,not-run,,results/raw/changmin-heuristics-all-20260912-160327-347232/cases/numeric-fast-downward-local/h-iihff__s-astar/changmin_04_watering/p004
numeric-fast-downward-local,h-irhmax__s-astar,irhmax,astar,changmin_04_watering,p004.pddl,timeout,true,timeout,300.160623,4903704,4903704,timeout,,5278757,,,not-run,,results/raw/changmin-heuristics-all-20260912-160327-347232/cases/numeric-fast-downward-local/h-irhmax__s-astar/changmin_04_watering/p004
numeric-fast-downward-local,h-irhadd__s-astar,irhadd,astar,changmin_04_watering,p004.pddl,timeout,true,timeout,300.114202,7795480,7795480,timeout,,6937821,,,not-run,,results/raw/changmin-heuristics-all-20260912-160327-347232/cases/numeric-fast-downward-local/h-irhadd__s-astar/changmin_04_watering/p004
numeric-fast-downward-local,h-irhff__s-astar,irhff,astar,changmin_04_watering,p004.pddl,timeout,true,timeout,300.202915,7027280,7027280,timeout,,7540150,,,not-run,,results/raw/changmin-heuristics-all-20260912-160327-347232/cases/numeric-fast-downward-local/h-irhff__s-astar/changmin_04_watering/p004
numeric-fast-downward-local,h-numeric_pdb__s-astar,numeric_pdb,astar,changmin_04_watering,p004.pddl,memory-limit,true,-15,142.777127,12599628,12599628,memory-limit,,20801742,,,not-run,,results/raw/changmin-heuristics-all-20260912-160327-347232/cases/numeric-fast-downward-local/h-numeric_pdb__s-astar/changmin_04_watering/p004
numeric-fast-downward-local,h-lmcutnumeric__s-astar,lmcutnumeric,astar,changmin_05_barman,p000.pddl,solved,true,0,0.215486,14844,7728,,3,4,3,3,valid,results/raw/changmin-heuristics-all-20260912-160327-347232/cases/numeric-fast-downward-local/h-lmcutnumeric__s-astar/changmin_05_barman/p000/plan.val,results/raw/changmin-heuristics-all-20260912-160327-347232/cases/numeric-fast-downward-local/h-lmcutnumeric__s-astar/changmin_05_barman/p000
numeric-fast-downward-local,h-aibr__s-astar,aibr,astar,changmin_05_barman,p000.pddl,memory-limit,true,-15,24.847947,12635024,12635024,memory-limit,,7,,,not-run,,results/raw/changmin-heuristics-all-20260912-160327-347232/cases/numeric-fast-downward-local/h-aibr__s-astar/changmin_05_barman/p000
numeric-fast-downward-local,h-iihmax__s-astar,iihmax,astar,changmin_05_barman,p000.pddl,memory-limit,true,-15,29.537100,12671352,12671352,memory-limit,,4,,,not-run,,results/raw/changmin-heuristics-all-20260912-160327-347232/cases/numeric-fast-downward-local/h-iihmax__s-astar/changmin_05_barman/p000
numeric-fast-downward-local,h-iihadd__s-astar,iihadd,astar,changmin_05_barman,p000.pddl,memory-limit,true,-15,29.336817,12652528,12652528,memory-limit,,3,,,not-run,,results/raw/changmin-heuristics-all-20260912-160327-347232/cases/numeric-fast-downward-local/h-iihadd__s-astar/changmin_05_barman/p000
numeric-fast-downward-local,h-iihff__s-astar,iihff,astar,changmin_05_barman,p000.pddl,memory-limit,true,-15,29.102724,12618452,12618452,memory-limit,,3,,,not-run,,results/raw/changmin-heuristics-all-20260912-160327-347232/cases/numeric-fast-downward-local/h-iihff__s-astar/changmin_05_barman/p000
numeric-fast-downward-local,h-irhmax__s-astar,irhmax,astar,changmin_05_barman,p000.pddl,solved,true,0,0.223034,14592,7832,,3,5,3,3,valid,results/raw/changmin-heuristics-all-20260912-160327-347232/cases/numeric-fast-downward-local/h-irhmax__s-astar/changmin_05_barman/p000/plan.val,results/raw/changmin-heuristics-all-20260912-160327-347232/cases/numeric-fast-downward-local/h-irhmax__s-astar/changmin_05_barman/p000
numeric-fast-downward-local,h-irhadd__s-astar,irhadd,astar,changmin_05_barman,p000.pddl,solved,true,0,0.220991,14720,1560,,3,4,3,3,valid,results/raw/changmin-heuristics-all-20260912-160327-347232/cases/numeric-fast-downward-local/h-irhadd__s-astar/changmin_05_barman/p000/plan.val,results/raw/changmin-heuristics-all-20260912-160327-347232/cases/numeric-fast-downward-local/h-irhadd__s-astar/changmin_05_barman/p000
numeric-fast-downward-local,h-irhff__s-astar,irhff,astar,changmin_05_barman,p000.pddl,solved,true,0,0.217888,14720,7724,,3,6,3,3,valid,results/raw/changmin-heuristics-all-20260912-160327-347232/cases/numeric-fast-downward-local/h-irhff__s-astar/changmin_05_barman/p000/plan.val,results/raw/changmin-heuristics-all-20260912-160327-347232/cases/numeric-fast-downward-local/h-irhff__s-astar/changmin_05_barman/p000
numeric-fast-downward-local,h-lmcutnumeric__s-astar,lmcutnumeric,astar,changmin_05_barman,p001.pddl,timeout,true,timeout,300.233725,99044,99044,timeout,,36815,,,not-run,,results/raw/changmin-heuristics-all-20260912-160327-347232/cases/numeric-fast-downward-local/h-lmcutnumeric__s-astar/changmin_05_barman/p001
numeric-fast-downward-local,h-aibr__s-astar,aibr,astar,changmin_05_barman,p001.pddl,memory-limit,true,-15,12.451298,12778312,12778312,memory-limit,,,,,not-run,,results/raw/changmin-heuristics-all-20260912-160327-347232/cases/numeric-fast-downward-local/h-aibr__s-astar/changmin_05_barman/p001
numeric-fast-downward-local,h-iihmax__s-astar,iihmax,astar,changmin_05_barman,p001.pddl,memory-limit,true,-15,97.621102,12601972,12601972,memory-limit,,463,,,not-run,,results/raw/changmin-heuristics-all-20260912-160327-347232/cases/numeric-fast-downward-local/h-iihmax__s-astar/changmin_05_barman/p001
numeric-fast-downward-local,h-iihadd__s-astar,iihadd,astar,changmin_05_barman,p001.pddl,memory-limit,true,-15,108.718957,12587028,12587028,memory-limit,,51,,,not-run,,results/raw/changmin-heuristics-all-20260912-160327-347232/cases/numeric-fast-downward-local/h-iihadd__s-astar/changmin_05_barman/p001
numeric-fast-downward-local,h-iihff__s-astar,iihff,astar,changmin_05_barman,p001.pddl,memory-limit,true,-15,65.695766,12584768,12584768,memory-limit,,5,,,not-run,,results/raw/changmin-heuristics-all-20260912-160327-347232/cases/numeric-fast-downward-local/h-iihff__s-astar/changmin_05_barman/p001
numeric-fast-downward-local,h-irhmax__s-astar,irhmax,astar,changmin_05_barman,p001.pddl,timeout,true,timeout,300.185420,1056636,1056636,timeout,,2500829,,,not-run,,results/raw/changmin-heuristics-all-20260912-160327-347232/cases/numeric-fast-downward-local/h-irhmax__s-astar/changmin_05_barman/p001
numeric-fast-downward-local,h-irhadd__s-astar,irhadd,astar,changmin_05_barman,p001.pddl,solved,true,0,68.040637,410480,410480,,35,901421,90,90,valid,results/raw/changmin-heuristics-all-20260912-160327-347232/cases/numeric-fast-downward-local/h-irhadd__s-astar/changmin_05_barman/p001/plan.val,results/raw/changmin-heuristics-all-20260912-160327-347232/cases/numeric-fast-downward-local/h-irhadd__s-astar/changmin_05_barman/p001
numeric-fast-downward-local,h-irhff__s-astar,irhff,astar,changmin_05_barman,p001.pddl,solved,true,0,79.059882,436452,436452,,26,895653,74,74,valid,results/raw/changmin-heuristics-all-20260912-160327-347232/cases/numeric-fast-downward-local/h-irhff__s-astar/changmin_05_barman/p001/plan.val,results/raw/changmin-heuristics-all-20260912-160327-347232/cases/numeric-fast-downward-local/h-irhff__s-astar/changmin_05_barman/p001
numeric-fast-downward-local,h-lmcutnumeric__s-astar,lmcutnumeric,astar,changmin_05_barman,p002.pddl,timeout,true,timeout,300.105227,244440,244440,timeout,,8087,,,not-run,,results/raw/changmin-heuristics-all-20260912-160327-347232/cases/numeric-fast-downward-local/h-lmcutnumeric__s-astar/changmin_05_barman/p002
numeric-fast-downward-local,h-aibr__s-astar,aibr,astar,changmin_05_barman,p002.pddl,memory-limit,true,-15,92.803339,12591268,12591268,memory-limit,,1,,,not-run,,results/raw/changmin-heuristics-all-20260912-160327-347232/cases/numeric-fast-downward-local/h-aibr__s-astar/changmin_05_barman/p002
numeric-fast-downward-local,h-iihmax__s-astar,iihmax,astar,changmin_05_barman,p002.pddl,memory-limit,true,-15,97.282558,12587324,12587324,memory-limit,,2637,,,not-run,,results/raw/changmin-heuristics-all-20260912-160327-347232/cases/numeric-fast-downward-local/h-iihmax__s-astar/changmin_05_barman/p002
numeric-fast-downward-local,h-iihadd__s-astar,iihadd,astar,changmin_05_barman,p002.pddl,memory-limit,true,-15,147.762495,12584888,12584888,memory-limit,,33,,,not-run,,results/raw/changmin-heuristics-all-20260912-160327-347232/cases/numeric-fast-downward-local/h-iihadd__s-astar/changmin_05_barman/p002
numeric-fast-downward-local,h-iihff__s-astar,iihff,astar,changmin_05_barman,p002.pddl,memory-limit,true,-15,93.965724,12595360,12595360,memory-limit,,12,,,not-run,,results/raw/changmin-heuristics-all-20260912-160327-347232/cases/numeric-fast-downward-local/h-iihff__s-astar/changmin_05_barman/p002
numeric-fast-downward-local,h-irhmax__s-astar,irhmax,astar,changmin_05_barman,p002.pddl,timeout,true,timeout,300.211950,584360,584360,timeout,,518905,,,not-run,,results/raw/changmin-heuristics-all-20260912-160327-347232/cases/numeric-fast-downward-local/h-irhmax__s-astar/changmin_05_barman/p002
numeric-fast-downward-local,h-irhadd__s-astar,irhadd,astar,changmin_05_barman,p002.pddl,timeout,true,timeout,300.084192,1128388,1128388,timeout,,583,,,not-run,,results/raw/changmin-heuristics-all-20260912-160327-347232/cases/numeric-fast-downward-local/h-irhadd__s-astar/changmin_05_barman/p002
numeric-fast-downward-local,h-irhff__s-astar,irhff,astar,changmin_05_barman,p002.pddl,timeout,true,timeout,300.109359,979716,979716,timeout,,1256,,,not-run,,results/raw/changmin-heuristics-all-20260912-160327-347232/cases/numeric-fast-downward-local/h-irhff__s-astar/changmin_05_barman/p002
numeric-fast-downward-local,h-lmcutnumeric__s-astar,lmcutnumeric,astar,changmin_05_barman,p003.pddl,timeout,true,timeout,300.161103,1824480,1824480,timeout,,875,,,not-run,,results/raw/changmin-heuristics-all-20260912-160327-347232/cases/numeric-fast-downward-local/h-lmcutnumeric__s-astar/changmin_05_barman/p003
numeric-fast-downward-local,h-aibr__s-astar,aibr,astar,changmin_05_barman,p003.pddl,memory-limit,true,-15,219.368934,12594036,12594036,memory-limit,,1,,,not-run,,results/raw/changmin-heuristics-all-20260912-160327-347232/cases/numeric-fast-downward-local/h-aibr__s-astar/changmin_05_barman/p003
numeric-fast-downward-local,h-iihmax__s-astar,iihmax,astar,changmin_05_barman,p003.pddl,memory-limit,true,-15,298.639017,12583112,12583112,memory-limit,,3071,,,not-run,,results/raw/changmin-heuristics-all-20260912-160327-347232/cases/numeric-fast-downward-local/h-iihmax__s-astar/changmin_05_barman/p003
numeric-fast-downward-local,h-iihadd__s-astar,iihadd,astar,changmin_05_barman,p003.pddl,timeout,true,timeout,300.022267,12360452,12360452,timeout,,194,,,not-run,,results/raw/changmin-heuristics-all-20260912-160327-347232/cases/numeric-fast-downward-local/h-iihadd__s-astar/changmin_05_barman/p003
numeric-fast-downward-local,h-iihff__s-astar,iihff,astar,changmin_05_barman,p003.pddl,memory-limit,true,-15,206.974778,12593352,12593352,memory-limit,,16,,,not-run,,results/raw/changmin-heuristics-all-20260912-160327-347232/cases/numeric-fast-downward-local/h-iihff__s-astar/changmin_05_barman/p003
numeric-fast-downward-local,h-irhmax__s-astar,irhmax,astar,changmin_05_barman,p003.pddl,timeout,true,timeout,300.057850,314480,314480,timeout,,63357,,,not-run,,results/raw/changmin-heuristics-all-20260912-160327-347232/cases/numeric-fast-downward-local/h-irhmax__s-astar/changmin_05_barman/p003
numeric-fast-downward-local,h-irhadd__s-astar,irhadd,astar,changmin_05_barman,p003.pddl,solved,true,0,57.995959,151388,151388,,67,32859,169,169,valid,results/raw/changmin-heuristics-all-20260912-160327-347232/cases/numeric-fast-downward-local/h-irhadd__s-astar/changmin_05_barman/p003/plan.val,results/raw/changmin-heuristics-all-20260912-160327-347232/cases/numeric-fast-downward-local/h-irhadd__s-astar/changmin_05_barman/p003
numeric-fast-downward-local,h-irhff__s-astar,irhff,astar,changmin_05_barman,p003.pddl,timeout,true,timeout,300.214410,573636,573636,timeout,,210879,,,not-run,,results/raw/changmin-heuristics-all-20260912-160327-347232/cases/numeric-fast-downward-local/h-irhff__s-astar/changmin_05_barman/p003
numeric-fast-downward-local,h-lmcutnumeric__s-astar,lmcutnumeric,astar,changmin_05_barman,p004.pddl,timeout,true,timeout,300.122026,4821828,4821828,timeout,,152,,,not-run,,results/raw/changmin-heuristics-all-20260912-160327-347232/cases/numeric-fast-downward-local/h-lmcutnumeric__s-astar/changmin_05_barman/p004
numeric-fast-downward-local,h-aibr__s-astar,aibr,astar,changmin_05_barman,p004.pddl,memory-limit,true,-15,219.932974,12583360,12583360,memory-limit,,1,,,not-run,,results/raw/changmin-heuristics-all-20260912-160327-347232/cases/numeric-fast-downward-local/h-aibr__s-astar/changmin_05_barman/p004
numeric-fast-downward-local,h-iihmax__s-astar,iihmax,astar,changmin_05_barman,p004.pddl,timeout,true,timeout,300.201692,10665936,10665936,timeout,,157,,,not-run,,results/raw/changmin-heuristics-all-20260912-160327-347232/cases/numeric-fast-downward-local/h-iihmax__s-astar/changmin_05_barman/p004
numeric-fast-downward-local,h-iihadd__s-astar,iihadd,astar,changmin_05_barman,p004.pddl,timeout,true,timeout,300.193632,10540832,10540832,timeout,,16,,,not-run,,results/raw/changmin-heuristics-all-20260912-160327-347232/cases/numeric-fast-downward-local/h-iihadd__s-astar/changmin_05_barman/p004
numeric-fast-downward-local,h-iihff__s-astar,iihff,astar,changmin_05_barman,p004.pddl,timeout,true,timeout,300.057469,9335692,9335692,timeout,,34,,,not-run,,results/raw/changmin-heuristics-all-20260912-160327-347232/cases/numeric-fast-downward-local/h-iihff__s-astar/changmin_05_barman/p004
numeric-fast-downward-local,h-irhmax__s-astar,irhmax,astar,changmin_05_barman,p004.pddl,timeout,true,timeout,300.079991,261616,261616,timeout,,42168,,,not-run,,results/raw/changmin-heuristics-all-20260912-160327-347232/cases/numeric-fast-downward-local/h-irhmax__s-astar/changmin_05_barman/p004
numeric-fast-downward-local,h-irhadd__s-astar,irhadd,astar,changmin_05_barman,p004.pddl,solved,true,0,250.079167,578536,578536,,85,117678,204,204,valid,results/raw/changmin-heuristics-all-20260912-160327-347232/cases/numeric-fast-downward-local/h-irhadd__s-astar/changmin_05_barman/p004/plan.val,results/raw/changmin-heuristics-all-20260912-160327-347232/cases/numeric-fast-downward-local/h-irhadd__s-astar/changmin_05_barman/p004
numeric-fast-downward-local,h-irhff__s-astar,irhff,astar,changmin_05_barman,p004.pddl,timeout,true,timeout,300.019646,440220,440220,timeout,,23339,,,not-run,,results/raw/changmin-heuristics-all-20260912-160327-347232/cases/numeric-fast-downward-local/h-irhff__s-astar/changmin_05_barman/p004
numeric-fast-downward-local,h-lmcutnumeric__s-astar,lmcutnumeric,astar,changmin_06_assembly,p000.pddl,solved,true,0,0.224011,14080,4892,,6,7,6,6,valid,results/raw/changmin-heuristics-all-20260912-160327-347232/cases/numeric-fast-downward-local/h-lmcutnumeric__s-astar/changmin_06_assembly/p000/plan.val,results/raw/changmin-heuristics-all-20260912-160327-347232/cases/numeric-fast-downward-local/h-lmcutnumeric__s-astar/changmin_06_assembly/p000
numeric-fast-downward-local,h-aibr__s-astar,aibr,astar,changmin_06_assembly,p000.pddl,solved,true,0,0.214126,13948,4884,,6,8,6,6,valid,results/raw/changmin-heuristics-all-20260912-160327-347232/cases/numeric-fast-downward-local/h-aibr__s-astar/changmin_06_assembly/p000/plan.val,results/raw/changmin-heuristics-all-20260912-160327-347232/cases/numeric-fast-downward-local/h-aibr__s-astar/changmin_06_assembly/p000
numeric-fast-downward-local,h-iihmax__s-astar,iihmax,astar,changmin_06_assembly,p000.pddl,solved,true,0,0.226178,14076,7556,,6,7,6,6,valid,results/raw/changmin-heuristics-all-20260912-160327-347232/cases/numeric-fast-downward-local/h-iihmax__s-astar/changmin_06_assembly/p000/plan.val,results/raw/changmin-heuristics-all-20260912-160327-347232/cases/numeric-fast-downward-local/h-iihmax__s-astar/changmin_06_assembly/p000
numeric-fast-downward-local,h-iihadd__s-astar,iihadd,astar,changmin_06_assembly,p000.pddl,solved,true,0,0.223170,14080,7696,,6,7,6,6,valid,results/raw/changmin-heuristics-all-20260912-160327-347232/cases/numeric-fast-downward-local/h-iihadd__s-astar/changmin_06_assembly/p000/plan.val,results/raw/changmin-heuristics-all-20260912-160327-347232/cases/numeric-fast-downward-local/h-iihadd__s-astar/changmin_06_assembly/p000
numeric-fast-downward-local,h-iihff__s-astar,iihff,astar,changmin_06_assembly,p000.pddl,solved,true,0,0.215738,13952,4900,,6,7,6,6,valid,results/raw/changmin-heuristics-all-20260912-160327-347232/cases/numeric-fast-downward-local/h-iihff__s-astar/changmin_06_assembly/p000/plan.val,results/raw/changmin-heuristics-all-20260912-160327-347232/cases/numeric-fast-downward-local/h-iihff__s-astar/changmin_06_assembly/p000
numeric-fast-downward-local,h-irhmax__s-astar,irhmax,astar,changmin_06_assembly,p000.pddl,solved,true,0,0.219681,14204,4948,,6,7,6,6,valid,results/raw/changmin-heuristics-all-20260912-160327-347232/cases/numeric-fast-downward-local/h-irhmax__s-astar/changmin_06_assembly/p000/plan.val,results/raw/changmin-heuristics-all-20260912-160327-347232/cases/numeric-fast-downward-local/h-irhmax__s-astar/changmin_06_assembly/p000
numeric-fast-downward-local,h-irhadd__s-astar,irhadd,astar,changmin_06_assembly,p000.pddl,solved,true,0,0.215024,13952,9416,,6,7,6,6,valid,results/raw/changmin-heuristics-all-20260912-160327-347232/cases/numeric-fast-downward-local/h-irhadd__s-astar/changmin_06_assembly/p000/plan.val,results/raw/changmin-heuristics-all-20260912-160327-347232/cases/numeric-fast-downward-local/h-irhadd__s-astar/changmin_06_assembly/p000
numeric-fast-downward-local,h-irhff__s-astar,irhff,astar,changmin_06_assembly,p000.pddl,solved,true,0,0.221987,13824,7432,,6,7,6,6,valid,results/raw/changmin-heuristics-all-20260912-160327-347232/cases/numeric-fast-downward-local/h-irhff__s-astar/changmin_06_assembly/p000/plan.val,results/raw/changmin-heuristics-all-20260912-160327-347232/cases/numeric-fast-downward-local/h-irhff__s-astar/changmin_06_assembly/p000
numeric-fast-downward-local,h-numeric_pdb__s-astar,numeric_pdb,astar,changmin_06_assembly,p000.pddl,solved,true,0,0.219967,14080,4924,,6,7,6,6,valid,results/raw/changmin-heuristics-all-20260912-160327-347232/cases/numeric-fast-downward-local/h-numeric_pdb__s-astar/changmin_06_assembly/p000/plan.val,results/raw/changmin-heuristics-all-20260912-160327-347232/cases/numeric-fast-downward-local/h-numeric_pdb__s-astar/changmin_06_assembly/p000
numeric-fast-downward-local,h-lmcutnumeric__s-astar,lmcutnumeric,astar,changmin_06_assembly,p001.pddl,solved,true,0,0.219446,14576,4884,,35,117,90,90,valid,results/raw/changmin-heuristics-all-20260912-160327-347232/cases/numeric-fast-downward-local/h-lmcutnumeric__s-astar/changmin_06_assembly/p001/plan.val,results/raw/changmin-heuristics-all-20260912-160327-347232/cases/numeric-fast-downward-local/h-lmcutnumeric__s-astar/changmin_06_assembly/p001
numeric-fast-downward-local,h-aibr__s-astar,aibr,astar,changmin_06_assembly,p001.pddl,memory-limit,true,-15,16.295427,12726320,12726320,memory-limit,,2,,,not-run,,results/raw/changmin-heuristics-all-20260912-160327-347232/cases/numeric-fast-downward-local/h-aibr__s-astar/changmin_06_assembly/p001
numeric-fast-downward-local,h-iihmax__s-astar,iihmax,astar,changmin_06_assembly,p001.pddl,memory-limit,true,-15,12.645329,12778264,12778264,memory-limit,,0,,,not-run,,results/raw/changmin-heuristics-all-20260912-160327-347232/cases/numeric-fast-downward-local/h-iihmax__s-astar/changmin_06_assembly/p001
numeric-fast-downward-local,h-iihadd__s-astar,iihadd,astar,changmin_06_assembly,p001.pddl,memory-limit,true,-15,12.643630,12594492,12594492,memory-limit,,0,,,not-run,,results/raw/changmin-heuristics-all-20260912-160327-347232/cases/numeric-fast-downward-local/h-iihadd__s-astar/changmin_06_assembly/p001
numeric-fast-downward-local,h-iihff__s-astar,iihff,astar,changmin_06_assembly,p001.pddl,memory-limit,true,-15,12.653886,12654168,12654168,memory-limit,,0,,,not-run,,results/raw/changmin-heuristics-all-20260912-160327-347232/cases/numeric-fast-downward-local/h-iihff__s-astar/changmin_06_assembly/p001
numeric-fast-downward-local,h-irhmax__s-astar,irhmax,astar,changmin_06_assembly,p001.pddl,solved,true,0,0.215038,14336,9532,,37,132,90,90,valid,results/raw/changmin-heuristics-all-20260912-160327-347232/cases/numeric-fast-downward-local/h-irhmax__s-astar/changmin_06_assembly/p001/plan.val,results/raw/changmin-heuristics-all-20260912-160327-347232/cases/numeric-fast-downward-local/h-irhmax__s-astar/changmin_06_assembly/p001
numeric-fast-downward-local,h-irhadd__s-astar,irhadd,astar,changmin_06_assembly,p001.pddl,solved,true,0,0.217492,14592,1552,,43,79,94,94,valid,results/raw/changmin-heuristics-all-20260912-160327-347232/cases/numeric-fast-downward-local/h-irhadd__s-astar/changmin_06_assembly/p001/plan.val,results/raw/changmin-heuristics-all-20260912-160327-347232/cases/numeric-fast-downward-local/h-irhadd__s-astar/changmin_06_assembly/p001
numeric-fast-downward-local,h-irhff__s-astar,irhff,astar,changmin_06_assembly,p001.pddl,solved,true,0,0.215214,14592,9424,,37,105,90,90,valid,results/raw/changmin-heuristics-all-20260912-160327-347232/cases/numeric-fast-downward-local/h-irhff__s-astar/changmin_06_assembly/p001/plan.val,results/raw/changmin-heuristics-all-20260912-160327-347232/cases/numeric-fast-downward-local/h-irhff__s-astar/changmin_06_assembly/p001
numeric-fast-downward-local,h-numeric_pdb__s-astar,numeric_pdb,astar,changmin_06_assembly,p001.pddl,solved,true,0,0.223919,14460,9408,,37,178,90,90,valid,results/raw/changmin-heuristics-all-20260912-160327-347232/cases/numeric-fast-downward-local/h-numeric_pdb__s-astar/changmin_06_assembly/p001/plan.val,results/raw/changmin-heuristics-all-20260912-160327-347232/cases/numeric-fast-downward-local/h-numeric_pdb__s-astar/changmin_06_assembly/p001
numeric-fast-downward-local,h-lmcutnumeric__s-astar,lmcutnumeric,astar,changmin_06_assembly,p002.pddl,solved,true,0,0.214363,14972,9568,,54,5225,138,138,valid,results/raw/changmin-heuristics-all-20260912-160327-347232/cases/numeric-fast-downward-local/h-lmcutnumeric__s-astar/changmin_06_assembly/p002/plan.val,results/raw/changmin-heuristics-all-20260912-160327-347232/cases/numeric-fast-downward-local/h-lmcutnumeric__s-astar/changmin_06_assembly/p002
numeric-fast-downward-local,h-aibr__s-astar,aibr,astar,changmin_06_assembly,p002.pddl,memory-limit,true,-15,17.373123,12622116,12622116,memory-limit,,2,,,not-run,,results/raw/changmin-heuristics-all-20260912-160327-347232/cases/numeric-fast-downward-local/h-aibr__s-astar/changmin_06_assembly/p002
numeric-fast-downward-local,h-iihmax__s-astar,iihmax,astar,changmin_06_assembly,p002.pddl,memory-limit,true,-15,13.299811,12626412,12626412,memory-limit,,0,,,not-run,,results/raw/changmin-heuristics-all-20260912-160327-347232/cases/numeric-fast-downward-local/h-iihmax__s-astar/changmin_06_assembly/p002
numeric-fast-downward-local,h-iihadd__s-astar,iihadd,astar,changmin_06_assembly,p002.pddl,memory-limit,true,-15,13.740912,12671220,12671220,memory-limit,,0,,,not-run,,results/raw/changmin-heuristics-all-20260912-160327-347232/cases/numeric-fast-downward-local/h-iihadd__s-astar/changmin_06_assembly/p002
numeric-fast-downward-local,h-iihff__s-astar,iihff,astar,changmin_06_assembly,p002.pddl,memory-limit,true,-15,14.158411,12726012,12726012,memory-limit,,0,,,not-run,,results/raw/changmin-heuristics-all-20260912-160327-347232/cases/numeric-fast-downward-local/h-iihff__s-astar/changmin_06_assembly/p002
numeric-fast-downward-local,h-irhmax__s-astar,irhmax,astar,changmin_06_assembly,p002.pddl,solved,true,0,0.428656,24988,24988,,56,12771,138,138,valid,results/raw/changmin-heuristics-all-20260912-160327-347232/cases/numeric-fast-downward-local/h-irhmax__s-astar/changmin_06_assembly/p002/plan.val,results/raw/changmin-heuristics-all-20260912-160327-347232/cases/numeric-fast-downward-local/h-irhmax__s-astar/changmin_06_assembly/p002
numeric-fast-downward-local,h-irhadd__s-astar,irhadd,astar,changmin_06_assembly,p002.pddl,solved,true,0,0.214934,14972,9436,,62,216,148,148,valid,results/raw/changmin-heuristics-all-20260912-160327-347232/cases/numeric-fast-downward-local/h-irhadd__s-astar/changmin_06_assembly/p002/plan.val,results/raw/changmin-heuristics-all-20260912-160327-347232/cases/numeric-fast-downward-local/h-irhadd__s-astar/changmin_06_assembly/p002
numeric-fast-downward-local,h-irhff__s-astar,irhff,astar,changmin_06_assembly,p002.pddl,solved,true,0,0.214886,14976,9404,,58,255,146,146,valid,results/raw/changmin-heuristics-all-20260912-160327-347232/cases/numeric-fast-downward-local/h-irhff__s-astar/changmin_06_assembly/p002/plan.val,results/raw/changmin-heuristics-all-20260912-160327-347232/cases/numeric-fast-downward-local/h-irhff__s-astar/changmin_06_assembly/p002
numeric-fast-downward-local,h-numeric_pdb__s-astar,numeric_pdb,astar,changmin_06_assembly,p002.pddl,solved,true,0,0.216141,14836,5304,,56,14261,138,138,valid,results/raw/changmin-heuristics-all-20260912-160327-347232/cases/numeric-fast-downward-local/h-numeric_pdb__s-astar/changmin_06_assembly/p002/plan.val,results/raw/changmin-heuristics-all-20260912-160327-347232/cases/numeric-fast-downward-local/h-numeric_pdb__s-astar/changmin_06_assembly/p002
numeric-fast-downward-local,h-lmcutnumeric__s-astar,lmcutnumeric,astar,changmin_06_assembly,p003.pddl,solved,true,0,54.591983,812696,812696,,64,1098648,176,176,valid,results/raw/changmin-heuristics-all-20260912-160327-347232/cases/numeric-fast-downward-local/h-lmcutnumeric__s-astar/changmin_06_assembly/p003/plan.val,results/raw/changmin-heuristics-all-20260912-160327-347232/cases/numeric-fast-downward-local/h-lmcutnumeric__s-astar/changmin_06_assembly/p003
numeric-fast-downward-local,h-aibr__s-astar,aibr,astar,changmin_06_assembly,p003.pddl,memory-limit,true,-15,18.038624,12663272,12663272,memory-limit,,0,,,not-run,,results/raw/changmin-heuristics-all-20260912-160327-347232/cases/numeric-fast-downward-local/h-aibr__s-astar/changmin_06_assembly/p003
numeric-fast-downward-local,h-iihmax__s-astar,iihmax,astar,changmin_06_assembly,p003.pddl,memory-limit,true,-15,15.426879,12739916,12739916,memory-limit,,0,,,not-run,,results/raw/changmin-heuristics-all-20260912-160327-347232/cases/numeric-fast-downward-local/h-iihmax__s-astar/changmin_06_assembly/p003
numeric-fast-downward-local,h-iihadd__s-astar,iihadd,astar,changmin_06_assembly,p003.pddl,memory-limit,true,-15,15.662435,12603488,12603488,memory-limit,,0,,,not-run,,results/raw/changmin-heuristics-all-20260912-160327-347232/cases/numeric-fast-downward-local/h-iihadd__s-astar/changmin_06_assembly/p003
numeric-fast-downward-local,h-iihff__s-astar,iihff,astar,changmin_06_assembly,p003.pddl,memory-limit,true,-15,15.653953,12662368,12662368,memory-limit,,0,,,not-run,,results/raw/changmin-heuristics-all-20260912-160327-347232/cases/numeric-fast-downward-local/h-iihff__s-astar/changmin_06_assembly/p003
numeric-fast-downward-local,h-irhmax__s-astar,irhmax,astar,changmin_06_assembly,p003.pddl,solved,true,0,66.715945,1186348,1186348,,64,2211325,176,176,valid,results/raw/changmin-heuristics-all-20260912-160327-347232/cases/numeric-fast-downward-local/h-irhmax__s-astar/changmin_06_assembly/p003/plan.val,results/raw/changmin-heuristics-all-20260912-160327-347232/cases/numeric-fast-downward-local/h-irhmax__s-astar/changmin_06_assembly/p003
numeric-fast-downward-local,h-irhadd__s-astar,irhadd,astar,changmin_06_assembly,p003.pddl,solved,true,0,10.912391,358340,358340,,80,364698,198,198,valid,results/raw/changmin-heuristics-all-20260912-160327-347232/cases/numeric-fast-downward-local/h-irhadd__s-astar/changmin_06_assembly/p003/plan.val,results/raw/changmin-heuristics-all-20260912-160327-347232/cases/numeric-fast-downward-local/h-irhadd__s-astar/changmin_06_assembly/p003
numeric-fast-downward-local,h-irhff__s-astar,irhff,astar,changmin_06_assembly,p003.pddl,solved,true,0,0.641083,33624,33624,,70,8648,196,196,valid,results/raw/changmin-heuristics-all-20260912-160327-347232/cases/numeric-fast-downward-local/h-irhff__s-astar/changmin_06_assembly/p003/plan.val,results/raw/changmin-heuristics-all-20260912-160327-347232/cases/numeric-fast-downward-local/h-irhff__s-astar/changmin_06_assembly/p003
numeric-fast-downward-local,h-numeric_pdb__s-astar,numeric_pdb,astar,changmin_06_assembly,p003.pddl,solved,true,0,22.697050,1186596,1186596,,64,2261838,176,176,valid,results/raw/changmin-heuristics-all-20260912-160327-347232/cases/numeric-fast-downward-local/h-numeric_pdb__s-astar/changmin_06_assembly/p003/plan.val,results/raw/changmin-heuristics-all-20260912-160327-347232/cases/numeric-fast-downward-local/h-numeric_pdb__s-astar/changmin_06_assembly/p003
numeric-fast-downward-local,h-lmcutnumeric__s-astar,lmcutnumeric,astar,changmin_06_assembly,p004.pddl,timeout,true,timeout,300.120760,3932024,3932024,timeout,,2766418,,,not-run,,results/raw/changmin-heuristics-all-20260912-160327-347232/cases/numeric-fast-downward-local/h-lmcutnumeric__s-astar/changmin_06_assembly/p004
numeric-fast-downward-local,h-aibr__s-astar,aibr,astar,changmin_06_assembly,p004.pddl,memory-limit,true,-15,18.445602,12647404,12647404,memory-limit,,0,,,not-run,,results/raw/changmin-heuristics-all-20260912-160327-347232/cases/numeric-fast-downward-local/h-aibr__s-astar/changmin_06_assembly/p004
numeric-fast-downward-local,h-iihmax__s-astar,iihmax,astar,changmin_06_assembly,p004.pddl,memory-limit,true,-15,16.710132,12716132,12716132,memory-limit,,0,,,not-run,,results/raw/changmin-heuristics-all-20260912-160327-347232/cases/numeric-fast-downward-local/h-iihmax__s-astar/changmin_06_assembly/p004
numeric-fast-downward-local,h-iihadd__s-astar,iihadd,astar,changmin_06_assembly,p004.pddl,memory-limit,true,-15,16.923755,12586356,12586356,memory-limit,,0,,,not-run,,results/raw/changmin-heuristics-all-20260912-160327-347232/cases/numeric-fast-downward-local/h-iihadd__s-astar/changmin_06_assembly/p004
numeric-fast-downward-local,h-iihff__s-astar,iihff,astar,changmin_06_assembly,p004.pddl,memory-limit,true,-15,17.367231,12679052,12679052,memory-limit,,0,,,not-run,,results/raw/changmin-heuristics-all-20260912-160327-347232/cases/numeric-fast-downward-local/h-iihff__s-astar/changmin_06_assembly/p004
numeric-fast-downward-local,h-irhmax__s-astar,irhmax,astar,changmin_06_assembly,p004.pddl,timeout,true,timeout,300.141011,5447360,5447360,timeout,,4813032,,,not-run,,results/raw/changmin-heuristics-all-20260912-160327-347232/cases/numeric-fast-downward-local/h-irhmax__s-astar/changmin_06_assembly/p004
numeric-fast-downward-local,h-irhadd__s-astar,irhadd,astar,changmin_06_assembly,p004.pddl,timeout,true,timeout,300.066282,9693416,9693416,timeout,,5179273,,,not-run,,results/raw/changmin-heuristics-all-20260912-160327-347232/cases/numeric-fast-downward-local/h-irhadd__s-astar/changmin_06_assembly/p004
numeric-fast-downward-local,h-irhff__s-astar,irhff,astar,changmin_06_assembly,p004.pddl,solved,true,0,0.212598,16640,8708,,95,1231,279,279,valid,results/raw/changmin-heuristics-all-20260912-160327-347232/cases/numeric-fast-downward-local/h-irhff__s-astar/changmin_06_assembly/p004/plan.val,results/raw/changmin-heuristics-all-20260912-160327-347232/cases/numeric-fast-downward-local/h-irhff__s-astar/changmin_06_assembly/p004
numeric-fast-downward-local,h-numeric_pdb__s-astar,numeric_pdb,astar,changmin_06_assembly,p004.pddl,memory-limit,true,-15,195.797242,12589828,12589828,memory-limit,,16389009,,,not-run,,results/raw/changmin-heuristics-all-20260912-160327-347232/cases/numeric-fast-downward-local/h-numeric_pdb__s-astar/changmin_06_assembly/p004
optic,h-rpg__s-default,rpg,default,changmin_01_blocksworld,p000.pddl,solved,true,0,0.219024,11776,4932,,1,,1.000,1,valid,results/raw/changmin-heuristics-all-20260912-160327-347232/cases/optic/h-rpg__s-default/changmin_01_blocksworld/p000/plan.val,results/raw/changmin-heuristics-all-20260912-160327-347232/cases/optic/h-rpg__s-default/changmin_01_blocksworld/p000
optic,h-rpg__s-default,rpg,default,changmin_01_blocksworld,p001.pddl,unsolved,true,1,0.222183,10112,8748,,,,,,not-run,,results/raw/changmin-heuristics-all-20260912-160327-347232/cases/optic/h-rpg__s-default/changmin_01_blocksworld/p001
optic,h-rpg__s-default,rpg,default,changmin_01_blocksworld,p002.pddl,unsolved,true,1,0.218732,10240,9280,,,,,,not-run,,results/raw/changmin-heuristics-all-20260912-160327-347232/cases/optic/h-rpg__s-default/changmin_01_blocksworld/p002
optic,h-rpg__s-default,rpg,default,changmin_01_blocksworld,p003.pddl,unsolved,true,1,0.223195,10368,9232,,,,,,not-run,,results/raw/changmin-heuristics-all-20260912-160327-347232/cases/optic/h-rpg__s-default/changmin_01_blocksworld/p003
optic,h-rpg__s-default,rpg,default,changmin_01_blocksworld,p004.pddl,unsolved,true,1,0.214881,10880,1552,,,,,,not-run,,results/raw/changmin-heuristics-all-20260912-160327-347232/cases/optic/h-rpg__s-default/changmin_01_blocksworld/p004
optic,h-rpg__s-default,rpg,default,changmin_02_logistics,p000.pddl,unsolved,true,1,0.214704,9856,0,,,,,,not-run,,results/raw/changmin-heuristics-all-20260912-160327-347232/cases/optic/h-rpg__s-default/changmin_02_logistics/p000
optic,h-rpg__s-default,rpg,default,changmin_02_logistics,p001.pddl,unsolved,true,1,0.214720,10368,1552,,,,,,not-run,,results/raw/changmin-heuristics-all-20260912-160327-347232/cases/optic/h-rpg__s-default/changmin_02_logistics/p001
optic,h-rpg__s-default,rpg,default,changmin_02_logistics,p002.pddl,unsolved,true,1,0.215383,11904,1556,,,,,,not-run,,results/raw/changmin-heuristics-all-20260912-160327-347232/cases/optic/h-rpg__s-default/changmin_02_logistics/p002
optic,h-rpg__s-default,rpg,default,changmin_02_logistics,p003.pddl,unsolved,true,1,0.214573,13312,1552,,,,,,not-run,,results/raw/changmin-heuristics-all-20260912-160327-347232/cases/optic/h-rpg__s-default/changmin_02_logistics/p003
optic,h-rpg__s-default,rpg,default,changmin_02_logistics,p004.pddl,unsolved,true,1,0.215015,14360,1556,,,,,,not-run,,results/raw/changmin-heuristics-all-20260912-160327-347232/cases/optic/h-rpg__s-default/changmin_02_logistics/p004
optic,h-rpg__s-default,rpg,default,changmin_03_books,p000.pddl,unsolved,true,1,0.214765,10112,0,,,,,,not-run,,results/raw/changmin-heuristics-all-20260912-160327-347232/cases/optic/h-rpg__s-default/changmin_03_books/p000
optic,h-rpg__s-default,rpg,default,changmin_03_books,p001.pddl,unsolved,true,1,0.214737,10496,1552,,,,,,not-run,,results/raw/changmin-heuristics-all-20260912-160327-347232/cases/optic/h-rpg__s-default/changmin_03_books/p001
optic,h-rpg__s-default,rpg,default,changmin_03_books,p002.pddl,unsolved,true,1,0.214267,10880,1556,,,,,,not-run,,results/raw/changmin-heuristics-all-20260912-160327-347232/cases/optic/h-rpg__s-default/changmin_03_books/p002
optic,h-rpg__s-default,rpg,default,changmin_03_books,p003.pddl,unsolved,true,1,0.214821,11392,10196,,,,,,not-run,,results/raw/changmin-heuristics-all-20260912-160327-347232/cases/optic/h-rpg__s-default/changmin_03_books/p003
optic,h-rpg__s-default,rpg,default,changmin_03_books,p004.pddl,unsolved,true,1,0.214492,12032,1556,,,,,,not-run,,results/raw/changmin-heuristics-all-20260912-160327-347232/cases/optic/h-rpg__s-default/changmin_03_books/p004
optic,h-rpg__s-default,rpg,default,changmin_04_watering,p000.pddl,unsolved,true,1,0.214569,9984,0,,,,,,not-run,,results/raw/changmin-heuristics-all-20260912-160327-347232/cases/optic/h-rpg__s-default/changmin_04_watering/p000
optic,h-rpg__s-default,rpg,default,changmin_04_watering,p001.pddl,unsolved,true,1,0.214747,10112,0,,,,,,not-run,,results/raw/changmin-heuristics-all-20260912-160327-347232/cases/optic/h-rpg__s-default/changmin_04_watering/p001
optic,h-rpg__s-default,rpg,default,changmin_04_watering,p002.pddl,unsolved,true,1,0.214676,10112,0,,,,,,not-run,,results/raw/changmin-heuristics-all-20260912-160327-347232/cases/optic/h-rpg__s-default/changmin_04_watering/p002
optic,h-rpg__s-default,rpg,default,changmin_04_watering,p003.pddl,unsolved,true,1,0.214341,10240,0,,,,,,not-run,,results/raw/changmin-heuristics-all-20260912-160327-347232/cases/optic/h-rpg__s-default/changmin_04_watering/p003
optic,h-rpg__s-default,rpg,default,changmin_04_watering,p004.pddl,unsolved,true,1,0.214448,10240,0,,,,,,not-run,,results/raw/changmin-heuristics-all-20260912-160327-347232/cases/optic/h-rpg__s-default/changmin_04_watering/p004
optic,h-rpg__s-default,rpg,default,changmin_05_barman,p000.pddl,unsolved,true,1,0.214516,10240,0,,,,,,not-run,,results/raw/changmin-heuristics-all-20260912-160327-347232/cases/optic/h-rpg__s-default/changmin_05_barman/p000
optic,h-rpg__s-default,rpg,default,changmin_05_barman,p001.pddl,unsolved,true,1,0.214644,11904,1552,,,,,,not-run,,results/raw/changmin-heuristics-all-20260912-160327-347232/cases/optic/h-rpg__s-default/changmin_05_barman/p001
optic,h-rpg__s-default,rpg,default,changmin_05_barman,p002.pddl,unsolved,true,1,0.214730,13696,1556,,,,,,not-run,,results/raw/changmin-heuristics-all-20260912-160327-347232/cases/optic/h-rpg__s-default/changmin_05_barman/p002
optic,h-rpg__s-default,rpg,default,changmin_05_barman,p003.pddl,unsolved,true,1,0.214535,18728,1552,,,,,,not-run,,results/raw/changmin-heuristics-all-20260912-160327-347232/cases/optic/h-rpg__s-default/changmin_05_barman/p003
optic,h-rpg__s-default,rpg,default,changmin_05_barman,p004.pddl,unsolved,true,1,0.214729,22688,1552,,,,,,not-run,,results/raw/changmin-heuristics-all-20260912-160327-347232/cases/optic/h-rpg__s-default/changmin_05_barman/p004
optic,h-rpg__s-default,rpg,default,changmin_06_assembly,p000.pddl,unsolved,true,1,0.212646,9984,0,,,,,,not-run,,results/raw/changmin-heuristics-all-20260912-160327-347232/cases/optic/h-rpg__s-default/changmin_06_assembly/p000
optic,h-rpg__s-default,rpg,default,changmin_06_assembly,p001.pddl,unsolved,true,1,0.214334,10240,0,,,,,,not-run,,results/raw/changmin-heuristics-all-20260912-160327-347232/cases/optic/h-rpg__s-default/changmin_06_assembly/p001
optic,h-rpg__s-default,rpg,default,changmin_06_assembly,p002.pddl,unsolved,true,1,0.214664,10240,0,,,,,,not-run,,results/raw/changmin-heuristics-all-20260912-160327-347232/cases/optic/h-rpg__s-default/changmin_06_assembly/p002
optic,h-rpg__s-default,rpg,default,changmin_06_assembly,p003.pddl,unsolved,true,1,0.214565,10368,1552,,,,,,not-run,,results/raw/changmin-heuristics-all-20260912-160327-347232/cases/optic/h-rpg__s-default/changmin_06_assembly/p003
optic,h-rpg__s-default,rpg,default,changmin_06_assembly,p004.pddl,unsolved,true,1,0.215052,10624,1556,,,,,,not-run,,results/raw/changmin-heuristics-all-20260912-160327-347232/cases/optic/h-rpg__s-default/changmin_06_assembly/p004
optic-cplex,h-rpg__s-default,rpg,default,changmin_01_blocksworld,p000.pddl,solved,true,0,0.214990,11136,1552,,1,,1.000,1,valid,results/raw/changmin-heuristics-all-20260912-160327-347232/cases/optic-cplex/h-rpg__s-default/changmin_01_blocksworld/p000/plan.val,results/raw/changmin-heuristics-all-20260912-160327-347232/cases/optic-cplex/h-rpg__s-default/changmin_01_blocksworld/p000
optic-cplex,h-rpg__s-default,rpg,default,changmin_01_blocksworld,p001.pddl,solved,true,0,0.215828,14148,14148,,8,,8.000,8,valid,results/raw/changmin-heuristics-all-20260912-160327-347232/cases/optic-cplex/h-rpg__s-default/changmin_01_blocksworld/p001/plan.val,results/raw/changmin-heuristics-all-20260912-160327-347232/cases/optic-cplex/h-rpg__s-default/changmin_01_blocksworld/p001
optic-cplex,h-rpg__s-default,rpg,default,changmin_01_blocksworld,p002.pddl,solved,true,0,10.477784,250700,250700,,16,,16.000,16,valid,results/raw/changmin-heuristics-all-20260912-160327-347232/cases/optic-cplex/h-rpg__s-default/changmin_01_blocksworld/p002/plan.val,results/raw/changmin-heuristics-all-20260912-160327-347232/cases/optic-cplex/h-rpg__s-default/changmin_01_blocksworld/p002
optic-cplex,h-rpg__s-default,rpg,default,changmin_01_blocksworld,p003.pddl,timeout,true,timeout,300.073819,7294104,7294104,timeout,,,,,not-run,,results/raw/changmin-heuristics-all-20260912-160327-347232/cases/optic-cplex/h-rpg__s-default/changmin_01_blocksworld/p003
optic-cplex,h-rpg__s-default,rpg,default,changmin_01_blocksworld,p004.pddl,timeout,true,timeout,300.236701,3954016,3954016,timeout,,,,,not-run,,results/raw/changmin-heuristics-all-20260912-160327-347232/cases/optic-cplex/h-rpg__s-default/changmin_01_blocksworld/p004
optic-cplex,h-rpg__s-default,rpg,default,changmin_02_logistics,p000.pddl,solved,true,0,0.222080,13400,13400,,3,,4.000,4,valid,results/raw/changmin-heuristics-all-20260912-160327-347232/cases/optic-cplex/h-rpg__s-default/changmin_02_logistics/p000/plan.val,results/raw/changmin-heuristics-all-20260912-160327-347232/cases/optic-cplex/h-rpg__s-default/changmin_02_logistics/p000
optic-cplex,h-rpg__s-default,rpg,default,changmin_02_logistics,p001.pddl,solved,true,timeout,300.130436,7678292,7678292,timeout,244,,,,invalid,results/raw/changmin-heuristics-all-20260912-160327-347232/cases/optic-cplex/h-rpg__s-default/changmin_02_logistics/p001/plan.val,results/raw/changmin-heuristics-all-20260912-160327-347232/cases/optic-cplex/h-rpg__s-default/changmin_02_logistics/p001
optic-cplex,h-rpg__s-default,rpg,default,changmin_02_logistics,p002.pddl,memory-limit,true,-15,208.488588,12585792,12585792,memory-limit,,,,,not-run,,results/raw/changmin-heuristics-all-20260912-160327-347232/cases/optic-cplex/h-rpg__s-default/changmin_02_logistics/p002
optic-cplex,h-rpg__s-default,rpg,default,changmin_02_logistics,p003.pddl,solved,true,timeout,300.219499,5680816,5680816,timeout,74,,,869,valid,results/raw/changmin-heuristics-all-20260912-160327-347232/cases/optic-cplex/h-rpg__s-default/changmin_02_logistics/p003/plan.val,results/raw/changmin-heuristics-all-20260912-160327-347232/cases/optic-cplex/h-rpg__s-default/changmin_02_logistics/p003
optic-cplex,h-rpg__s-default,rpg,default,changmin_02_logistics,p004.pddl,solved,true,timeout,300.229394,6601952,6601952,timeout,341,,,,invalid,results/raw/changmin-heuristics-all-20260912-160327-347232/cases/optic-cplex/h-rpg__s-default/changmin_02_logistics/p004/plan.val,results/raw/changmin-heuristics-all-20260912-160327-347232/cases/optic-cplex/h-rpg__s-default/changmin_02_logistics/p004
optic-cplex,h-rpg__s-default,rpg,default,changmin_03_books,p000.pddl,solved,true,0,0.220765,13216,13216,,2,,2.000,2,valid,results/raw/changmin-heuristics-all-20260912-160327-347232/cases/optic-cplex/h-rpg__s-default/changmin_03_books/p000/plan.val,results/raw/changmin-heuristics-all-20260912-160327-347232/cases/optic-cplex/h-rpg__s-default/changmin_03_books/p000
optic-cplex,h-rpg__s-default,rpg,default,changmin_03_books,p001.pddl,memory-limit,true,-15,175.334205,12596784,12596784,memory-limit,,,,,not-run,,results/raw/changmin-heuristics-all-20260912-160327-347232/cases/optic-cplex/h-rpg__s-default/changmin_03_books/p001
optic-cplex,h-rpg__s-default,rpg,default,changmin_03_books,p002.pddl,memory-limit,true,-15,173.213402,12590960,12590960,memory-limit,,,,,not-run,,results/raw/changmin-heuristics-all-20260912-160327-347232/cases/optic-cplex/h-rpg__s-default/changmin_03_books/p002
optic-cplex,h-rpg__s-default,rpg,default,changmin_03_books,p003.pddl,memory-limit,true,-15,170.131208,12600168,12600168,memory-limit,,,,,not-run,,results/raw/changmin-heuristics-all-20260912-160327-347232/cases/optic-cplex/h-rpg__s-default/changmin_03_books/p003
optic-cplex,h-rpg__s-default,rpg,default,changmin_03_books,p004.pddl,memory-limit,true,-15,175.304247,12589756,12589756,memory-limit,,,,,not-run,,results/raw/changmin-heuristics-all-20260912-160327-347232/cases/optic-cplex/h-rpg__s-default/changmin_03_books/p004
optic-cplex,h-rpg__s-default,rpg,default,changmin_04_watering,p000.pddl,solved,true,0,0.216104,13088,13088,,3,,3.000,3,valid,results/raw/changmin-heuristics-all-20260912-160327-347232/cases/optic-cplex/h-rpg__s-default/changmin_04_watering/p000/plan.val,results/raw/changmin-heuristics-all-20260912-160327-347232/cases/optic-cplex/h-rpg__s-default/changmin_04_watering/p000
optic-cplex,h-rpg__s-default,rpg,default,changmin_04_watering,p001.pddl,solved,true,timeout,300.119624,8655568,8655568,timeout,97,,,,invalid,results/raw/changmin-heuristics-all-20260912-160327-347232/cases/optic-cplex/h-rpg__s-default/changmin_04_watering/p001/plan.val,results/raw/changmin-heuristics-all-20260912-160327-347232/cases/optic-cplex/h-rpg__s-default/changmin_04_watering/p001
optic-cplex,h-rpg__s-default,rpg,default,changmin_04_watering,p002.pddl,solved,true,timeout,300.212705,8809288,8809288,timeout,156,,,,invalid,results/raw/changmin-heuristics-all-20260912-160327-347232/cases/optic-cplex/h-rpg__s-default/changmin_04_watering/p002/plan.val,results/raw/changmin-heuristics-all-20260912-160327-347232/cases/optic-cplex/h-rpg__s-default/changmin_04_watering/p002
optic-cplex,h-rpg__s-default,rpg,default,changmin_04_watering,p003.pddl,solved,true,timeout,300.146922,9672704,9672704,timeout,97,,,,invalid,results/raw/changmin-heuristics-all-20260912-160327-347232/cases/optic-cplex/h-rpg__s-default/changmin_04_watering/p003/plan.val,results/raw/changmin-heuristics-all-20260912-160327-347232/cases/optic-cplex/h-rpg__s-default/changmin_04_watering/p003
optic-cplex,h-rpg__s-default,rpg,default,changmin_04_watering,p004.pddl,solved,true,timeout,300.204670,10860044,10860044,timeout,116,,,,invalid,results/raw/changmin-heuristics-all-20260912-160327-347232/cases/optic-cplex/h-rpg__s-default/changmin_04_watering/p004/plan.val,results/raw/changmin-heuristics-all-20260912-160327-347232/cases/optic-cplex/h-rpg__s-default/changmin_04_watering/p004
optic-cplex,h-rpg__s-default,rpg,default,changmin_05_barman,p000.pddl,solved,true,0,0.222532,15488,11492,,3,,3.000,3,valid,results/raw/changmin-heuristics-all-20260912-160327-347232/cases/optic-cplex/h-rpg__s-default/changmin_05_barman/p000/plan.val,results/raw/changmin-heuristics-all-20260912-160327-347232/cases/optic-cplex/h-rpg__s-default/changmin_05_barman/p000
optic-cplex,h-rpg__s-default,rpg,default,changmin_05_barman,p001.pddl,solved,true,timeout,300.182808,6804724,6804724,timeout,61,,,141,valid,results/raw/changmin-heuristics-all-20260912-160327-347232/cases/optic-cplex/h-rpg__s-default/changmin_05_barman/p001/plan.val,results/raw/changmin-heuristics-all-20260912-160327-347232/cases/optic-cplex/h-rpg__s-default/changmin_05_barman/p001
optic-cplex,h-rpg__s-default,rpg,default,changmin_05_barman,p002.pddl,solved,true,timeout,300.102172,3722704,3722704,timeout,72,,,150,valid,results/raw/changmin-heuristics-all-20260912-160327-347232/cases/optic-cplex/h-rpg__s-default/changmin_05_barman/p002/plan.val,results/raw/changmin-heuristics-all-20260912-160327-347232/cases/optic-cplex/h-rpg__s-default/changmin_05_barman/p002
optic-cplex,h-rpg__s-default,rpg,default,changmin_05_barman,p003.pddl,timeout,true,timeout,300.025082,8613360,8613360,timeout,,,,,not-run,,results/raw/changmin-heuristics-all-20260912-160327-347232/cases/optic-cplex/h-rpg__s-default/changmin_05_barman/p003
optic-cplex,h-rpg__s-default,rpg,default,changmin_05_barman,p004.pddl,timeout,true,timeout,300.024594,5221948,5221948,timeout,,,,,not-run,,results/raw/changmin-heuristics-all-20260912-160327-347232/cases/optic-cplex/h-rpg__s-default/changmin_05_barman/p004
optic-cplex,h-rpg__s-default,rpg,default,changmin_06_assembly,p000.pddl,solved,true,0,0.219935,12416,4852,,6,,6.000,6,valid,results/raw/changmin-heuristics-all-20260912-160327-347232/cases/optic-cplex/h-rpg__s-default/changmin_06_assembly/p000/plan.val,results/raw/changmin-heuristics-all-20260912-160327-347232/cases/optic-cplex/h-rpg__s-default/changmin_06_assembly/p000
optic-cplex,h-rpg__s-default,rpg,default,changmin_06_assembly,p001.pddl,solved,true,timeout,300.200844,11964284,11964284,timeout,74,,,,invalid,results/raw/changmin-heuristics-all-20260912-160327-347232/cases/optic-cplex/h-rpg__s-default/changmin_06_assembly/p001/plan.val,results/raw/changmin-heuristics-all-20260912-160327-347232/cases/optic-cplex/h-rpg__s-default/changmin_06_assembly/p001
optic-cplex,h-rpg__s-default,rpg,default,changmin_06_assembly,p002.pddl,memory-limit,true,-15,244.728433,12589364,12589364,memory-limit,,,,,not-run,,results/raw/changmin-heuristics-all-20260912-160327-347232/cases/optic-cplex/h-rpg__s-default/changmin_06_assembly/p002
optic-cplex,h-rpg__s-default,rpg,default,changmin_06_assembly,p003.pddl,memory-limit,true,-15,209.805557,12592896,12592896,memory-limit,,,,,not-run,,results/raw/changmin-heuristics-all-20260912-160327-347232/cases/optic-cplex/h-rpg__s-default/changmin_06_assembly/p003
optic-cplex,h-rpg__s-default,rpg,default,changmin_06_assembly,p004.pddl,memory-limit,true,-15,204.692886,12584512,12584512,memory-limit,,,,,not-run,,results/raw/changmin-heuristics-all-20260912-160327-347232/cases/optic-cplex/h-rpg__s-default/changmin_06_assembly/p004
panino-lnp-agile,h-hadd-novelty__s-fixed,hadd-novelty,fixed,changmin_01_blocksworld,p000.pddl,solved,true,0,0.436291,70308,70308,,1,2,1.0,1,valid,results/raw/changmin-heuristics-all-20260912-160327-347232/cases/panino-lnp-agile/h-hadd-novelty__s-fixed/changmin_01_blocksworld/p000/plan.val,results/raw/changmin-heuristics-all-20260912-160327-347232/cases/panino-lnp-agile/h-hadd-novelty__s-fixed/changmin_01_blocksworld/p000
panino-lnp-agile,h-hadd-novelty__s-fixed,hadd-novelty,fixed,changmin_01_blocksworld,p001.pddl,solved,true,0,0.213459,71972,25004,,8,14,8.0,8,valid,results/raw/changmin-heuristics-all-20260912-160327-347232/cases/panino-lnp-agile/h-hadd-novelty__s-fixed/changmin_01_blocksworld/p001/plan.val,results/raw/changmin-heuristics-all-20260912-160327-347232/cases/panino-lnp-agile/h-hadd-novelty__s-fixed/changmin_01_blocksworld/p001
panino-lnp-agile,h-hadd-novelty__s-fixed,hadd-novelty,fixed,changmin_01_blocksworld,p002.pddl,solved,true,0,0.432110,74980,68788,,30,75,30.0,30,valid,results/raw/changmin-heuristics-all-20260912-160327-347232/cases/panino-lnp-agile/h-hadd-novelty__s-fixed/changmin_01_blocksworld/p002/plan.val,results/raw/changmin-heuristics-all-20260912-160327-347232/cases/panino-lnp-agile/h-hadd-novelty__s-fixed/changmin_01_blocksworld/p002
panino-lnp-agile,h-hadd-novelty__s-fixed,hadd-novelty,fixed,changmin_01_blocksworld,p003.pddl,solved,true,0,0.441814,78056,72124,,68,189,68.0,68,valid,results/raw/changmin-heuristics-all-20260912-160327-347232/cases/panino-lnp-agile/h-hadd-novelty__s-fixed/changmin_01_blocksworld/p003/plan.val,results/raw/changmin-heuristics-all-20260912-160327-347232/cases/panino-lnp-agile/h-hadd-novelty__s-fixed/changmin_01_blocksworld/p003
panino-lnp-agile,h-hadd-novelty__s-fixed,hadd-novelty,fixed,changmin_01_blocksworld,p004.pddl,solved,true,0,0.648544,105072,77360,,106,831,106.0,106,valid,results/raw/changmin-heuristics-all-20260912-160327-347232/cases/panino-lnp-agile/h-hadd-novelty__s-fixed/changmin_01_blocksworld/p004/plan.val,results/raw/changmin-heuristics-all-20260912-160327-347232/cases/panino-lnp-agile/h-hadd-novelty__s-fixed/changmin_01_blocksworld/p004
panino-lnp-agile,h-hadd-novelty__s-fixed,hadd-novelty,fixed,changmin_02_logistics,p000.pddl,solved,true,0,0.213220,72000,25136,,3,4,4.0,4,valid,results/raw/changmin-heuristics-all-20260912-160327-347232/cases/panino-lnp-agile/h-hadd-novelty__s-fixed/changmin_02_logistics/p000/plan.val,results/raw/changmin-heuristics-all-20260912-160327-347232/cases/panino-lnp-agile/h-hadd-novelty__s-fixed/changmin_02_logistics/p000
panino-lnp-agile,h-hadd-novelty__s-fixed,hadd-novelty,fixed,changmin_02_logistics,p001.pddl,solved,true,0,0.438723,78252,74000,,12,17,126.0,126,valid,results/raw/changmin-heuristics-all-20260912-160327-347232/cases/panino-lnp-agile/h-hadd-novelty__s-fixed/changmin_02_logistics/p001/plan.val,results/raw/changmin-heuristics-all-20260912-160327-347232/cases/panino-lnp-agile/h-hadd-novelty__s-fixed/changmin_02_logistics/p001
panino-lnp-agile,h-hadd-novelty__s-fixed,hadd-novelty,fixed,changmin_02_logistics,p002.pddl,solved,true,0,3.698956,1808016,1674316,,31,4559,302.0,302,valid,results/raw/changmin-heuristics-all-20260912-160327-347232/cases/panino-lnp-agile/h-hadd-novelty__s-fixed/changmin_02_logistics/p002/plan.val,results/raw/changmin-heuristics-all-20260912-160327-347232/cases/panino-lnp-agile/h-hadd-novelty__s-fixed/changmin_02_logistics/p002
panino-lnp-agile,h-hadd-novelty__s-fixed,hadd-novelty,fixed,changmin_02_logistics,p003.pddl,solved,true,0,24.336808,1815524,1778988,,65,30332,780.0,780,valid,results/raw/changmin-heuristics-all-20260912-160327-347232/cases/panino-lnp-agile/h-hadd-novelty__s-fixed/changmin_02_logistics/p003/plan.val,results/raw/changmin-heuristics-all-20260912-160327-347232/cases/panino-lnp-agile/h-hadd-novelty__s-fixed/changmin_02_logistics/p003
panino-lnp-agile,h-hadd-novelty__s-fixed,hadd-novelty,fixed,changmin_02_logistics,p004.pddl,solved,true,0,2.390090,1565900,1556076,,47,103,629.0,629,valid,results/raw/changmin-heuristics-all-20260912-160327-347232/cases/panino-lnp-agile/h-hadd-novelty__s-fixed/changmin_02_logistics/p004/plan.val,results/raw/changmin-heuristics-all-20260912-160327-347232/cases/panino-lnp-agile/h-hadd-novelty__s-fixed/changmin_02_logistics/p004
panino-lnp-agile,h-hadd-novelty__s-fixed,hadd-novelty,fixed,changmin_03_books,p000.pddl,solved,true,0,0.424895,74860,25900,,2,3,2.0,2,valid,results/raw/changmin-heuristics-all-20260912-160327-347232/cases/panino-lnp-agile/h-hadd-novelty__s-fixed/changmin_03_books/p000/plan.val,results/raw/changmin-heuristics-all-20260912-160327-347232/cases/panino-lnp-agile/h-hadd-novelty__s-fixed/changmin_03_books/p000
panino-lnp-agile,h-hadd-novelty__s-fixed,hadd-novelty,fixed,changmin_03_books,p001.pddl,solved,true,0,0.435255,80912,73460,,40,126,136.0,136,valid,results/raw/changmin-heuristics-all-20260912-160327-347232/cases/panino-lnp-agile/h-hadd-novelty__s-fixed/changmin_03_books/p001/plan.val,results/raw/changmin-heuristics-all-20260912-160327-347232/cases/panino-lnp-agile/h-hadd-novelty__s-fixed/changmin_03_books/p001
panino-lnp-agile,h-hadd-novelty__s-fixed,hadd-novelty,fixed,changmin_03_books,p002.pddl,solved,true,0,1.310862,613660,599724,,82,2875,336.0,336,valid,results/raw/changmin-heuristics-all-20260912-160327-347232/cases/panino-lnp-agile/h-hadd-novelty__s-fixed/changmin_03_books/p002/plan.val,results/raw/changmin-heuristics-all-20260912-160327-347232/cases/panino-lnp-agile/h-hadd-novelty__s-fixed/changmin_03_books/p002
panino-lnp-agile,h-hadd-novelty__s-fixed,hadd-novelty,fixed,changmin_03_books,p003.pddl,solved,true,0,5.389995,2633500,2624424,,117,4933,552.0,552,valid,results/raw/changmin-heuristics-all-20260912-160327-347232/cases/panino-lnp-agile/h-hadd-novelty__s-fixed/changmin_03_books/p003/plan.val,results/raw/changmin-heuristics-all-20260912-160327-347232/cases/panino-lnp-agile/h-hadd-novelty__s-fixed/changmin_03_books/p003
panino-lnp-agile,h-hadd-novelty__s-fixed,hadd-novelty,fixed,changmin_03_books,p004.pddl,solved,true,0,18.159107,2738860,2674560,,170,26368,588.0,588,valid,results/raw/changmin-heuristics-all-20260912-160327-347232/cases/panino-lnp-agile/h-hadd-novelty__s-fixed/changmin_03_books/p004/plan.val,results/raw/changmin-heuristics-all-20260912-160327-347232/cases/panino-lnp-agile/h-hadd-novelty__s-fixed/changmin_03_books/p004
panino-lnp-agile,h-hadd-novelty__s-fixed,hadd-novelty,fixed,changmin_04_watering,p000.pddl,solved,true,0,0.211785,71284,21552,,3,4,3.0,3,valid,results/raw/changmin-heuristics-all-20260912-160327-347232/cases/panino-lnp-agile/h-hadd-novelty__s-fixed/changmin_04_watering/p000/plan.val,results/raw/changmin-heuristics-all-20260912-160327-347232/cases/panino-lnp-agile/h-hadd-novelty__s-fixed/changmin_04_watering/p000
panino-lnp-agile,h-hadd-novelty__s-fixed,hadd-novelty,fixed,changmin_04_watering,p001.pddl,solved,true,0,0.434402,78584,73332,,27,80,157.0,157,valid,results/raw/changmin-heuristics-all-20260912-160327-347232/cases/panino-lnp-agile/h-hadd-novelty__s-fixed/changmin_04_watering/p001/plan.val,results/raw/changmin-heuristics-all-20260912-160327-347232/cases/panino-lnp-agile/h-hadd-novelty__s-fixed/changmin_04_watering/p001
panino-lnp-agile,h-hadd-novelty__s-fixed,hadd-novelty,fixed,changmin_04_watering,p002.pddl,solved,true,0,0.434382,77736,73496,,31,88,125.0,125,valid,results/raw/changmin-heuristics-all-20260912-160327-347232/cases/panino-lnp-agile/h-hadd-novelty__s-fixed/changmin_04_watering/p002/plan.val,results/raw/changmin-heuristics-all-20260912-160327-347232/cases/panino-lnp-agile/h-hadd-novelty__s-fixed/changmin_04_watering/p002
panino-lnp-agile,h-hadd-novelty__s-fixed,hadd-novelty,fixed,changmin_04_watering,p003.pddl,solved,true,0,1.316532,261236,256720,,92,15329,385.0,385,valid,results/raw/changmin-heuristics-all-20260912-160327-347232/cases/panino-lnp-agile/h-hadd-novelty__s-fixed/changmin_04_watering/p003/plan.val,results/raw/changmin-heuristics-all-20260912-160327-347232/cases/panino-lnp-agile/h-hadd-novelty__s-fixed/changmin_04_watering/p003
panino-lnp-agile,h-hadd-novelty__s-fixed,hadd-novelty,fixed,changmin_04_watering,p004.pddl,solved,true,0,0.638293,100120,93572,,64,1829,386.0,386,valid,results/raw/changmin-heuristics-all-20260912-160327-347232/cases/panino-lnp-agile/h-hadd-novelty__s-fixed/changmin_04_watering/p004/plan.val,results/raw/changmin-heuristics-all-20260912-160327-347232/cases/panino-lnp-agile/h-hadd-novelty__s-fixed/changmin_04_watering/p004
panino-lnp-agile,h-hadd-novelty__s-fixed,hadd-novelty,fixed,changmin_05_barman,p000.pddl,solved,true,0,0.432827,78496,72184,,3,4,3.0,3,valid,results/raw/changmin-heuristics-all-20260912-160327-347232/cases/panino-lnp-agile/h-hadd-novelty__s-fixed/changmin_05_barman/p000/plan.val,results/raw/changmin-heuristics-all-20260912-160327-347232/cases/panino-lnp-agile/h-hadd-novelty__s-fixed/changmin_05_barman/p000
panino-lnp-agile,h-hadd-novelty__s-fixed,hadd-novelty,fixed,changmin_05_barman,p001.pddl,solved,true,0,1.745699,238344,235712,,43,3324,135.0,135,valid,results/raw/changmin-heuristics-all-20260912-160327-347232/cases/panino-lnp-agile/h-hadd-novelty__s-fixed/changmin_05_barman/p001/plan.val,results/raw/changmin-heuristics-all-20260912-160327-347232/cases/panino-lnp-agile/h-hadd-novelty__s-fixed/changmin_05_barman/p001
panino-lnp-agile,h-hadd-novelty__s-fixed,hadd-novelty,fixed,changmin_05_barman,p002.pddl,solved,true,0,31.748126,601004,591984,,76,50440,204.0,204,valid,results/raw/changmin-heuristics-all-20260912-160327-347232/cases/panino-lnp-agile/h-hadd-novelty__s-fixed/changmin_05_barman/p002/plan.val,results/raw/changmin-heuristics-all-20260912-160327-347232/cases/panino-lnp-agile/h-hadd-novelty__s-fixed/changmin_05_barman/p002
panino-lnp-agile,h-hadd-novelty__s-fixed,hadd-novelty,fixed,changmin_05_barman,p003.pddl,solved,true,0,9.926287,1133628,1113968,,56,2714,176.0,176,valid,results/raw/changmin-heuristics-all-20260912-160327-347232/cases/panino-lnp-agile/h-hadd-novelty__s-fixed/changmin_05_barman/p003/plan.val,results/raw/changmin-heuristics-all-20260912-160327-347232/cases/panino-lnp-agile/h-hadd-novelty__s-fixed/changmin_05_barman/p003
panino-lnp-agile,h-hadd-novelty__s-fixed,hadd-novelty,fixed,changmin_05_barman,p004.pddl,solved,true,0,289.530948,1195692,1194580,,93,82638,224.0,224,valid,results/raw/changmin-heuristics-all-20260912-160327-347232/cases/panino-lnp-agile/h-hadd-novelty__s-fixed/changmin_05_barman/p004/plan.val,results/raw/changmin-heuristics-all-20260912-160327-347232/cases/panino-lnp-agile/h-hadd-novelty__s-fixed/changmin_05_barman/p004
panino-lnp-agile,h-hadd-novelty__s-fixed,hadd-novelty,fixed,changmin_06_assembly,p000.pddl,solved,true,0,0.215388,71404,17880,,6,7,6.0,6,valid,results/raw/changmin-heuristics-all-20260912-160327-347232/cases/panino-lnp-agile/h-hadd-novelty__s-fixed/changmin_06_assembly/p000/plan.val,results/raw/changmin-heuristics-all-20260912-160327-347232/cases/panino-lnp-agile/h-hadd-novelty__s-fixed/changmin_06_assembly/p000
panino-lnp-agile,h-hadd-novelty__s-fixed,hadd-novelty,fixed,changmin_06_assembly,p001.pddl,solved,true,0,0.436142,77468,74072,,35,40,90.0,90,valid,results/raw/changmin-heuristics-all-20260912-160327-347232/cases/panino-lnp-agile/h-hadd-novelty__s-fixed/changmin_06_assembly/p001/plan.val,results/raw/changmin-heuristics-all-20260912-160327-347232/cases/panino-lnp-agile/h-hadd-novelty__s-fixed/changmin_06_assembly/p001
panino-lnp-agile,h-hadd-novelty__s-fixed,hadd-novelty,fixed,changmin_06_assembly,p002.pddl,solved,true,0,0.429258,79556,73632,,60,79,149.0,149,valid,results/raw/changmin-heuristics-all-20260912-160327-347232/cases/panino-lnp-agile/h-hadd-novelty__s-fixed/changmin_06_assembly/p002/plan.val,results/raw/changmin-heuristics-all-20260912-160327-347232/cases/panino-lnp-agile/h-hadd-novelty__s-fixed/changmin_06_assembly/p002
panino-lnp-agile,h-hadd-novelty__s-fixed,hadd-novelty,fixed,changmin_06_assembly,p003.pddl,solved,true,0,0.656910,108040,101432,,84,141,214.0,214,valid,results/raw/changmin-heuristics-all-20260912-160327-347232/cases/panino-lnp-agile/h-hadd-novelty__s-fixed/changmin_06_assembly/p003/plan.val,results/raw/changmin-heuristics-all-20260912-160327-347232/cases/panino-lnp-agile/h-hadd-novelty__s-fixed/changmin_06_assembly/p003
panino-lnp-agile,h-hadd-novelty__s-fixed,hadd-novelty,fixed,changmin_06_assembly,p004.pddl,solved,true,0,0.654313,146012,130400,,99,159,303.0,303,valid,results/raw/changmin-heuristics-all-20260912-160327-347232/cases/panino-lnp-agile/h-hadd-novelty__s-fixed/changmin_06_assembly/p004/plan.val,results/raw/changmin-heuristics-all-20260912-160327-347232/cases/panino-lnp-agile/h-hadd-novelty__s-fixed/changmin_06_assembly/p004
pattint-bitwuzla,h-none__s-fixed,none,fixed,changmin_03_books,p000.pddl,solved,true,0,0.650423,59896,59896,,2,,,2,valid,results/raw/changmin-heuristics-all-20260912-160327-347232/cases/pattint-bitwuzla/h-none__s-fixed/changmin_03_books/p000/plan.val,results/raw/changmin-heuristics-all-20260912-160327-347232/cases/pattint-bitwuzla/h-none__s-fixed/changmin_03_books/p000
pattint-bitwuzla,h-none__s-fixed,none,fixed,changmin_03_books,p001.pddl,solved,true,0,6.189668,208424,208424,,18,,,58,valid,results/raw/changmin-heuristics-all-20260912-160327-347232/cases/pattint-bitwuzla/h-none__s-fixed/changmin_03_books/p001/plan.val,results/raw/changmin-heuristics-all-20260912-160327-347232/cases/pattint-bitwuzla/h-none__s-fixed/changmin_03_books/p001
pattint-bitwuzla,h-none__s-fixed,none,fixed,changmin_03_books,p002.pddl,timeout,true,timeout,300.188714,943148,943148,timeout,,,,,not-run,,results/raw/changmin-heuristics-all-20260912-160327-347232/cases/pattint-bitwuzla/h-none__s-fixed/changmin_03_books/p002
pattint-bitwuzla,h-none__s-fixed,none,fixed,changmin_03_books,p003.pddl,timeout,true,timeout,300.115716,6020868,6020868,timeout,,,,,not-run,,results/raw/changmin-heuristics-all-20260912-160327-347232/cases/pattint-bitwuzla/h-none__s-fixed/changmin_03_books/p003
pattint-bitwuzla,h-none__s-fixed,none,fixed,changmin_03_books,p004.pddl,memory-limit,true,-15,282.014521,12586544,12586544,memory-limit,,,,,not-run,,results/raw/changmin-heuristics-all-20260912-160327-347232/cases/pattint-bitwuzla/h-none__s-fixed/changmin_03_books/p004
pattint-bitwuzla,h-none__s-fixed,none,fixed,changmin_04_watering,p000.pddl,solved,true,0,0.433977,58904,42500,,31,,,,invalid,results/raw/changmin-heuristics-all-20260912-160327-347232/cases/pattint-bitwuzla/h-none__s-fixed/changmin_04_watering/p000/plan.val,results/raw/changmin-heuristics-all-20260912-160327-347232/cases/pattint-bitwuzla/h-none__s-fixed/changmin_04_watering/p000
pattint-bitwuzla,h-none__s-fixed,none,fixed,changmin_04_watering,p001.pddl,solved,true,0,2.795158,108004,105876,,25,,,137,valid,results/raw/changmin-heuristics-all-20260912-160327-347232/cases/pattint-bitwuzla/h-none__s-fixed/changmin_04_watering/p001/plan.val,results/raw/changmin-heuristics-all-20260912-160327-347232/cases/pattint-bitwuzla/h-none__s-fixed/changmin_04_watering/p001
pattint-bitwuzla,h-none__s-fixed,none,fixed,changmin_04_watering,p002.pddl,solved,true,0,4.269391,139240,134968,,49,,,,invalid,results/raw/changmin-heuristics-all-20260912-160327-347232/cases/pattint-bitwuzla/h-none__s-fixed/changmin_04_watering/p002/plan.val,results/raw/changmin-heuristics-all-20260912-160327-347232/cases/pattint-bitwuzla/h-none__s-fixed/changmin_04_watering/p002
pattint-bitwuzla,h-none__s-fixed,none,fixed,changmin_04_watering,p003.pddl,solved,true,0,16.022859,219656,219656,,65,,,,invalid,results/raw/changmin-heuristics-all-20260912-160327-347232/cases/pattint-bitwuzla/h-none__s-fixed/changmin_04_watering/p003/plan.val,results/raw/changmin-heuristics-all-20260912-160327-347232/cases/pattint-bitwuzla/h-none__s-fixed/changmin_04_watering/p003
pattint-bitwuzla,h-none__s-fixed,none,fixed,changmin_04_watering,p004.pddl,solved,true,0,37.219644,276776,276776,,59,,,,invalid,results/raw/changmin-heuristics-all-20260912-160327-347232/cases/pattint-bitwuzla/h-none__s-fixed/changmin_04_watering/p004/plan.val,results/raw/changmin-heuristics-all-20260912-160327-347232/cases/pattint-bitwuzla/h-none__s-fixed/changmin_04_watering/p004
pattint-bitwuzla,h-none__s-fixed,none,fixed,changmin_05_barman,p000.pddl,solved,true,0,0.426493,64788,53552,,5,,,5,valid,results/raw/changmin-heuristics-all-20260912-160327-347232/cases/pattint-bitwuzla/h-none__s-fixed/changmin_05_barman/p000/plan.val,results/raw/changmin-heuristics-all-20260912-160327-347232/cases/pattint-bitwuzla/h-none__s-fixed/changmin_05_barman/p000
pattint-bitwuzla,h-none__s-fixed,none,fixed,changmin_05_barman,p001.pddl,solved,true,0,167.327766,1462928,1462928,,40,,,94,valid,results/raw/changmin-heuristics-all-20260912-160327-347232/cases/pattint-bitwuzla/h-none__s-fixed/changmin_05_barman/p001/plan.val,results/raw/changmin-heuristics-all-20260912-160327-347232/cases/pattint-bitwuzla/h-none__s-fixed/changmin_05_barman/p001
pattint-bitwuzla,h-none__s-fixed,none,fixed,changmin_05_barman,p002.pddl,timeout,true,timeout,300.027135,2880220,2880220,timeout,,,,,not-run,,results/raw/changmin-heuristics-all-20260912-160327-347232/cases/pattint-bitwuzla/h-none__s-fixed/changmin_05_barman/p002
pattint-bitwuzla,h-none__s-fixed,none,fixed,changmin_05_barman,p003.pddl,timeout,true,timeout,300.067738,6554488,6554488,timeout,,,,,not-run,,results/raw/changmin-heuristics-all-20260912-160327-347232/cases/pattint-bitwuzla/h-none__s-fixed/changmin_05_barman/p003
pattint-bitwuzla,h-none__s-fixed,none,fixed,changmin_05_barman,p004.pddl,timeout,true,timeout,300.019302,8873364,8873364,timeout,,,,,not-run,,results/raw/changmin-heuristics-all-20260912-160327-347232/cases/pattint-bitwuzla/h-none__s-fixed/changmin_05_barman/p004
pattint-bitwuzla,h-none__s-fixed,none,fixed,changmin_06_assembly,p000.pddl,solved,true,0,0.444678,58516,53452,,6,,,6,valid,results/raw/changmin-heuristics-all-20260912-160327-347232/cases/pattint-bitwuzla/h-none__s-fixed/changmin_06_assembly/p000/plan.val,results/raw/changmin-heuristics-all-20260912-160327-347232/cases/pattint-bitwuzla/h-none__s-fixed/changmin_06_assembly/p000
pattint-bitwuzla,h-none__s-fixed,none,fixed,changmin_06_assembly,p001.pddl,solved,true,0,3.836364,110532,110532,,45,,,96,valid,results/raw/changmin-heuristics-all-20260912-160327-347232/cases/pattint-bitwuzla/h-none__s-fixed/changmin_06_assembly/p001/plan.val,results/raw/changmin-heuristics-all-20260912-160327-347232/cases/pattint-bitwuzla/h-none__s-fixed/changmin_06_assembly/p001
pattint-bitwuzla,h-none__s-fixed,none,fixed,changmin_06_assembly,p002.pddl,solved,true,0,7.884960,153212,153212,,72,,,160,valid,results/raw/changmin-heuristics-all-20260912-160327-347232/cases/pattint-bitwuzla/h-none__s-fixed/changmin_06_assembly/p002/plan.val,results/raw/changmin-heuristics-all-20260912-160327-347232/cases/pattint-bitwuzla/h-none__s-fixed/changmin_06_assembly/p002
pattint-bitwuzla,h-none__s-fixed,none,fixed,changmin_06_assembly,p003.pddl,solved,true,0,8.098819,198728,198728,,104,,,233,valid,results/raw/changmin-heuristics-all-20260912-160327-347232/cases/pattint-bitwuzla/h-none__s-fixed/changmin_06_assembly/p003/plan.val,results/raw/changmin-heuristics-all-20260912-160327-347232/cases/pattint-bitwuzla/h-none__s-fixed/changmin_06_assembly/p003
pattint-bitwuzla,h-none__s-fixed,none,fixed,changmin_06_assembly,p004.pddl,solved,true,0,11.284601,233988,229908,,155,,,347,valid,results/raw/changmin-heuristics-all-20260912-160327-347232/cases/pattint-bitwuzla/h-none__s-fixed/changmin_06_assembly/p004/plan.val,results/raw/changmin-heuristics-all-20260912-160327-347232/cases/pattint-bitwuzla/h-none__s-fixed/changmin_06_assembly/p004
patty-ipc2026-agile-1,h-none__s-jair,none,jair,changmin_03_books,p000.pddl,solved,true,0,1.284490,185676,163188,,2,,,2,valid,results/raw/changmin-heuristics-all-20260912-160327-347232/cases/patty-ipc2026-agile-1/h-none__s-jair/changmin_03_books/p000/plan.val,results/raw/changmin-heuristics-all-20260912-160327-347232/cases/patty-ipc2026-agile-1/h-none__s-jair/changmin_03_books/p000
patty-ipc2026-agile-1,h-none__s-jair,none,jair,changmin_03_books,p001.pddl,solved,true,0,3.621681,288976,288808,,22,,,81,valid,results/raw/changmin-heuristics-all-20260912-160327-347232/cases/patty-ipc2026-agile-1/h-none__s-jair/changmin_03_books/p001/plan.val,results/raw/changmin-heuristics-all-20260912-160327-347232/cases/patty-ipc2026-agile-1/h-none__s-jair/changmin_03_books/p001
patty-ipc2026-agile-1,h-none__s-jair,none,jair,changmin_03_books,p002.pddl,solved,true,0,29.981469,1644852,1639088,,49,,,219,valid,results/raw/changmin-heuristics-all-20260912-160327-347232/cases/patty-ipc2026-agile-1/h-none__s-jair/changmin_03_books/p002/plan.val,results/raw/changmin-heuristics-all-20260912-160327-347232/cases/patty-ipc2026-agile-1/h-none__s-jair/changmin_03_books/p002
patty-ipc2026-agile-1,h-none__s-jair,none,jair,changmin_03_books,p003.pddl,solved,true,0,158.458808,10744332,10722244,,83,,,406,valid,results/raw/changmin-heuristics-all-20260912-160327-347232/cases/patty-ipc2026-agile-1/h-none__s-jair/changmin_03_books/p003/plan.val,results/raw/changmin-heuristics-all-20260912-160327-347232/cases/patty-ipc2026-agile-1/h-none__s-jair/changmin_03_books/p003
patty-ipc2026-agile-1,h-none__s-jair,none,jair,changmin_03_books,p004.pddl,memory-limit,true,-15,182.511405,12594376,12594376,memory-limit,,,,,not-run,,results/raw/changmin-heuristics-all-20260912-160327-347232/cases/patty-ipc2026-agile-1/h-none__s-jair/changmin_03_books/p004
patty-ipc2026-agile-1,h-none__s-jair,none,jair,changmin_04_watering,p000.pddl,solved,true,0,1.096664,185296,170372,,3,,,3,valid,results/raw/changmin-heuristics-all-20260912-160327-347232/cases/patty-ipc2026-agile-1/h-none__s-jair/changmin_04_watering/p000/plan.val,results/raw/changmin-heuristics-all-20260912-160327-347232/cases/patty-ipc2026-agile-1/h-none__s-jair/changmin_04_watering/p000
patty-ipc2026-agile-1,h-none__s-jair,none,jair,changmin_04_watering,p001.pddl,solved,true,0,2.768774,261564,261564,,25,,,148,valid,results/raw/changmin-heuristics-all-20260912-160327-347232/cases/patty-ipc2026-agile-1/h-none__s-jair/changmin_04_watering/p001/plan.val,results/raw/changmin-heuristics-all-20260912-160327-347232/cases/patty-ipc2026-agile-1/h-none__s-jair/changmin_04_watering/p001
patty-ipc2026-agile-1,h-none__s-jair,none,jair,changmin_04_watering,p002.pddl,solved,true,0,2.769212,261308,261308,,33,,,143,valid,results/raw/changmin-heuristics-all-20260912-160327-347232/cases/patty-ipc2026-agile-1/h-none__s-jair/changmin_04_watering/p002/plan.val,results/raw/changmin-heuristics-all-20260912-160327-347232/cases/patty-ipc2026-agile-1/h-none__s-jair/changmin_04_watering/p002
patty-ipc2026-agile-1,h-none__s-jair,none,jair,changmin_04_watering,p003.pddl,solved,true,0,10.430334,579368,579368,,50,,,286,valid,results/raw/changmin-heuristics-all-20260912-160327-347232/cases/patty-ipc2026-agile-1/h-none__s-jair/changmin_04_watering/p003/plan.val,results/raw/changmin-heuristics-all-20260912-160327-347232/cases/patty-ipc2026-agile-1/h-none__s-jair/changmin_04_watering/p003
patty-ipc2026-agile-1,h-none__s-jair,none,jair,changmin_04_watering,p004.pddl,solved,true,0,11.270576,614536,614536,,61,,,374,valid,results/raw/changmin-heuristics-all-20260912-160327-347232/cases/patty-ipc2026-agile-1/h-none__s-jair/changmin_04_watering/p004/plan.val,results/raw/changmin-heuristics-all-20260912-160327-347232/cases/patty-ipc2026-agile-1/h-none__s-jair/changmin_04_watering/p004
patty-ipc2026-agile-1,h-none__s-jair,none,jair,changmin_05_barman,p000.pddl,solved,true,0,1.066855,193172,193172,,3,,,3,valid,results/raw/changmin-heuristics-all-20260912-160327-347232/cases/patty-ipc2026-agile-1/h-none__s-jair/changmin_05_barman/p000/plan.val,results/raw/changmin-heuristics-all-20260912-160327-347232/cases/patty-ipc2026-agile-1/h-none__s-jair/changmin_05_barman/p000
patty-ipc2026-agile-1,h-none__s-jair,none,jair,changmin_05_barman,p001.pddl,timeout,true,timeout,300.195094,5567792,5567792,timeout,,,,,not-run,,results/raw/changmin-heuristics-all-20260912-160327-347232/cases/patty-ipc2026-agile-1/h-none__s-jair/changmin_05_barman/p001
patty-ipc2026-agile-1,h-none__s-jair,none,jair,changmin_05_barman,p002.pddl,timeout,true,timeout,300.191764,3231864,3231864,timeout,,,,,not-run,,results/raw/changmin-heuristics-all-20260912-160327-347232/cases/patty-ipc2026-agile-1/h-none__s-jair/changmin_05_barman/p002
patty-ipc2026-agile-1,h-none__s-jair,none,jair,changmin_05_barman,p003.pddl,timeout,true,timeout,300.171760,1668200,1668200,timeout,,,,,not-run,,results/raw/changmin-heuristics-all-20260912-160327-347232/cases/patty-ipc2026-agile-1/h-none__s-jair/changmin_05_barman/p003
patty-ipc2026-agile-1,h-none__s-jair,none,jair,changmin_05_barman,p004.pddl,timeout,true,timeout,300.227210,1821624,1821624,timeout,,,,,not-run,,results/raw/changmin-heuristics-all-20260912-160327-347232/cases/patty-ipc2026-agile-1/h-none__s-jair/changmin_05_barman/p004
patty-ipc2026-agile-1,h-none__s-jair,none,jair,changmin_06_assembly,p000.pddl,solved,true,0,1.080221,189884,174988,,6,,,6,valid,results/raw/changmin-heuristics-all-20260912-160327-347232/cases/patty-ipc2026-agile-1/h-none__s-jair/changmin_06_assembly/p000/plan.val,results/raw/changmin-heuristics-all-20260912-160327-347232/cases/patty-ipc2026-agile-1/h-none__s-jair/changmin_06_assembly/p000
patty-ipc2026-agile-1,h-none__s-jair,none,jair,changmin_06_assembly,p001.pddl,solved,true,0,2.349028,241700,241700,,45,,,96,valid,results/raw/changmin-heuristics-all-20260912-160327-347232/cases/patty-ipc2026-agile-1/h-none__s-jair/changmin_06_assembly/p001/plan.val,results/raw/changmin-heuristics-all-20260912-160327-347232/cases/patty-ipc2026-agile-1/h-none__s-jair/changmin_06_assembly/p001
patty-ipc2026-agile-1,h-none__s-jair,none,jair,changmin_06_assembly,p002.pddl,solved,true,0,4.687146,338808,338808,,72,,,160,valid,results/raw/changmin-heuristics-all-20260912-160327-347232/cases/patty-ipc2026-agile-1/h-none__s-jair/changmin_06_assembly/p002/plan.val,results/raw/changmin-heuristics-all-20260912-160327-347232/cases/patty-ipc2026-agile-1/h-none__s-jair/changmin_06_assembly/p002
patty-ipc2026-agile-1,h-none__s-jair,none,jair,changmin_06_assembly,p003.pddl,solved,true,0,7.031055,401780,401780,,94,,,217,valid,results/raw/changmin-heuristics-all-20260912-160327-347232/cases/patty-ipc2026-agile-1/h-none__s-jair/changmin_06_assembly/p003/plan.val,results/raw/changmin-heuristics-all-20260912-160327-347232/cases/patty-ipc2026-agile-1/h-none__s-jair/changmin_06_assembly/p003
patty-ipc2026-agile-1,h-none__s-jair,none,jair,changmin_06_assembly,p004.pddl,solved,true,0,11.280772,552116,551848,,149,,,339,valid,results/raw/changmin-heuristics-all-20260912-160327-347232/cases/patty-ipc2026-agile-1/h-none__s-jair/changmin_06_assembly/p004/plan.val,results/raw/changmin-heuristics-all-20260912-160327-347232/cases/patty-ipc2026-agile-1/h-none__s-jair/changmin_06_assembly/p004
planforge-ipc2026,h-lmcutnumeric__s-astar,lmcutnumeric,astar,changmin_01_blocksworld,p000.pddl,solved,true,0,0.215015,535964,49996,,1,2,2.000000,1,valid,results/raw/changmin-heuristics-all-20260912-160327-347232/cases/planforge-ipc2026/h-lmcutnumeric__s-astar/changmin_01_blocksworld/p000/plan.val,results/raw/changmin-heuristics-all-20260912-160327-347232/cases/planforge-ipc2026/h-lmcutnumeric__s-astar/changmin_01_blocksworld/p000
planforge-ipc2026,h-blind__s-astar,blind,astar,changmin_01_blocksworld,p000.pddl,solved,true,0,0.216095,535840,52088,,1,2,2.000000,1,valid,results/raw/changmin-heuristics-all-20260912-160327-347232/cases/planforge-ipc2026/h-blind__s-astar/changmin_01_blocksworld/p000/plan.val,results/raw/changmin-heuristics-all-20260912-160327-347232/cases/planforge-ipc2026/h-blind__s-astar/changmin_01_blocksworld/p000
planforge-ipc2026,h-ff__s-astar,ff,astar,changmin_01_blocksworld,p000.pddl,solved,true,0,0.224362,535964,1556,,1,2,2.000000,1,valid,results/raw/changmin-heuristics-all-20260912-160327-347232/cases/planforge-ipc2026/h-ff__s-astar/changmin_01_blocksworld/p000/plan.val,results/raw/changmin-heuristics-all-20260912-160327-347232/cases/planforge-ipc2026/h-ff__s-astar/changmin_01_blocksworld/p000
planforge-ipc2026,h-greedy_numeric_pdb__s-astar,greedy_numeric_pdb,astar,changmin_01_blocksworld,p000.pddl,solved,true,0,0.223753,554432,43872,,1,2,2.000000,1,valid,results/raw/changmin-heuristics-all-20260912-160327-347232/cases/planforge-ipc2026/h-greedy_numeric_pdb__s-astar/changmin_01_blocksworld/p000/plan.val,results/raw/changmin-heuristics-all-20260912-160327-347232/cases/planforge-ipc2026/h-greedy_numeric_pdb__s-astar/changmin_01_blocksworld/p000
planforge-ipc2026,h-canonical_numeric_pdb__s-astar,canonical_numeric_pdb,astar,changmin_01_blocksworld,p000.pddl,solved,true,0,0.219722,607588,3744,,1,2,2.000000,1,valid,results/raw/changmin-heuristics-all-20260912-160327-347232/cases/planforge-ipc2026/h-canonical_numeric_pdb__s-astar/changmin_01_blocksworld/p000/plan.val,results/raw/changmin-heuristics-all-20260912-160327-347232/cases/planforge-ipc2026/h-canonical_numeric_pdb__s-astar/changmin_01_blocksworld/p000
planforge-ipc2026,h-domain_abstraction__s-astar,domain_abstraction,astar,changmin_01_blocksworld,p000.pddl,solved,true,0,0.221001,536092,25284,,1,2,2.000000,1,valid,results/raw/changmin-heuristics-all-20260912-160327-347232/cases/planforge-ipc2026/h-domain_abstraction__s-astar/changmin_01_blocksworld/p000/plan.val,results/raw/changmin-heuristics-all-20260912-160327-347232/cases/planforge-ipc2026/h-domain_abstraction__s-astar/changmin_01_blocksworld/p000
planforge-ipc2026,h-canonical_domain_abstractions__s-astar,canonical_domain_abstractions,astar,changmin_01_blocksworld,p000.pddl,solved,true,0,0.214028,536092,39804,,1,2,2.000000,1,valid,results/raw/changmin-heuristics-all-20260912-160327-347232/cases/planforge-ipc2026/h-canonical_domain_abstractions__s-astar/changmin_01_blocksworld/p000/plan.val,results/raw/changmin-heuristics-all-20260912-160327-347232/cases/planforge-ipc2026/h-canonical_domain_abstractions__s-astar/changmin_01_blocksworld/p000
planforge-ipc2026,h-multi_domain_abstractions__s-astar,multi_domain_abstractions,astar,changmin_01_blocksworld,p000.pddl,solved,true,0,0.218205,535964,4888,,1,2,2.000000,1,valid,results/raw/changmin-heuristics-all-20260912-160327-347232/cases/planforge-ipc2026/h-multi_domain_abstractions__s-astar/changmin_01_blocksworld/p000/plan.val,results/raw/changmin-heuristics-all-20260912-160327-347232/cases/planforge-ipc2026/h-multi_domain_abstractions__s-astar/changmin_01_blocksworld/p000
planforge-ipc2026,h-scp_online__s-astar,scp_online,astar,changmin_01_blocksworld,p000.pddl,solved,true,0,0.215585,536220,88976,,1,2,2.000000,1,valid,results/raw/changmin-heuristics-all-20260912-160327-347232/cases/planforge-ipc2026/h-scp_online__s-astar/changmin_01_blocksworld/p000/plan.val,results/raw/changmin-heuristics-all-20260912-160327-347232/cases/planforge-ipc2026/h-scp_online__s-astar/changmin_01_blocksworld/p000
planforge-ipc2026,h-fill_scp__s-astar,fill_scp,astar,changmin_01_blocksworld,p000.pddl,solved,true,0,0.213183,536220,4728,,1,2,2.000000,1,valid,results/raw/changmin-heuristics-all-20260912-160327-347232/cases/planforge-ipc2026/h-fill_scp__s-astar/changmin_01_blocksworld/p000/plan.val,results/raw/changmin-heuristics-all-20260912-160327-347232/cases/planforge-ipc2026/h-fill_scp__s-astar/changmin_01_blocksworld/p000
planforge-ipc2026,h-lmcutnumeric__s-astar,lmcutnumeric,astar,changmin_01_blocksworld,p001.pddl,solved,true,0,0.224487,538012,164852,,8,13,16.000000,8,valid,results/raw/changmin-heuristics-all-20260912-160327-347232/cases/planforge-ipc2026/h-lmcutnumeric__s-astar/changmin_01_blocksworld/p001/plan.val,results/raw/changmin-heuristics-all-20260912-160327-347232/cases/planforge-ipc2026/h-lmcutnumeric__s-astar/changmin_01_blocksworld/p001
planforge-ipc2026,h-blind__s-astar,blind,astar,changmin_01_blocksworld,p001.pddl,solved,true,0,0.217314,537892,93168,,8,31,16.000000,8,valid,results/raw/changmin-heuristics-all-20260912-160327-347232/cases/planforge-ipc2026/h-blind__s-astar/changmin_01_blocksworld/p001/plan.val,results/raw/changmin-heuristics-all-20260912-160327-347232/cases/planforge-ipc2026/h-blind__s-astar/changmin_01_blocksworld/p001
planforge-ipc2026,h-ff__s-astar,ff,astar,changmin_01_blocksworld,p001.pddl,solved,true,0,0.216362,537892,97120,,8,14,16.000000,8,valid,results/raw/changmin-heuristics-all-20260912-160327-347232/cases/planforge-ipc2026/h-ff__s-astar/changmin_01_blocksworld/p001/plan.val,results/raw/changmin-heuristics-all-20260912-160327-347232/cases/planforge-ipc2026/h-ff__s-astar/changmin_01_blocksworld/p001
planforge-ipc2026,h-greedy_numeric_pdb__s-astar,greedy_numeric_pdb,astar,changmin_01_blocksworld,p001.pddl,solved,true,0,0.429670,1120324,1120324,,8,15,16.000000,8,valid,results/raw/changmin-heuristics-all-20260912-160327-347232/cases/planforge-ipc2026/h-greedy_numeric_pdb__s-astar/changmin_01_blocksworld/p001/plan.val,results/raw/changmin-heuristics-all-20260912-160327-347232/cases/planforge-ipc2026/h-greedy_numeric_pdb__s-astar/changmin_01_blocksworld/p001
planforge-ipc2026,h-canonical_numeric_pdb__s-astar,canonical_numeric_pdb,astar,changmin_01_blocksworld,p001.pddl,solved,true,0,0.217867,1404484,111464,,8,15,16.000000,8,valid,results/raw/changmin-heuristics-all-20260912-160327-347232/cases/planforge-ipc2026/h-canonical_numeric_pdb__s-astar/changmin_01_blocksworld/p001/plan.val,results/raw/changmin-heuristics-all-20260912-160327-347232/cases/planforge-ipc2026/h-canonical_numeric_pdb__s-astar/changmin_01_blocksworld/p001
planforge-ipc2026,h-domain_abstraction__s-astar,domain_abstraction,astar,changmin_01_blocksworld,p001.pddl,solved,true,0,0.216185,544452,89064,,8,9,16.000000,8,valid,results/raw/changmin-heuristics-all-20260912-160327-347232/cases/planforge-ipc2026/h-domain_abstraction__s-astar/changmin_01_blocksworld/p001/plan.val,results/raw/changmin-heuristics-all-20260912-160327-347232/cases/planforge-ipc2026/h-domain_abstraction__s-astar/changmin_01_blocksworld/p001
planforge-ipc2026,h-canonical_domain_abstractions__s-astar,canonical_domain_abstractions,astar,changmin_01_blocksworld,p001.pddl,solved,true,0,0.427093,544452,99032,,8,9,16.000000,8,valid,results/raw/changmin-heuristics-all-20260912-160327-347232/cases/planforge-ipc2026/h-canonical_domain_abstractions__s-astar/changmin_01_blocksworld/p001/plan.val,results/raw/changmin-heuristics-all-20260912-160327-347232/cases/planforge-ipc2026/h-canonical_domain_abstractions__s-astar/changmin_01_blocksworld/p001
planforge-ipc2026,h-multi_domain_abstractions__s-astar,multi_domain_abstractions,astar,changmin_01_blocksworld,p001.pddl,solved,true,0,0.218085,544324,113636,,8,9,16.000000,8,valid,results/raw/changmin-heuristics-all-20260912-160327-347232/cases/planforge-ipc2026/h-multi_domain_abstractions__s-astar/changmin_01_blocksworld/p001/plan.val,results/raw/changmin-heuristics-all-20260912-160327-347232/cases/planforge-ipc2026/h-multi_domain_abstractions__s-astar/changmin_01_blocksworld/p001
planforge-ipc2026,h-scp_online__s-astar,scp_online,astar,changmin_01_blocksworld,p001.pddl,solved,true,0,0.214114,540360,76792,,8,9,16.000000,8,valid,results/raw/changmin-heuristics-all-20260912-160327-347232/cases/planforge-ipc2026/h-scp_online__s-astar/changmin_01_blocksworld/p001/plan.val,results/raw/changmin-heuristics-all-20260912-160327-347232/cases/planforge-ipc2026/h-scp_online__s-astar/changmin_01_blocksworld/p001
planforge-ipc2026,h-fill_scp__s-astar,fill_scp,astar,changmin_01_blocksworld,p001.pddl,solved,true,0,1.062677,1083860,1083860,,8,9,16.000000,8,valid,results/raw/changmin-heuristics-all-20260912-160327-347232/cases/planforge-ipc2026/h-fill_scp__s-astar/changmin_01_blocksworld/p001/plan.val,results/raw/changmin-heuristics-all-20260912-160327-347232/cases/planforge-ipc2026/h-fill_scp__s-astar/changmin_01_blocksworld/p001
planforge-ipc2026,h-lmcutnumeric__s-astar,lmcutnumeric,astar,changmin_01_blocksworld,p002.pddl,solved,true,0,0.213026,540236,68432,,16,91,32.000000,16,valid,results/raw/changmin-heuristics-all-20260912-160327-347232/cases/planforge-ipc2026/h-lmcutnumeric__s-astar/changmin_01_blocksworld/p002/plan.val,results/raw/changmin-heuristics-all-20260912-160327-347232/cases/planforge-ipc2026/h-lmcutnumeric__s-astar/changmin_01_blocksworld/p002
planforge-ipc2026,h-blind__s-astar,blind,astar,changmin_01_blocksworld,p002.pddl,solved,true,0,0.216892,543932,101092,,16,1887,32.000000,16,valid,results/raw/changmin-heuristics-all-20260912-160327-347232/cases/planforge-ipc2026/h-blind__s-astar/changmin_01_blocksworld/p002/plan.val,results/raw/changmin-heuristics-all-20260912-160327-347232/cases/planforge-ipc2026/h-blind__s-astar/changmin_01_blocksworld/p002
planforge-ipc2026,h-ff__s-astar,ff,astar,changmin_01_blocksworld,p002.pddl,solved,true,0,0.216214,537892,94936,,16,124,32.000000,16,valid,results/raw/changmin-heuristics-all-20260912-160327-347232/cases/planforge-ipc2026/h-ff__s-astar/changmin_01_blocksworld/p002/plan.val,results/raw/changmin-heuristics-all-20260912-160327-347232/cases/planforge-ipc2026/h-ff__s-astar/changmin_01_blocksworld/p002
planforge-ipc2026,h-greedy_numeric_pdb__s-astar,greedy_numeric_pdb,astar,changmin_01_blocksworld,p002.pddl,solved,true,0,0.641017,1177784,1177784,,16,445,32.000000,16,valid,results/raw/changmin-heuristics-all-20260912-160327-347232/cases/planforge-ipc2026/h-greedy_numeric_pdb__s-astar/changmin_01_blocksworld/p002/plan.val,results/raw/changmin-heuristics-all-20260912-160327-347232/cases/planforge-ipc2026/h-greedy_numeric_pdb__s-astar/changmin_01_blocksworld/p002
planforge-ipc2026,h-canonical_numeric_pdb__s-astar,canonical_numeric_pdb,astar,changmin_01_blocksworld,p002.pddl,solved,true,0,0.430580,2119320,2042312,,16,113,32.000000,16,valid,results/raw/changmin-heuristics-all-20260912-160327-347232/cases/planforge-ipc2026/h-canonical_numeric_pdb__s-astar/changmin_01_blocksworld/p002/plan.val,results/raw/changmin-heuristics-all-20260912-160327-347232/cases/planforge-ipc2026/h-canonical_numeric_pdb__s-astar/changmin_01_blocksworld/p002
planforge-ipc2026,h-domain_abstraction__s-astar,domain_abstraction,astar,changmin_01_blocksworld,p002.pddl,timeout,true,timeout,300.228046,8677852,8677852,timeout,,,,,not-run,,results/raw/changmin-heuristics-all-20260912-160327-347232/cases/planforge-ipc2026/h-domain_abstraction__s-astar/changmin_01_blocksworld/p002
planforge-ipc2026,h-canonical_domain_abstractions__s-astar,canonical_domain_abstractions,astar,changmin_01_blocksworld,p002.pddl,solved,true,0,40.039047,2048732,2048732,,16,97,32.000000,16,valid,results/raw/changmin-heuristics-all-20260912-160327-347232/cases/planforge-ipc2026/h-canonical_domain_abstractions__s-astar/changmin_01_blocksworld/p002/plan.val,results/raw/changmin-heuristics-all-20260912-160327-347232/cases/planforge-ipc2026/h-canonical_domain_abstractions__s-astar/changmin_01_blocksworld/p002
planforge-ipc2026,h-multi_domain_abstractions__s-astar,multi_domain_abstractions,astar,changmin_01_blocksworld,p002.pddl,solved,true,0,10.222402,1399068,1399068,,16,107,32.000000,16,valid,results/raw/changmin-heuristics-all-20260912-160327-347232/cases/planforge-ipc2026/h-multi_domain_abstractions__s-astar/changmin_01_blocksworld/p002/plan.val,results/raw/changmin-heuristics-all-20260912-160327-347232/cases/planforge-ipc2026/h-multi_domain_abstractions__s-astar/changmin_01_blocksworld/p002
planforge-ipc2026,h-scp_online__s-astar,scp_online,astar,changmin_01_blocksworld,p002.pddl,solved,true,0,21.591174,2592616,2592616,,16,292,32.000000,16,valid,results/raw/changmin-heuristics-all-20260912-160327-347232/cases/planforge-ipc2026/h-scp_online__s-astar/changmin_01_blocksworld/p002/plan.val,results/raw/changmin-heuristics-all-20260912-160327-347232/cases/planforge-ipc2026/h-scp_online__s-astar/changmin_01_blocksworld/p002
planforge-ipc2026,h-fill_scp__s-astar,fill_scp,astar,changmin_01_blocksworld,p002.pddl,solved,true,0,29.094836,1859440,1859440,,16,135,32.000000,16,valid,results/raw/changmin-heuristics-all-20260912-160327-347232/cases/planforge-ipc2026/h-fill_scp__s-astar/changmin_01_blocksworld/p002/plan.val,results/raw/changmin-heuristics-all-20260912-160327-347232/cases/planforge-ipc2026/h-fill_scp__s-astar/changmin_01_blocksworld/p002
planforge-ipc2026,h-lmcutnumeric__s-astar,lmcutnumeric,astar,changmin_01_blocksworld,p003.pddl,solved,true,0,0.426815,1075632,1075632,,22,950,44.000000,22,valid,results/raw/changmin-heuristics-all-20260912-160327-347232/cases/planforge-ipc2026/h-lmcutnumeric__s-astar/changmin_01_blocksworld/p003/plan.val,results/raw/changmin-heuristics-all-20260912-160327-347232/cases/planforge-ipc2026/h-lmcutnumeric__s-astar/changmin_01_blocksworld/p003
planforge-ipc2026,h-blind__s-astar,blind,astar,changmin_01_blocksworld,p003.pddl,solved,true,0,0.436467,1096020,1096020,,22,52071,44.000000,22,valid,results/raw/changmin-heuristics-all-20260912-160327-347232/cases/planforge-ipc2026/h-blind__s-astar/changmin_01_blocksworld/p003/plan.val,results/raw/changmin-heuristics-all-20260912-160327-347232/cases/planforge-ipc2026/h-blind__s-astar/changmin_01_blocksworld/p003
planforge-ipc2026,h-ff__s-astar,ff,astar,changmin_01_blocksworld,p003.pddl,solved,true,0,0.216159,543936,90976,,22,1383,44.000000,22,valid,results/raw/changmin-heuristics-all-20260912-160327-347232/cases/planforge-ipc2026/h-ff__s-astar/changmin_01_blocksworld/p003/plan.val,results/raw/changmin-heuristics-all-20260912-160327-347232/cases/planforge-ipc2026/h-ff__s-astar/changmin_01_blocksworld/p003
planforge-ipc2026,h-greedy_numeric_pdb__s-astar,greedy_numeric_pdb,astar,changmin_01_blocksworld,p003.pddl,solved,true,0,0.856745,1204308,1204308,,22,7265,44.000000,22,valid,results/raw/changmin-heuristics-all-20260912-160327-347232/cases/planforge-ipc2026/h-greedy_numeric_pdb__s-astar/changmin_01_blocksworld/p003/plan.val,results/raw/changmin-heuristics-all-20260912-160327-347232/cases/planforge-ipc2026/h-greedy_numeric_pdb__s-astar/changmin_01_blocksworld/p003
planforge-ipc2026,h-canonical_numeric_pdb__s-astar,canonical_numeric_pdb,astar,changmin_01_blocksworld,p003.pddl,solved,true,0,0.427643,2879228,1839416,,22,1457,44.000000,22,valid,results/raw/changmin-heuristics-all-20260912-160327-347232/cases/planforge-ipc2026/h-canonical_numeric_pdb__s-astar/changmin_01_blocksworld/p003/plan.val,results/raw/changmin-heuristics-all-20260912-160327-347232/cases/planforge-ipc2026/h-canonical_numeric_pdb__s-astar/changmin_01_blocksworld/p003
planforge-ipc2026,h-domain_abstraction__s-astar,domain_abstraction,astar,changmin_01_blocksworld,p003.pddl,timeout,true,timeout,300.044061,5332904,5332904,timeout,,,,,not-run,,results/raw/changmin-heuristics-all-20260912-160327-347232/cases/planforge-ipc2026/h-domain_abstraction__s-astar/changmin_01_blocksworld/p003
planforge-ipc2026,h-canonical_domain_abstractions__s-astar,canonical_domain_abstractions,astar,changmin_01_blocksworld,p003.pddl,memory-limit,true,-15,200.770238,12587136,12587136,memory-limit,,,,,not-run,,results/raw/changmin-heuristics-all-20260912-160327-347232/cases/planforge-ipc2026/h-canonical_domain_abstractions__s-astar/changmin_01_blocksworld/p003
planforge-ipc2026,h-multi_domain_abstractions__s-astar,multi_domain_abstractions,astar,changmin_01_blocksworld,p003.pddl,solved,true,0,11.295147,1402212,1402212,,22,4713,44.000000,22,valid,results/raw/changmin-heuristics-all-20260912-160327-347232/cases/planforge-ipc2026/h-multi_domain_abstractions__s-astar/changmin_01_blocksworld/p003/plan.val,results/raw/changmin-heuristics-all-20260912-160327-347232/cases/planforge-ipc2026/h-multi_domain_abstractions__s-astar/changmin_01_blocksworld/p003
planforge-ipc2026,h-scp_online__s-astar,scp_online,astar,changmin_01_blocksworld,p003.pddl,solved,true,0,22.841330,3495464,3495464,,22,1856,44.000000,22,valid,results/raw/changmin-heuristics-all-20260912-160327-347232/cases/planforge-ipc2026/h-scp_online__s-astar/changmin_01_blocksworld/p003/plan.val,results/raw/changmin-heuristics-all-20260912-160327-347232/cases/planforge-ipc2026/h-scp_online__s-astar/changmin_01_blocksworld/p003
planforge-ipc2026,h-fill_scp__s-astar,fill_scp,astar,changmin_01_blocksworld,p003.pddl,solved,true,0,33.983978,1896624,1896624,,22,985,44.000000,22,valid,results/raw/changmin-heuristics-all-20260912-160327-347232/cases/planforge-ipc2026/h-fill_scp__s-astar/changmin_01_blocksworld/p003/plan.val,results/raw/changmin-heuristics-all-20260912-160327-347232/cases/planforge-ipc2026/h-fill_scp__s-astar/changmin_01_blocksworld/p003
planforge-ipc2026,h-lmcutnumeric__s-astar,lmcutnumeric,astar,changmin_01_blocksworld,p004.pddl,solved,true,0,0.852914,1085732,1085732,,26,3133,52.000000,26,valid,results/raw/changmin-heuristics-all-20260912-160327-347232/cases/planforge-ipc2026/h-lmcutnumeric__s-astar/changmin_01_blocksworld/p004/plan.val,results/raw/changmin-heuristics-all-20260912-160327-347232/cases/planforge-ipc2026/h-lmcutnumeric__s-astar/changmin_01_blocksworld/p004
planforge-ipc2026,h-blind__s-astar,blind,astar,changmin_01_blocksworld,p004.pddl,solved,true,0,2.800829,1433356,1433356,,26,868275,52.000000,26,valid,results/raw/changmin-heuristics-all-20260912-160327-347232/cases/planforge-ipc2026/h-blind__s-astar/changmin_01_blocksworld/p004/plan.val,results/raw/changmin-heuristics-all-20260912-160327-347232/cases/planforge-ipc2026/h-blind__s-astar/changmin_01_blocksworld/p004
planforge-ipc2026,h-ff__s-astar,ff,astar,changmin_01_blocksworld,p004.pddl,solved,true,0,0.428473,550092,97196,,26,3888,52.000000,26,valid,results/raw/changmin-heuristics-all-20260912-160327-347232/cases/planforge-ipc2026/h-ff__s-astar/changmin_01_blocksworld/p004/plan.val,results/raw/changmin-heuristics-all-20260912-160327-347232/cases/planforge-ipc2026/h-ff__s-astar/changmin_01_blocksworld/p004
planforge-ipc2026,h-greedy_numeric_pdb__s-astar,greedy_numeric_pdb,astar,changmin_01_blocksworld,p004.pddl,solved,true,0,1.284228,1303004,1303004,,26,67320,52.000000,26,valid,results/raw/changmin-heuristics-all-20260912-160327-347232/cases/planforge-ipc2026/h-greedy_numeric_pdb__s-astar/changmin_01_blocksworld/p004/plan.val,results/raw/changmin-heuristics-all-20260912-160327-347232/cases/planforge-ipc2026/h-greedy_numeric_pdb__s-astar/changmin_01_blocksworld/p004
planforge-ipc2026,h-canonical_numeric_pdb__s-astar,canonical_numeric_pdb,astar,changmin_01_blocksworld,p004.pddl,solved,true,0,0.644696,3955320,3955320,,26,3930,52.000000,26,valid,results/raw/changmin-heuristics-all-20260912-160327-347232/cases/planforge-ipc2026/h-canonical_numeric_pdb__s-astar/changmin_01_blocksworld/p004/plan.val,results/raw/changmin-heuristics-all-20260912-160327-347232/cases/planforge-ipc2026/h-canonical_numeric_pdb__s-astar/changmin_01_blocksworld/p004
planforge-ipc2026,h-domain_abstraction__s-astar,domain_abstraction,astar,changmin_01_blocksworld,p004.pddl,timeout,true,timeout,300.165232,5330604,5330604,timeout,,,,,not-run,,results/raw/changmin-heuristics-all-20260912-160327-347232/cases/planforge-ipc2026/h-domain_abstraction__s-astar/changmin_01_blocksworld/p004
planforge-ipc2026,h-canonical_domain_abstractions__s-astar,canonical_domain_abstractions,astar,changmin_01_blocksworld,p004.pddl,memory-limit,true,-15,113.520985,12607152,12607152,memory-limit,,,,,not-run,,results/raw/changmin-heuristics-all-20260912-160327-347232/cases/planforge-ipc2026/h-canonical_domain_abstractions__s-astar/changmin_01_blocksworld/p004
planforge-ipc2026,h-multi_domain_abstractions__s-astar,multi_domain_abstractions,astar,changmin_01_blocksworld,p004.pddl,solved,true,0,15.328396,1358608,1358608,,26,29093,52.000000,26,valid,results/raw/changmin-heuristics-all-20260912-160327-347232/cases/planforge-ipc2026/h-multi_domain_abstractions__s-astar/changmin_01_blocksworld/p004/plan.val,results/raw/changmin-heuristics-all-20260912-160327-347232/cases/planforge-ipc2026/h-multi_domain_abstractions__s-astar/changmin_01_blocksworld/p004
planforge-ipc2026,h-scp_online__s-astar,scp_online,astar,changmin_01_blocksworld,p004.pddl,solved,true,0,23.920737,3990796,3990796,,26,8371,52.000000,26,valid,results/raw/changmin-heuristics-all-20260912-160327-347232/cases/planforge-ipc2026/h-scp_online__s-astar/changmin_01_blocksworld/p004/plan.val,results/raw/changmin-heuristics-all-20260912-160327-347232/cases/planforge-ipc2026/h-scp_online__s-astar/changmin_01_blocksworld/p004
planforge-ipc2026,h-fill_scp__s-astar,fill_scp,astar,changmin_01_blocksworld,p004.pddl,solved,true,0,35.884365,1723808,1723808,,26,3108,52.000000,26,valid,results/raw/changmin-heuristics-all-20260912-160327-347232/cases/planforge-ipc2026/h-fill_scp__s-astar/changmin_01_blocksworld/p004/plan.val,results/raw/changmin-heuristics-all-20260912-160327-347232/cases/planforge-ipc2026/h-fill_scp__s-astar/changmin_01_blocksworld/p004
planforge-ipc2026,h-lmcutnumeric__s-astar,lmcutnumeric,astar,changmin_02_logistics,p000.pddl,solved,true,0,0.212802,538020,70640,,3,4,4.000000,4,valid,results/raw/changmin-heuristics-all-20260912-160327-347232/cases/planforge-ipc2026/h-lmcutnumeric__s-astar/changmin_02_logistics/p000/plan.val,results/raw/changmin-heuristics-all-20260912-160327-347232/cases/planforge-ipc2026/h-lmcutnumeric__s-astar/changmin_02_logistics/p000
planforge-ipc2026,h-blind__s-astar,blind,astar,changmin_02_logistics,p000.pddl,solved,true,0,0.216464,537892,97168,,3,6,4.000000,4,valid,results/raw/changmin-heuristics-all-20260912-160327-347232/cases/planforge-ipc2026/h-blind__s-astar/changmin_02_logistics/p000/plan.val,results/raw/changmin-heuristics-all-20260912-160327-347232/cases/planforge-ipc2026/h-blind__s-astar/changmin_02_logistics/p000
planforge-ipc2026,h-ff__s-astar,ff,astar,changmin_02_logistics,p000.pddl,solved,true,0,0.216392,537880,90984,,3,4,4.000000,4,valid,results/raw/changmin-heuristics-all-20260912-160327-347232/cases/planforge-ipc2026/h-ff__s-astar/changmin_02_logistics/p000/plan.val,results/raw/changmin-heuristics-all-20260912-160327-347232/cases/planforge-ipc2026/h-ff__s-astar/changmin_02_logistics/p000
planforge-ipc2026,h-greedy_numeric_pdb__s-astar,greedy_numeric_pdb,astar,changmin_02_logistics,p000.pddl,solved,true,0,0.429145,1167740,1167740,,3,4,4.000000,4,valid,results/raw/changmin-heuristics-all-20260912-160327-347232/cases/planforge-ipc2026/h-greedy_numeric_pdb__s-astar/changmin_02_logistics/p000/plan.val,results/raw/changmin-heuristics-all-20260912-160327-347232/cases/planforge-ipc2026/h-greedy_numeric_pdb__s-astar/changmin_02_logistics/p000
planforge-ipc2026,h-canonical_numeric_pdb__s-astar,canonical_numeric_pdb,astar,changmin_02_logistics,p000.pddl,solved,true,0,0.218850,634344,117744,,3,4,4.000000,4,valid,results/raw/changmin-heuristics-all-20260912-160327-347232/cases/planforge-ipc2026/h-canonical_numeric_pdb__s-astar/changmin_02_logistics/p000/plan.val,results/raw/changmin-heuristics-all-20260912-160327-347232/cases/planforge-ipc2026/h-canonical_numeric_pdb__s-astar/changmin_02_logistics/p000
planforge-ipc2026,h-domain_abstraction__s-astar,domain_abstraction,astar,changmin_02_logistics,p000.pddl,solved,true,0,0.218812,538272,41900,,3,4,4.000000,4,valid,results/raw/changmin-heuristics-all-20260912-160327-347232/cases/planforge-ipc2026/h-domain_abstraction__s-astar/changmin_02_logistics/p000/plan.val,results/raw/changmin-heuristics-all-20260912-160327-347232/cases/planforge-ipc2026/h-domain_abstraction__s-astar/changmin_02_logistics/p000
planforge-ipc2026,h-canonical_domain_abstractions__s-astar,canonical_domain_abstractions,astar,changmin_02_logistics,p000.pddl,solved,true,0,0.223548,538272,56288,,3,4,4.000000,4,valid,results/raw/changmin-heuristics-all-20260912-160327-347232/cases/planforge-ipc2026/h-canonical_domain_abstractions__s-astar/changmin_02_logistics/p000/plan.val,results/raw/changmin-heuristics-all-20260912-160327-347232/cases/planforge-ipc2026/h-canonical_domain_abstractions__s-astar/changmin_02_logistics/p000
planforge-ipc2026,h-multi_domain_abstractions__s-astar,multi_domain_abstractions,astar,changmin_02_logistics,p000.pddl,solved,true,0,0.216422,538276,92904,,3,4,4.000000,4,valid,results/raw/changmin-heuristics-all-20260912-160327-347232/cases/planforge-ipc2026/h-multi_domain_abstractions__s-astar/changmin_02_logistics/p000/plan.val,results/raw/changmin-heuristics-all-20260912-160327-347232/cases/planforge-ipc2026/h-multi_domain_abstractions__s-astar/changmin_02_logistics/p000
planforge-ipc2026,h-scp_online__s-astar,scp_online,astar,changmin_02_logistics,p000.pddl,solved,true,0,0.217595,538272,99320,,3,4,4.000000,4,valid,results/raw/changmin-heuristics-all-20260912-160327-347232/cases/planforge-ipc2026/h-scp_online__s-astar/changmin_02_logistics/p000/plan.val,results/raw/changmin-heuristics-all-20260912-160327-347232/cases/planforge-ipc2026/h-scp_online__s-astar/changmin_02_logistics/p000
planforge-ipc2026,h-fill_scp__s-astar,fill_scp,astar,changmin_02_logistics,p000.pddl,solved,true,0,0.214777,538400,82928,,3,4,4.000000,4,valid,results/raw/changmin-heuristics-all-20260912-160327-347232/cases/planforge-ipc2026/h-fill_scp__s-astar/changmin_02_logistics/p000/plan.val,results/raw/changmin-heuristics-all-20260912-160327-347232/cases/planforge-ipc2026/h-fill_scp__s-astar/changmin_02_logistics/p000
planforge-ipc2026,h-lmcutnumeric__s-astar,lmcutnumeric,astar,changmin_02_logistics,p001.pddl,solved,true,0,0.215337,540060,92884,,15,30,50.000000,50,valid,results/raw/changmin-heuristics-all-20260912-160327-347232/cases/planforge-ipc2026/h-lmcutnumeric__s-astar/changmin_02_logistics/p001/plan.val,results/raw/changmin-heuristics-all-20260912-160327-347232/cases/planforge-ipc2026/h-lmcutnumeric__s-astar/changmin_02_logistics/p001
planforge-ipc2026,h-blind__s-astar,blind,astar,changmin_02_logistics,p001.pddl,solved,true,0,0.217204,550204,101292,,15,1569,50.000000,50,valid,results/raw/changmin-heuristics-all-20260912-160327-347232/cases/planforge-ipc2026/h-blind__s-astar/changmin_02_logistics/p001/plan.val,results/raw/changmin-heuristics-all-20260912-160327-347232/cases/planforge-ipc2026/h-blind__s-astar/changmin_02_logistics/p001
planforge-ipc2026,h-ff__s-astar,ff,astar,changmin_02_logistics,p001.pddl,solved,true,0,0.218315,539816,113640,,13,241,60.000000,60,valid,results/raw/changmin-heuristics-all-20260912-160327-347232/cases/planforge-ipc2026/h-ff__s-astar/changmin_02_logistics/p001/plan.val,results/raw/changmin-heuristics-all-20260912-160327-347232/cases/planforge-ipc2026/h-ff__s-astar/changmin_02_logistics/p001
planforge-ipc2026,h-greedy_numeric_pdb__s-astar,greedy_numeric_pdb,astar,changmin_02_logistics,p001.pddl,solved,true,0,0.427155,1130860,1130860,,15,1562,50.000000,50,valid,results/raw/changmin-heuristics-all-20260912-160327-347232/cases/planforge-ipc2026/h-greedy_numeric_pdb__s-astar/changmin_02_logistics/p001/plan.val,results/raw/changmin-heuristics-all-20260912-160327-347232/cases/planforge-ipc2026/h-greedy_numeric_pdb__s-astar/changmin_02_logistics/p001
planforge-ipc2026,h-canonical_numeric_pdb__s-astar,canonical_numeric_pdb,astar,changmin_02_logistics,p001.pddl,solved,true,0,1.065848,1573280,1573280,,15,91,50.000000,50,valid,results/raw/changmin-heuristics-all-20260912-160327-347232/cases/planforge-ipc2026/h-canonical_numeric_pdb__s-astar/changmin_02_logistics/p001/plan.val,results/raw/changmin-heuristics-all-20260912-160327-347232/cases/planforge-ipc2026/h-canonical_numeric_pdb__s-astar/changmin_02_logistics/p001
planforge-ipc2026,h-domain_abstraction__s-astar,domain_abstraction,astar,changmin_02_logistics,p001.pddl,solved,true,0,1.282318,1106280,1106280,,15,16,50.000000,50,valid,results/raw/changmin-heuristics-all-20260912-160327-347232/cases/planforge-ipc2026/h-domain_abstraction__s-astar/changmin_02_logistics/p001/plan.val,results/raw/changmin-heuristics-all-20260912-160327-347232/cases/planforge-ipc2026/h-domain_abstraction__s-astar/changmin_02_logistics/p001
planforge-ipc2026,h-canonical_domain_abstractions__s-astar,canonical_domain_abstractions,astar,changmin_02_logistics,p001.pddl,crash,true,1,4.907993,1147972,1147972,,,,,,not-run,,results/raw/changmin-heuristics-all-20260912-160327-347232/cases/planforge-ipc2026/h-canonical_domain_abstractions__s-astar/changmin_02_logistics/p001
planforge-ipc2026,h-multi_domain_abstractions__s-astar,multi_domain_abstractions,astar,changmin_02_logistics,p001.pddl,crash,true,1,4.476170,1146476,1146476,,,,,,not-run,,results/raw/changmin-heuristics-all-20260912-160327-347232/cases/planforge-ipc2026/h-multi_domain_abstractions__s-astar/changmin_02_logistics/p001
planforge-ipc2026,h-scp_online__s-astar,scp_online,astar,changmin_02_logistics,p001.pddl,crash,true,1,2.567504,1169916,1169916,,,,,,not-run,,results/raw/changmin-heuristics-all-20260912-160327-347232/cases/planforge-ipc2026/h-scp_online__s-astar/changmin_02_logistics/p001
planforge-ipc2026,h-fill_scp__s-astar,fill_scp,astar,changmin_02_logistics,p001.pddl,crash,true,1,0.425515,1077840,1077840,,,,,,not-run,,results/raw/changmin-heuristics-all-20260912-160327-347232/cases/planforge-ipc2026/h-fill_scp__s-astar/changmin_02_logistics/p001
planforge-ipc2026,h-lmcutnumeric__s-astar,lmcutnumeric,astar,changmin_02_logistics,p002.pddl,solved,true,0,148.705879,1212700,1212700,,26,51442,74.000000,74,valid,results/raw/changmin-heuristics-all-20260912-160327-347232/cases/planforge-ipc2026/h-lmcutnumeric__s-astar/changmin_02_logistics/p002/plan.val,results/raw/changmin-heuristics-all-20260912-160327-347232/cases/planforge-ipc2026/h-lmcutnumeric__s-astar/changmin_02_logistics/p002
planforge-ipc2026,h-blind__s-astar,blind,astar,changmin_02_logistics,p002.pddl,memory-limit,true,-15,93.476118,12676452,12676452,memory-limit,,8846101,,,not-run,,results/raw/changmin-heuristics-all-20260912-160327-347232/cases/planforge-ipc2026/h-blind__s-astar/changmin_02_logistics/p002
planforge-ipc2026,h-ff__s-astar,ff,astar,changmin_02_logistics,p002.pddl,solved,true,0,1.714587,1114076,1114076,,32,12983,111.000000,111,valid,results/raw/changmin-heuristics-all-20260912-160327-347232/cases/planforge-ipc2026/h-ff__s-astar/changmin_02_logistics/p002/plan.val,results/raw/changmin-heuristics-all-20260912-160327-347232/cases/planforge-ipc2026/h-ff__s-astar/changmin_02_logistics/p002
planforge-ipc2026,h-greedy_numeric_pdb__s-astar,greedy_numeric_pdb,astar,changmin_02_logistics,p002.pddl,memory-limit,true,-15,102.652962,12591596,12591596,memory-limit,,8629880,,,not-run,,results/raw/changmin-heuristics-all-20260912-160327-347232/cases/planforge-ipc2026/h-greedy_numeric_pdb__s-astar/changmin_02_logistics/p002
planforge-ipc2026,h-canonical_numeric_pdb__s-astar,canonical_numeric_pdb,astar,changmin_02_logistics,p002.pddl,memory-limit,true,-15,258.867890,12788152,12788152,memory-limit,,7725415,,,not-run,,results/raw/changmin-heuristics-all-20260912-160327-347232/cases/planforge-ipc2026/h-canonical_numeric_pdb__s-astar/changmin_02_logistics/p002
planforge-ipc2026,h-domain_abstraction__s-astar,domain_abstraction,astar,changmin_02_logistics,p002.pddl,timeout,true,timeout,300.102447,4829556,4829556,timeout,,,,,not-run,,results/raw/changmin-heuristics-all-20260912-160327-347232/cases/planforge-ipc2026/h-domain_abstraction__s-astar/changmin_02_logistics/p002
planforge-ipc2026,h-canonical_domain_abstractions__s-astar,canonical_domain_abstractions,astar,changmin_02_logistics,p002.pddl,timeout,true,timeout,300.155159,2147044,2147044,timeout,,505164,,,not-run,,results/raw/changmin-heuristics-all-20260912-160327-347232/cases/planforge-ipc2026/h-canonical_domain_abstractions__s-astar/changmin_02_logistics/p002
planforge-ipc2026,h-multi_domain_abstractions__s-astar,multi_domain_abstractions,astar,changmin_02_logistics,p002.pddl,timeout,true,timeout,300.218595,3141168,3141168,timeout,,1546283,,,not-run,,results/raw/changmin-heuristics-all-20260912-160327-347232/cases/planforge-ipc2026/h-multi_domain_abstractions__s-astar/changmin_02_logistics/p002
planforge-ipc2026,h-scp_online__s-astar,scp_online,astar,changmin_02_logistics,p002.pddl,solved,true,0,76.548135,7464240,7464240,,26,3694025,74.000000,74,valid,results/raw/changmin-heuristics-all-20260912-160327-347232/cases/planforge-ipc2026/h-scp_online__s-astar/changmin_02_logistics/p002/plan.val,results/raw/changmin-heuristics-all-20260912-160327-347232/cases/planforge-ipc2026/h-scp_online__s-astar/changmin_02_logistics/p002
planforge-ipc2026,h-fill_scp__s-astar,fill_scp,astar,changmin_02_logistics,p002.pddl,solved,true,0,271.696773,1476012,1476012,,26,151976,74.000000,74,valid,results/raw/changmin-heuristics-all-20260912-160327-347232/cases/planforge-ipc2026/h-fill_scp__s-astar/changmin_02_logistics/p002/plan.val,results/raw/changmin-heuristics-all-20260912-160327-347232/cases/planforge-ipc2026/h-fill_scp__s-astar/changmin_02_logistics/p002
planforge-ipc2026,h-lmcutnumeric__s-astar,lmcutnumeric,astar,changmin_02_logistics,p003.pddl,timeout,true,timeout,300.093419,1229220,1229220,timeout,,43763,,,not-run,,results/raw/changmin-heuristics-all-20260912-160327-347232/cases/planforge-ipc2026/h-lmcutnumeric__s-astar/changmin_02_logistics/p003
planforge-ipc2026,h-blind__s-astar,blind,astar,changmin_02_logistics,p003.pddl,memory-limit,true,-15,84.739122,12653288,12653288,memory-limit,,6994929,,,not-run,,results/raw/changmin-heuristics-all-20260912-160327-347232/cases/planforge-ipc2026/h-blind__s-astar/changmin_02_logistics/p003
planforge-ipc2026,h-ff__s-astar,ff,astar,changmin_02_logistics,p003.pddl,solved,true,0,56.311169,2074632,2074632,,50,497513,144.000000,144,valid,results/raw/changmin-heuristics-all-20260912-160327-347232/cases/planforge-ipc2026/h-ff__s-astar/changmin_02_logistics/p003/plan.val,results/raw/changmin-heuristics-all-20260912-160327-347232/cases/planforge-ipc2026/h-ff__s-astar/changmin_02_logistics/p003
planforge-ipc2026,h-greedy_numeric_pdb__s-astar,greedy_numeric_pdb,astar,changmin_02_logistics,p003.pddl,memory-limit,true,-15,96.889018,12657128,12657128,memory-limit,,7321848,,,not-run,,results/raw/changmin-heuristics-all-20260912-160327-347232/cases/planforge-ipc2026/h-greedy_numeric_pdb__s-astar/changmin_02_logistics/p003
planforge-ipc2026,h-canonical_numeric_pdb__s-astar,canonical_numeric_pdb,astar,changmin_02_logistics,p003.pddl,timeout,true,timeout,300.137730,5136668,5136668,timeout,,,,,not-run,,results/raw/changmin-heuristics-all-20260912-160327-347232/cases/planforge-ipc2026/h-canonical_numeric_pdb__s-astar/changmin_02_logistics/p003
planforge-ipc2026,h-domain_abstraction__s-astar,domain_abstraction,astar,changmin_02_logistics,p003.pddl,timeout,true,timeout,300.228467,4253848,4253848,timeout,,,,,not-run,,results/raw/changmin-heuristics-all-20260912-160327-347232/cases/planforge-ipc2026/h-domain_abstraction__s-astar/changmin_02_logistics/p003
planforge-ipc2026,h-canonical_domain_abstractions__s-astar,canonical_domain_abstractions,astar,changmin_02_logistics,p003.pddl,timeout,true,timeout,300.099105,1480960,1480960,timeout,,145369,,,not-run,,results/raw/changmin-heuristics-all-20260912-160327-347232/cases/planforge-ipc2026/h-canonical_domain_abstractions__s-astar/changmin_02_logistics/p003
planforge-ipc2026,h-multi_domain_abstractions__s-astar,multi_domain_abstractions,astar,changmin_02_logistics,p003.pddl,timeout,true,timeout,300.123515,3313576,3313576,timeout,,1184257,,,not-run,,results/raw/changmin-heuristics-all-20260912-160327-347232/cases/planforge-ipc2026/h-multi_domain_abstractions__s-astar/changmin_02_logistics/p003
planforge-ipc2026,h-scp_online__s-astar,scp_online,astar,changmin_02_logistics,p003.pddl,memory-limit,true,-15,154.956555,12589792,12589792,memory-limit,,4974860,,,not-run,,results/raw/changmin-heuristics-all-20260912-160327-347232/cases/planforge-ipc2026/h-scp_online__s-astar/changmin_02_logistics/p003
planforge-ipc2026,h-fill_scp__s-astar,fill_scp,astar,changmin_02_logistics,p003.pddl,timeout,true,timeout,300.216826,1460524,1460524,timeout,,87986,,,not-run,,results/raw/changmin-heuristics-all-20260912-160327-347232/cases/planforge-ipc2026/h-fill_scp__s-astar/changmin_02_logistics/p003
planforge-ipc2026,h-lmcutnumeric__s-astar,lmcutnumeric,astar,changmin_02_logistics,p004.pddl,timeout,true,timeout,300.224460,1177892,1177892,timeout,,18748,,,not-run,,results/raw/changmin-heuristics-all-20260912-160327-347232/cases/planforge-ipc2026/h-lmcutnumeric__s-astar/changmin_02_logistics/p004
planforge-ipc2026,h-blind__s-astar,blind,astar,changmin_02_logistics,p004.pddl,memory-limit,true,-15,80.949580,12583620,12583620,memory-limit,,4223661,,,not-run,,results/raw/changmin-heuristics-all-20260912-160327-347232/cases/planforge-ipc2026/h-blind__s-astar/changmin_02_logistics/p004
planforge-ipc2026,h-ff__s-astar,ff,astar,changmin_02_logistics,p004.pddl,timeout,true,timeout,300.064627,4702556,4702556,timeout,,818162,,,not-run,,results/raw/changmin-heuristics-all-20260912-160327-347232/cases/planforge-ipc2026/h-ff__s-astar/changmin_02_logistics/p004
planforge-ipc2026,h-greedy_numeric_pdb__s-astar,greedy_numeric_pdb,astar,changmin_02_logistics,p004.pddl,memory-limit,true,-15,93.244170,12676152,12676152,memory-limit,,3429011,,,not-run,,results/raw/changmin-heuristics-all-20260912-160327-347232/cases/planforge-ipc2026/h-greedy_numeric_pdb__s-astar/changmin_02_logistics/p004
planforge-ipc2026,h-canonical_numeric_pdb__s-astar,canonical_numeric_pdb,astar,changmin_02_logistics,p004.pddl,memory-limit,true,-15,50.413427,12673156,12673156,memory-limit,,,,,not-run,,results/raw/changmin-heuristics-all-20260912-160327-347232/cases/planforge-ipc2026/h-canonical_numeric_pdb__s-astar/changmin_02_logistics/p004
planforge-ipc2026,h-domain_abstraction__s-astar,domain_abstraction,astar,changmin_02_logistics,p004.pddl,timeout,true,timeout,300.147438,3355880,3355880,timeout,,,,,not-run,,results/raw/changmin-heuristics-all-20260912-160327-347232/cases/planforge-ipc2026/h-domain_abstraction__s-astar/changmin_02_logistics/p004
planforge-ipc2026,h-canonical_domain_abstractions__s-astar,canonical_domain_abstractions,astar,changmin_02_logistics,p004.pddl,timeout,true,timeout,300.065881,2193800,2193800,timeout,,363473,,,not-run,,results/raw/changmin-heuristics-all-20260912-160327-347232/cases/planforge-ipc2026/h-canonical_domain_abstractions__s-astar/changmin_02_logistics/p004
planforge-ipc2026,h-multi_domain_abstractions__s-astar,multi_domain_abstractions,astar,changmin_02_logistics,p004.pddl,timeout,true,timeout,300.134000,4471948,4471948,timeout,,867749,,,not-run,,results/raw/changmin-heuristics-all-20260912-160327-347232/cases/planforge-ipc2026/h-multi_domain_abstractions__s-astar/changmin_02_logistics/p004
planforge-ipc2026,h-scp_online__s-astar,scp_online,astar,changmin_02_logistics,p004.pddl,memory-limit,true,-15,129.864771,12589700,12589700,memory-limit,,3152013,,,not-run,,results/raw/changmin-heuristics-all-20260912-160327-347232/cases/planforge-ipc2026/h-scp_online__s-astar/changmin_02_logistics/p004
planforge-ipc2026,h-fill_scp__s-astar,fill_scp,astar,changmin_02_logistics,p004.pddl,timeout,true,timeout,300.177732,1482012,1482012,timeout,,58926,,,not-run,,results/raw/changmin-heuristics-all-20260912-160327-347232/cases/planforge-ipc2026/h-fill_scp__s-astar/changmin_02_logistics/p004
planforge-ipc2026,h-lmcutnumeric__s-astar,lmcutnumeric,astar,changmin_03_books,p000.pddl,solved,true,0,0.212962,538016,56160,,2,3,2.000000,2,valid,results/raw/changmin-heuristics-all-20260912-160327-347232/cases/planforge-ipc2026/h-lmcutnumeric__s-astar/changmin_03_books/p000/plan.val,results/raw/changmin-heuristics-all-20260912-160327-347232/cases/planforge-ipc2026/h-lmcutnumeric__s-astar/changmin_03_books/p000
planforge-ipc2026,h-blind__s-astar,blind,astar,changmin_03_books,p000.pddl,solved,true,0,0.214366,537876,4072,,2,3,2.000000,2,valid,results/raw/changmin-heuristics-all-20260912-160327-347232/cases/planforge-ipc2026/h-blind__s-astar/changmin_03_books/p000/plan.val,results/raw/changmin-heuristics-all-20260912-160327-347232/cases/planforge-ipc2026/h-blind__s-astar/changmin_03_books/p000
planforge-ipc2026,h-ff__s-astar,ff,astar,changmin_03_books,p000.pddl,solved,true,0,0.217796,537892,39780,,2,3,2.000000,2,valid,results/raw/changmin-heuristics-all-20260912-160327-347232/cases/planforge-ipc2026/h-ff__s-astar/changmin_03_books/p000/plan.val,results/raw/changmin-heuristics-all-20260912-160327-347232/cases/planforge-ipc2026/h-ff__s-astar/changmin_03_books/p000
planforge-ipc2026,h-greedy_numeric_pdb__s-astar,greedy_numeric_pdb,astar,changmin_03_books,p000.pddl,solved,true,0,0.224177,566736,54120,,2,3,2.000000,2,valid,results/raw/changmin-heuristics-all-20260912-160327-347232/cases/planforge-ipc2026/h-greedy_numeric_pdb__s-astar/changmin_03_books/p000/plan.val,results/raw/changmin-heuristics-all-20260912-160327-347232/cases/planforge-ipc2026/h-greedy_numeric_pdb__s-astar/changmin_03_books/p000
planforge-ipc2026,h-canonical_numeric_pdb__s-astar,canonical_numeric_pdb,astar,changmin_03_books,p000.pddl,solved,true,0,0.433701,722416,533544,,2,3,2.000000,2,valid,results/raw/changmin-heuristics-all-20260912-160327-347232/cases/planforge-ipc2026/h-canonical_numeric_pdb__s-astar/changmin_03_books/p000/plan.val,results/raw/changmin-heuristics-all-20260912-160327-347232/cases/planforge-ipc2026/h-canonical_numeric_pdb__s-astar/changmin_03_books/p000
planforge-ipc2026,h-domain_abstraction__s-astar,domain_abstraction,astar,changmin_03_books,p000.pddl,solved,true,0,0.216865,538276,37860,,2,3,2.000000,2,valid,results/raw/changmin-heuristics-all-20260912-160327-347232/cases/planforge-ipc2026/h-domain_abstraction__s-astar/changmin_03_books/p000/plan.val,results/raw/changmin-heuristics-all-20260912-160327-347232/cases/planforge-ipc2026/h-domain_abstraction__s-astar/changmin_03_books/p000
planforge-ipc2026,h-canonical_domain_abstractions__s-astar,canonical_domain_abstractions,astar,changmin_03_books,p000.pddl,solved,true,0,0.215000,538272,76652,,2,3,2.000000,2,valid,results/raw/changmin-heuristics-all-20260912-160327-347232/cases/planforge-ipc2026/h-canonical_domain_abstractions__s-astar/changmin_03_books/p000/plan.val,results/raw/changmin-heuristics-all-20260912-160327-347232/cases/planforge-ipc2026/h-canonical_domain_abstractions__s-astar/changmin_03_books/p000
planforge-ipc2026,h-multi_domain_abstractions__s-astar,multi_domain_abstractions,astar,changmin_03_books,p000.pddl,solved,true,0,0.215441,538132,21476,,2,3,2.000000,2,valid,results/raw/changmin-heuristics-all-20260912-160327-347232/cases/planforge-ipc2026/h-multi_domain_abstractions__s-astar/changmin_03_books/p000/plan.val,results/raw/changmin-heuristics-all-20260912-160327-347232/cases/planforge-ipc2026/h-multi_domain_abstractions__s-astar/changmin_03_books/p000
planforge-ipc2026,h-scp_online__s-astar,scp_online,astar,changmin_03_books,p000.pddl,solved,true,0,0.220613,538276,23468,,2,3,2.000000,2,valid,results/raw/changmin-heuristics-all-20260912-160327-347232/cases/planforge-ipc2026/h-scp_online__s-astar/changmin_03_books/p000/plan.val,results/raw/changmin-heuristics-all-20260912-160327-347232/cases/planforge-ipc2026/h-scp_online__s-astar/changmin_03_books/p000
planforge-ipc2026,h-fill_scp__s-astar,fill_scp,astar,changmin_03_books,p000.pddl,solved,true,0,0.213126,538404,64280,,2,3,2.000000,2,valid,results/raw/changmin-heuristics-all-20260912-160327-347232/cases/planforge-ipc2026/h-fill_scp__s-astar/changmin_03_books/p000/plan.val,results/raw/changmin-heuristics-all-20260912-160327-347232/cases/planforge-ipc2026/h-fill_scp__s-astar/changmin_03_books/p000
planforge-ipc2026,h-lmcutnumeric__s-astar,lmcutnumeric,astar,changmin_03_books,p001.pddl,solved,true,0,0.215920,540104,94996,,17,111,53.000000,53,valid,results/raw/changmin-heuristics-all-20260912-160327-347232/cases/planforge-ipc2026/h-lmcutnumeric__s-astar/changmin_03_books/p001/plan.val,results/raw/changmin-heuristics-all-20260912-160327-347232/cases/planforge-ipc2026/h-lmcutnumeric__s-astar/changmin_03_books/p001
planforge-ipc2026,h-blind__s-astar,blind,astar,changmin_03_books,p001.pddl,solved,true,0,0.218235,543920,113508,,17,2098,53.000000,53,valid,results/raw/changmin-heuristics-all-20260912-160327-347232/cases/planforge-ipc2026/h-blind__s-astar/changmin_03_books/p001/plan.val,results/raw/changmin-heuristics-all-20260912-160327-347232/cases/planforge-ipc2026/h-blind__s-astar/changmin_03_books/p001
planforge-ipc2026,h-ff__s-astar,ff,astar,changmin_03_books,p001.pddl,solved,true,0,0.216354,537892,99180,,17,96,53.000000,53,valid,results/raw/changmin-heuristics-all-20260912-160327-347232/cases/planforge-ipc2026/h-ff__s-astar/changmin_03_books/p001/plan.val,results/raw/changmin-heuristics-all-20260912-160327-347232/cases/planforge-ipc2026/h-ff__s-astar/changmin_03_books/p001
planforge-ipc2026,h-greedy_numeric_pdb__s-astar,greedy_numeric_pdb,astar,changmin_03_books,p001.pddl,solved,true,0,0.429219,1130676,1130676,,17,1147,53.000000,53,valid,results/raw/changmin-heuristics-all-20260912-160327-347232/cases/planforge-ipc2026/h-greedy_numeric_pdb__s-astar/changmin_03_books/p001/plan.val,results/raw/changmin-heuristics-all-20260912-160327-347232/cases/planforge-ipc2026/h-greedy_numeric_pdb__s-astar/changmin_03_books/p001
planforge-ipc2026,h-canonical_numeric_pdb__s-astar,canonical_numeric_pdb,astar,changmin_03_books,p001.pddl,solved,true,0,1.283187,2052680,2052680,,17,324,53.000000,53,valid,results/raw/changmin-heuristics-all-20260912-160327-347232/cases/planforge-ipc2026/h-canonical_numeric_pdb__s-astar/changmin_03_books/p001/plan.val,results/raw/changmin-heuristics-all-20260912-160327-347232/cases/planforge-ipc2026/h-canonical_numeric_pdb__s-astar/changmin_03_books/p001
planforge-ipc2026,h-domain_abstraction__s-astar,domain_abstraction,astar,changmin_03_books,p001.pddl,timeout,true,timeout,300.115527,2896928,2896928,timeout,,,,,not-run,,results/raw/changmin-heuristics-all-20260912-160327-347232/cases/planforge-ipc2026/h-domain_abstraction__s-astar/changmin_03_books/p001
planforge-ipc2026,h-canonical_domain_abstractions__s-astar,canonical_domain_abstractions,astar,changmin_03_books,p001.pddl,solved,true,0,13.855068,1384924,1384924,,17,134,53.000000,53,valid,results/raw/changmin-heuristics-all-20260912-160327-347232/cases/planforge-ipc2026/h-canonical_domain_abstractions__s-astar/changmin_03_books/p001/plan.val,results/raw/changmin-heuristics-all-20260912-160327-347232/cases/planforge-ipc2026/h-canonical_domain_abstractions__s-astar/changmin_03_books/p001
planforge-ipc2026,h-multi_domain_abstractions__s-astar,multi_domain_abstractions,astar,changmin_03_books,p001.pddl,solved,true,0,10.231977,1277732,1277732,,17,228,53.000000,53,valid,results/raw/changmin-heuristics-all-20260912-160327-347232/cases/planforge-ipc2026/h-multi_domain_abstractions__s-astar/changmin_03_books/p001/plan.val,results/raw/changmin-heuristics-all-20260912-160327-347232/cases/planforge-ipc2026/h-multi_domain_abstractions__s-astar/changmin_03_books/p001
planforge-ipc2026,h-scp_online__s-astar,scp_online,astar,changmin_03_books,p001.pddl,solved,true,0,21.059064,2159240,2159240,,17,201,53.000000,53,valid,results/raw/changmin-heuristics-all-20260912-160327-347232/cases/planforge-ipc2026/h-scp_online__s-astar/changmin_03_books/p001/plan.val,results/raw/changmin-heuristics-all-20260912-160327-347232/cases/planforge-ipc2026/h-scp_online__s-astar/changmin_03_books/p001
planforge-ipc2026,h-fill_scp__s-astar,fill_scp,astar,changmin_03_books,p001.pddl,solved,true,0,29.756475,1686156,1686156,,17,108,53.000000,53,valid,results/raw/changmin-heuristics-all-20260912-160327-347232/cases/planforge-ipc2026/h-fill_scp__s-astar/changmin_03_books/p001/plan.val,results/raw/changmin-heuristics-all-20260912-160327-347232/cases/planforge-ipc2026/h-fill_scp__s-astar/changmin_03_books/p001
planforge-ipc2026,h-lmcutnumeric__s-astar,lmcutnumeric,astar,changmin_03_books,p002.pddl,timeout,true,timeout,300.174389,1919496,1919496,timeout,,2617116,,,not-run,,results/raw/changmin-heuristics-all-20260912-160327-347232/cases/planforge-ipc2026/h-lmcutnumeric__s-astar/changmin_03_books/p002
planforge-ipc2026,h-blind__s-astar,blind,astar,changmin_03_books,p002.pddl,solved,true,0,74.271818,6971808,6971808,,40,23082541,144.000000,144,valid,results/raw/changmin-heuristics-all-20260912-160327-347232/cases/planforge-ipc2026/h-blind__s-astar/changmin_03_books/p002/plan.val,results/raw/changmin-heuristics-all-20260912-160327-347232/cases/planforge-ipc2026/h-blind__s-astar/changmin_03_books/p002
planforge-ipc2026,h-ff__s-astar,ff,astar,changmin_03_books,p002.pddl,solved,true,0,53.258911,2547932,2547932,,40,4945428,144.000000,144,valid,results/raw/changmin-heuristics-all-20260912-160327-347232/cases/planforge-ipc2026/h-ff__s-astar/changmin_03_books/p002/plan.val,results/raw/changmin-heuristics-all-20260912-160327-347232/cases/planforge-ipc2026/h-ff__s-astar/changmin_03_books/p002
planforge-ipc2026,h-greedy_numeric_pdb__s-astar,greedy_numeric_pdb,astar,changmin_03_books,p002.pddl,solved,true,0,57.856405,7381516,7381516,,40,16432056,144.000000,144,valid,results/raw/changmin-heuristics-all-20260912-160327-347232/cases/planforge-ipc2026/h-greedy_numeric_pdb__s-astar/changmin_03_books/p002/plan.val,results/raw/changmin-heuristics-all-20260912-160327-347232/cases/planforge-ipc2026/h-greedy_numeric_pdb__s-astar/changmin_03_books/p002
planforge-ipc2026,h-canonical_numeric_pdb__s-astar,canonical_numeric_pdb,astar,changmin_03_books,p002.pddl,timeout,true,timeout,300.133790,3471360,3471360,timeout,,,,,not-run,,results/raw/changmin-heuristics-all-20260912-160327-347232/cases/planforge-ipc2026/h-canonical_numeric_pdb__s-astar/changmin_03_books/p002
planforge-ipc2026,h-domain_abstraction__s-astar,domain_abstraction,astar,changmin_03_books,p002.pddl,timeout,true,timeout,300.092289,2951952,2951952,timeout,,,,,not-run,,results/raw/changmin-heuristics-all-20260912-160327-347232/cases/planforge-ipc2026/h-domain_abstraction__s-astar/changmin_03_books/p002
planforge-ipc2026,h-canonical_domain_abstractions__s-astar,canonical_domain_abstractions,astar,changmin_03_books,p002.pddl,timeout,true,timeout,300.226410,12026644,12026644,timeout,,,,,not-run,,results/raw/changmin-heuristics-all-20260912-160327-347232/cases/planforge-ipc2026/h-canonical_domain_abstractions__s-astar/changmin_03_books/p002
planforge-ipc2026,h-multi_domain_abstractions__s-astar,multi_domain_abstractions,astar,changmin_03_books,p002.pddl,timeout,true,timeout,300.138002,2053912,2053912,timeout,,1953446,,,not-run,,results/raw/changmin-heuristics-all-20260912-160327-347232/cases/planforge-ipc2026/h-multi_domain_abstractions__s-astar/changmin_03_books/p002
planforge-ipc2026,h-scp_online__s-astar,scp_online,astar,changmin_03_books,p002.pddl,solved,true,0,74.883068,6053492,6053492,,40,10726762,144.000000,144,valid,results/raw/changmin-heuristics-all-20260912-160327-347232/cases/planforge-ipc2026/h-scp_online__s-astar/changmin_03_books/p002/plan.val,results/raw/changmin-heuristics-all-20260912-160327-347232/cases/planforge-ipc2026/h-scp_online__s-astar/changmin_03_books/p002
planforge-ipc2026,h-fill_scp__s-astar,fill_scp,astar,changmin_03_books,p002.pddl,timeout,true,timeout,300.035005,1919400,1919400,timeout,,1768957,,,not-run,,results/raw/changmin-heuristics-all-20260912-160327-347232/cases/planforge-ipc2026/h-fill_scp__s-astar/changmin_03_books/p002
planforge-ipc2026,h-lmcutnumeric__s-astar,lmcutnumeric,astar,changmin_03_books,p003.pddl,timeout,true,timeout,300.184972,1548584,1548584,timeout,,774152,,,not-run,,results/raw/changmin-heuristics-all-20260912-160327-347232/cases/planforge-ipc2026/h-lmcutnumeric__s-astar/changmin_03_books/p003
planforge-ipc2026,h-blind__s-astar,blind,astar,changmin_03_books,p003.pddl,memory-limit,true,-15,111.287910,12699332,12699332,memory-limit,,22097160,,,not-run,,results/raw/changmin-heuristics-all-20260912-160327-347232/cases/planforge-ipc2026/h-blind__s-astar/changmin_03_books/p003
planforge-ipc2026,h-ff__s-astar,ff,astar,changmin_03_books,p003.pddl,timeout,true,timeout,300.082791,7321988,7321988,timeout,,13446441,,,not-run,,results/raw/changmin-heuristics-all-20260912-160327-347232/cases/planforge-ipc2026/h-ff__s-astar/changmin_03_books/p003
planforge-ipc2026,h-greedy_numeric_pdb__s-astar,greedy_numeric_pdb,astar,changmin_03_books,p003.pddl,memory-limit,true,-15,115.235727,12583876,12583876,memory-limit,,21276604,,,not-run,,results/raw/changmin-heuristics-all-20260912-160327-347232/cases/planforge-ipc2026/h-greedy_numeric_pdb__s-astar/changmin_03_books/p003
planforge-ipc2026,h-canonical_numeric_pdb__s-astar,canonical_numeric_pdb,astar,changmin_03_books,p003.pddl,memory-limit,true,-15,59.758069,12604832,12604832,memory-limit,,,,,not-run,,results/raw/changmin-heuristics-all-20260912-160327-347232/cases/planforge-ipc2026/h-canonical_numeric_pdb__s-astar/changmin_03_books/p003
planforge-ipc2026,h-domain_abstraction__s-astar,domain_abstraction,astar,changmin_03_books,p003.pddl,timeout,true,timeout,300.175739,8469284,8469284,timeout,,,,,not-run,,results/raw/changmin-heuristics-all-20260912-160327-347232/cases/planforge-ipc2026/h-domain_abstraction__s-astar/changmin_03_books/p003
planforge-ipc2026,h-canonical_domain_abstractions__s-astar,canonical_domain_abstractions,astar,changmin_03_books,p003.pddl,timeout,true,timeout,300.035590,11357056,11357056,timeout,,66,,,not-run,,results/raw/changmin-heuristics-all-20260912-160327-347232/cases/planforge-ipc2026/h-canonical_domain_abstractions__s-astar/changmin_03_books/p003
planforge-ipc2026,h-multi_domain_abstractions__s-astar,multi_domain_abstractions,astar,changmin_03_books,p003.pddl,timeout,true,timeout,300.052456,2149684,2149684,timeout,,1914241,,,not-run,,results/raw/changmin-heuristics-all-20260912-160327-347232/cases/planforge-ipc2026/h-multi_domain_abstractions__s-astar/changmin_03_books/p003
planforge-ipc2026,h-scp_online__s-astar,scp_online,astar,changmin_03_books,p003.pddl,memory-limit,true,-15,169.893449,12652728,12652728,memory-limit,,19377932,,,not-run,,results/raw/changmin-heuristics-all-20260912-160327-347232/cases/planforge-ipc2026/h-scp_online__s-astar/changmin_03_books/p003
planforge-ipc2026,h-fill_scp__s-astar,fill_scp,astar,changmin_03_books,p003.pddl,timeout,true,timeout,300.042902,1907864,1907864,timeout,,973745,,,not-run,,results/raw/changmin-heuristics-all-20260912-160327-347232/cases/planforge-ipc2026/h-fill_scp__s-astar/changmin_03_books/p003
planforge-ipc2026,h-lmcutnumeric__s-astar,lmcutnumeric,astar,changmin_03_books,p004.pddl,timeout,true,timeout,300.199778,1442476,1442476,timeout,,401170,,,not-run,,results/raw/changmin-heuristics-all-20260912-160327-347232/cases/planforge-ipc2026/h-lmcutnumeric__s-astar/changmin_03_books/p004
planforge-ipc2026,h-blind__s-astar,blind,astar,changmin_03_books,p004.pddl,memory-limit,true,-15,118.486169,12616756,12616756,memory-limit,,18874587,,,not-run,,results/raw/changmin-heuristics-all-20260912-160327-347232/cases/planforge-ipc2026/h-blind__s-astar/changmin_03_books/p004
planforge-ipc2026,h-ff__s-astar,ff,astar,changmin_03_books,p004.pddl,timeout,true,timeout,300.203795,7932356,7932356,timeout,,8267277,,,not-run,,results/raw/changmin-heuristics-all-20260912-160327-347232/cases/planforge-ipc2026/h-ff__s-astar/changmin_03_books/p004
planforge-ipc2026,h-greedy_numeric_pdb__s-astar,greedy_numeric_pdb,astar,changmin_03_books,p004.pddl,memory-limit,true,-15,123.410989,12657696,12657696,memory-limit,,18498286,,,not-run,,results/raw/changmin-heuristics-all-20260912-160327-347232/cases/planforge-ipc2026/h-greedy_numeric_pdb__s-astar/changmin_03_books/p004
planforge-ipc2026,h-canonical_numeric_pdb__s-astar,canonical_numeric_pdb,astar,changmin_03_books,p004.pddl,memory-limit,true,-15,54.875181,12594756,12594756,memory-limit,,,,,not-run,,results/raw/changmin-heuristics-all-20260912-160327-347232/cases/planforge-ipc2026/h-canonical_numeric_pdb__s-astar/changmin_03_books/p004
planforge-ipc2026,h-domain_abstraction__s-astar,domain_abstraction,astar,changmin_03_books,p004.pddl,timeout,true,timeout,300.165197,9504480,9504480,timeout,,,,,not-run,,results/raw/changmin-heuristics-all-20260912-160327-347232/cases/planforge-ipc2026/h-domain_abstraction__s-astar/changmin_03_books/p004
planforge-ipc2026,h-canonical_domain_abstractions__s-astar,canonical_domain_abstractions,astar,changmin_03_books,p004.pddl,memory-limit,true,-15,162.238429,12585948,12585948,memory-limit,,,,,not-run,,results/raw/changmin-heuristics-all-20260912-160327-347232/cases/planforge-ipc2026/h-canonical_domain_abstractions__s-astar/changmin_03_books/p004
planforge-ipc2026,h-multi_domain_abstractions__s-astar,multi_domain_abstractions,astar,changmin_03_books,p004.pddl,timeout,true,timeout,300.215215,2256752,2256752,timeout,,1488590,,,not-run,,results/raw/changmin-heuristics-all-20260912-160327-347232/cases/planforge-ipc2026/h-multi_domain_abstractions__s-astar/changmin_03_books/p004
planforge-ipc2026,h-scp_online__s-astar,scp_online,astar,changmin_03_books,p004.pddl,memory-limit,true,-15,180.030346,12598716,12598716,memory-limit,,16728564,,,not-run,,results/raw/changmin-heuristics-all-20260912-160327-347232/cases/planforge-ipc2026/h-scp_online__s-astar/changmin_03_books/p004
planforge-ipc2026,h-fill_scp__s-astar,fill_scp,astar,changmin_03_books,p004.pddl,timeout,true,timeout,300.191600,2129912,2129912,timeout,,1212547,,,not-run,,results/raw/changmin-heuristics-all-20260912-160327-347232/cases/planforge-ipc2026/h-fill_scp__s-astar/changmin_03_books/p004
planforge-ipc2026,h-lmcutnumeric__s-astar,lmcutnumeric,astar,changmin_04_watering,p000.pddl,solved,true,0,0.212356,538148,62452,,3,4,3.000000,3,valid,results/raw/changmin-heuristics-all-20260912-160327-347232/cases/planforge-ipc2026/h-lmcutnumeric__s-astar/changmin_04_watering/p000/plan.val,results/raw/changmin-heuristics-all-20260912-160327-347232/cases/planforge-ipc2026/h-lmcutnumeric__s-astar/changmin_04_watering/p000
planforge-ipc2026,h-blind__s-astar,blind,astar,changmin_04_watering,p000.pddl,solved,true,0,0.218788,537760,13164,,3,5,3.000000,3,valid,results/raw/changmin-heuristics-all-20260912-160327-347232/cases/planforge-ipc2026/h-blind__s-astar/changmin_04_watering/p000/plan.val,results/raw/changmin-heuristics-all-20260912-160327-347232/cases/planforge-ipc2026/h-blind__s-astar/changmin_04_watering/p000
planforge-ipc2026,h-ff__s-astar,ff,astar,changmin_04_watering,p000.pddl,solved,true,0,0.214762,537760,4896,,3,4,3.000000,3,valid,results/raw/changmin-heuristics-all-20260912-160327-347232/cases/planforge-ipc2026/h-ff__s-astar/changmin_04_watering/p000/plan.val,results/raw/changmin-heuristics-all-20260912-160327-347232/cases/planforge-ipc2026/h-ff__s-astar/changmin_04_watering/p000
planforge-ipc2026,h-greedy_numeric_pdb__s-astar,greedy_numeric_pdb,astar,changmin_04_watering,p000.pddl,solved,true,0,0.435164,1169572,1169572,,3,4,3.000000,3,valid,results/raw/changmin-heuristics-all-20260912-160327-347232/cases/planforge-ipc2026/h-greedy_numeric_pdb__s-astar/changmin_04_watering/p000/plan.val,results/raw/changmin-heuristics-all-20260912-160327-347232/cases/planforge-ipc2026/h-greedy_numeric_pdb__s-astar/changmin_04_watering/p000
planforge-ipc2026,h-canonical_numeric_pdb__s-astar,canonical_numeric_pdb,astar,changmin_04_watering,p000.pddl,solved,true,0,0.433780,1151008,1151008,,3,5,3.000000,3,valid,results/raw/changmin-heuristics-all-20260912-160327-347232/cases/planforge-ipc2026/h-canonical_numeric_pdb__s-astar/changmin_04_watering/p000/plan.val,results/raw/changmin-heuristics-all-20260912-160327-347232/cases/planforge-ipc2026/h-canonical_numeric_pdb__s-astar/changmin_04_watering/p000
planforge-ipc2026,h-domain_abstraction__s-astar,domain_abstraction,astar,changmin_04_watering,p000.pddl,solved,true,0,0.223977,538272,39900,,3,4,3.000000,3,valid,results/raw/changmin-heuristics-all-20260912-160327-347232/cases/planforge-ipc2026/h-domain_abstraction__s-astar/changmin_04_watering/p000/plan.val,results/raw/changmin-heuristics-all-20260912-160327-347232/cases/planforge-ipc2026/h-domain_abstraction__s-astar/changmin_04_watering/p000
planforge-ipc2026,h-canonical_domain_abstractions__s-astar,canonical_domain_abstractions,astar,changmin_04_watering,p000.pddl,solved,true,0,0.223719,538148,45936,,3,4,3.000000,3,valid,results/raw/changmin-heuristics-all-20260912-160327-347232/cases/planforge-ipc2026/h-canonical_domain_abstractions__s-astar/changmin_04_watering/p000/plan.val,results/raw/changmin-heuristics-all-20260912-160327-347232/cases/planforge-ipc2026/h-canonical_domain_abstractions__s-astar/changmin_04_watering/p000
planforge-ipc2026,h-multi_domain_abstractions__s-astar,multi_domain_abstractions,astar,changmin_04_watering,p000.pddl,solved,true,0,0.213371,538272,60268,,3,4,3.000000,3,valid,results/raw/changmin-heuristics-all-20260912-160327-347232/cases/planforge-ipc2026/h-multi_domain_abstractions__s-astar/changmin_04_watering/p000/plan.val,results/raw/changmin-heuristics-all-20260912-160327-347232/cases/planforge-ipc2026/h-multi_domain_abstractions__s-astar/changmin_04_watering/p000
planforge-ipc2026,h-scp_online__s-astar,scp_online,astar,changmin_04_watering,p000.pddl,solved,true,0,0.223078,538272,56028,,3,4,3.000000,3,valid,results/raw/changmin-heuristics-all-20260912-160327-347232/cases/planforge-ipc2026/h-scp_online__s-astar/changmin_04_watering/p000/plan.val,results/raw/changmin-heuristics-all-20260912-160327-347232/cases/planforge-ipc2026/h-scp_online__s-astar/changmin_04_watering/p000
planforge-ipc2026,h-fill_scp__s-astar,fill_scp,astar,changmin_04_watering,p000.pddl,solved,true,0,0.212932,538396,1552,,3,4,3.000000,3,valid,results/raw/changmin-heuristics-all-20260912-160327-347232/cases/planforge-ipc2026/h-fill_scp__s-astar/changmin_04_watering/p000/plan.val,results/raw/changmin-heuristics-all-20260912-160327-347232/cases/planforge-ipc2026/h-fill_scp__s-astar/changmin_04_watering/p000
planforge-ipc2026,h-lmcutnumeric__s-astar,lmcutnumeric,astar,changmin_04_watering,p001.pddl,solved,true,0,0.428022,1081804,1081804,,22,7343,108.000000,108,valid,results/raw/changmin-heuristics-all-20260912-160327-347232/cases/planforge-ipc2026/h-lmcutnumeric__s-astar/changmin_04_watering/p001/plan.val,results/raw/changmin-heuristics-all-20260912-160327-347232/cases/planforge-ipc2026/h-lmcutnumeric__s-astar/changmin_04_watering/p001
planforge-ipc2026,h-blind__s-astar,blind,astar,changmin_04_watering,p001.pddl,solved,true,0,0.432860,568504,125664,,22,66546,108.000000,108,valid,results/raw/changmin-heuristics-all-20260912-160327-347232/cases/planforge-ipc2026/h-blind__s-astar/changmin_04_watering/p001/plan.val,results/raw/changmin-heuristics-all-20260912-160327-347232/cases/planforge-ipc2026/h-blind__s-astar/changmin_04_watering/p001
planforge-ipc2026,h-ff__s-astar,ff,astar,changmin_04_watering,p001.pddl,solved,true,0,0.215375,552252,89072,,22,9657,108.000000,108,valid,results/raw/changmin-heuristics-all-20260912-160327-347232/cases/planforge-ipc2026/h-ff__s-astar/changmin_04_watering/p001/plan.val,results/raw/changmin-heuristics-all-20260912-160327-347232/cases/planforge-ipc2026/h-ff__s-astar/changmin_04_watering/p001
planforge-ipc2026,h-greedy_numeric_pdb__s-astar,greedy_numeric_pdb,astar,changmin_04_watering,p001.pddl,solved,true,0,0.642489,1204508,1204508,,22,64650,108.000000,108,valid,results/raw/changmin-heuristics-all-20260912-160327-347232/cases/planforge-ipc2026/h-greedy_numeric_pdb__s-astar/changmin_04_watering/p001/plan.val,results/raw/changmin-heuristics-all-20260912-160327-347232/cases/planforge-ipc2026/h-greedy_numeric_pdb__s-astar/changmin_04_watering/p001
planforge-ipc2026,h-canonical_numeric_pdb__s-astar,canonical_numeric_pdb,astar,changmin_04_watering,p001.pddl,solved,true,0,1.709714,1674860,1674860,,22,28028,108.000000,108,valid,results/raw/changmin-heuristics-all-20260912-160327-347232/cases/planforge-ipc2026/h-canonical_numeric_pdb__s-astar/changmin_04_watering/p001/plan.val,results/raw/changmin-heuristics-all-20260912-160327-347232/cases/planforge-ipc2026/h-canonical_numeric_pdb__s-astar/changmin_04_watering/p001
planforge-ipc2026,h-domain_abstraction__s-astar,domain_abstraction,astar,changmin_04_watering,p001.pddl,timeout,true,timeout,300.087077,3618368,3618368,timeout,,,,,not-run,,results/raw/changmin-heuristics-all-20260912-160327-347232/cases/planforge-ipc2026/h-domain_abstraction__s-astar/changmin_04_watering/p001
planforge-ipc2026,h-canonical_domain_abstractions__s-astar,canonical_domain_abstractions,astar,changmin_04_watering,p001.pddl,solved,true,0,14.925015,1173640,1173640,,22,10887,108.000000,108,valid,results/raw/changmin-heuristics-all-20260912-160327-347232/cases/planforge-ipc2026/h-canonical_domain_abstractions__s-astar/changmin_04_watering/p001/plan.val,results/raw/changmin-heuristics-all-20260912-160327-347232/cases/planforge-ipc2026/h-canonical_domain_abstractions__s-astar/changmin_04_watering/p001
planforge-ipc2026,h-multi_domain_abstractions__s-astar,multi_domain_abstractions,astar,changmin_04_watering,p001.pddl,solved,true,0,12.570176,1165596,1165596,,22,11192,108.000000,108,valid,results/raw/changmin-heuristics-all-20260912-160327-347232/cases/planforge-ipc2026/h-multi_domain_abstractions__s-astar/changmin_04_watering/p001/plan.val,results/raw/changmin-heuristics-all-20260912-160327-347232/cases/planforge-ipc2026/h-multi_domain_abstractions__s-astar/changmin_04_watering/p001
planforge-ipc2026,h-scp_online__s-astar,scp_online,astar,changmin_04_watering,p001.pddl,solved,true,0,17.639224,1371344,1371344,,22,30534,108.000000,108,valid,results/raw/changmin-heuristics-all-20260912-160327-347232/cases/planforge-ipc2026/h-scp_online__s-astar/changmin_04_watering/p001/plan.val,results/raw/changmin-heuristics-all-20260912-160327-347232/cases/planforge-ipc2026/h-scp_online__s-astar/changmin_04_watering/p001
planforge-ipc2026,h-fill_scp__s-astar,fill_scp,astar,changmin_04_watering,p001.pddl,solved,true,0,26.100665,1308828,1308828,,22,30330,108.000000,108,valid,results/raw/changmin-heuristics-all-20260912-160327-347232/cases/planforge-ipc2026/h-fill_scp__s-astar/changmin_04_watering/p001/plan.val,results/raw/changmin-heuristics-all-20260912-160327-347232/cases/planforge-ipc2026/h-fill_scp__s-astar/changmin_04_watering/p001
planforge-ipc2026,h-lmcutnumeric__s-astar,lmcutnumeric,astar,changmin_04_watering,p002.pddl,solved,true,0,24.020980,1485288,1485288,,30,617631,114.000000,114,valid,results/raw/changmin-heuristics-all-20260912-160327-347232/cases/planforge-ipc2026/h-lmcutnumeric__s-astar/changmin_04_watering/p002/plan.val,results/raw/changmin-heuristics-all-20260912-160327-347232/cases/planforge-ipc2026/h-lmcutnumeric__s-astar/changmin_04_watering/p002
planforge-ipc2026,h-blind__s-astar,blind,astar,changmin_04_watering,p002.pddl,solved,true,0,21.144615,4176416,4176416,,30,7409693,114.000000,114,valid,results/raw/changmin-heuristics-all-20260912-160327-347232/cases/planforge-ipc2026/h-blind__s-astar/changmin_04_watering/p002/plan.val,results/raw/changmin-heuristics-all-20260912-160327-347232/cases/planforge-ipc2026/h-blind__s-astar/changmin_04_watering/p002
planforge-ipc2026,h-ff__s-astar,ff,astar,changmin_04_watering,p002.pddl,solved,true,0,9.602746,1859948,1859948,,30,1341125,114.000000,114,valid,results/raw/changmin-heuristics-all-20260912-160327-347232/cases/planforge-ipc2026/h-ff__s-astar/changmin_04_watering/p002/plan.val,results/raw/changmin-heuristics-all-20260912-160327-347232/cases/planforge-ipc2026/h-ff__s-astar/changmin_04_watering/p002
planforge-ipc2026,h-greedy_numeric_pdb__s-astar,greedy_numeric_pdb,astar,changmin_04_watering,p002.pddl,solved,true,0,7.045649,2112228,2112228,,30,2157020,114.000000,114,valid,results/raw/changmin-heuristics-all-20260912-160327-347232/cases/planforge-ipc2026/h-greedy_numeric_pdb__s-astar/changmin_04_watering/p002/plan.val,results/raw/changmin-heuristics-all-20260912-160327-347232/cases/planforge-ipc2026/h-greedy_numeric_pdb__s-astar/changmin_04_watering/p002
planforge-ipc2026,h-canonical_numeric_pdb__s-astar,canonical_numeric_pdb,astar,changmin_04_watering,p002.pddl,solved,true,0,8.750692,2504772,2504772,,30,1423230,114.000000,114,valid,results/raw/changmin-heuristics-all-20260912-160327-347232/cases/planforge-ipc2026/h-canonical_numeric_pdb__s-astar/changmin_04_watering/p002/plan.val,results/raw/changmin-heuristics-all-20260912-160327-347232/cases/planforge-ipc2026/h-canonical_numeric_pdb__s-astar/changmin_04_watering/p002
planforge-ipc2026,h-domain_abstraction__s-astar,domain_abstraction,astar,changmin_04_watering,p002.pddl,timeout,true,timeout,300.219895,5239388,5239388,timeout,,,,,not-run,,results/raw/changmin-heuristics-all-20260912-160327-347232/cases/planforge-ipc2026/h-domain_abstraction__s-astar/changmin_04_watering/p002
planforge-ipc2026,h-canonical_domain_abstractions__s-astar,canonical_domain_abstractions,astar,changmin_04_watering,p002.pddl,timeout,true,timeout,300.052781,1399632,1399632,timeout,,300901,,,not-run,,results/raw/changmin-heuristics-all-20260912-160327-347232/cases/planforge-ipc2026/h-canonical_domain_abstractions__s-astar/changmin_04_watering/p002
planforge-ipc2026,h-multi_domain_abstractions__s-astar,multi_domain_abstractions,astar,changmin_04_watering,p002.pddl,timeout,true,timeout,300.026403,1927720,1927720,timeout,,1417148,,,not-run,,results/raw/changmin-heuristics-all-20260912-160327-347232/cases/planforge-ipc2026/h-multi_domain_abstractions__s-astar/changmin_04_watering/p002
planforge-ipc2026,h-scp_online__s-astar,scp_online,astar,changmin_04_watering,p002.pddl,solved,true,0,41.014308,3827476,3827476,,30,4861797,114.000000,114,valid,results/raw/changmin-heuristics-all-20260912-160327-347232/cases/planforge-ipc2026/h-scp_online__s-astar/changmin_04_watering/p002/plan.val,results/raw/changmin-heuristics-all-20260912-160327-347232/cases/planforge-ipc2026/h-scp_online__s-astar/changmin_04_watering/p002
planforge-ipc2026,h-fill_scp__s-astar,fill_scp,astar,changmin_04_watering,p002.pddl,timeout,true,timeout,300.174221,1984892,1984892,timeout,,1398273,,,not-run,,results/raw/changmin-heuristics-all-20260912-160327-347232/cases/planforge-ipc2026/h-fill_scp__s-astar/changmin_04_watering/p002
planforge-ipc2026,h-lmcutnumeric__s-astar,lmcutnumeric,astar,changmin_04_watering,p003.pddl,solved,true,0,97.716856,2025532,2025532,,38,1458647,184.000000,184,valid,results/raw/changmin-heuristics-all-20260912-160327-347232/cases/planforge-ipc2026/h-lmcutnumeric__s-astar/changmin_04_watering/p003/plan.val,results/raw/changmin-heuristics-all-20260912-160327-347232/cases/planforge-ipc2026/h-lmcutnumeric__s-astar/changmin_04_watering/p003
planforge-ipc2026,h-blind__s-astar,blind,astar,changmin_04_watering,p003.pddl,memory-limit,true,-15,73.731235,12683384,12683384,memory-limit,,25106772,,,not-run,,results/raw/changmin-heuristics-all-20260912-160327-347232/cases/planforge-ipc2026/h-blind__s-astar/changmin_04_watering/p003
planforge-ipc2026,h-ff__s-astar,ff,astar,changmin_04_watering,p003.pddl,solved,true,0,29.641092,3133292,3133292,,38,3681335,184.000000,184,valid,results/raw/changmin-heuristics-all-20260912-160327-347232/cases/planforge-ipc2026/h-ff__s-astar/changmin_04_watering/p003/plan.val,results/raw/changmin-heuristics-all-20260912-160327-347232/cases/planforge-ipc2026/h-ff__s-astar/changmin_04_watering/p003
planforge-ipc2026,h-greedy_numeric_pdb__s-astar,greedy_numeric_pdb,astar,changmin_04_watering,p003.pddl,memory-limit,true,-15,83.705197,12682964,12682964,memory-limit,,23753955,,,not-run,,results/raw/changmin-heuristics-all-20260912-160327-347232/cases/planforge-ipc2026/h-greedy_numeric_pdb__s-astar/changmin_04_watering/p003
planforge-ipc2026,h-canonical_numeric_pdb__s-astar,canonical_numeric_pdb,astar,changmin_04_watering,p003.pddl,solved,true,0,45.924886,5751384,5751384,,38,6699837,184.000000,184,valid,results/raw/changmin-heuristics-all-20260912-160327-347232/cases/planforge-ipc2026/h-canonical_numeric_pdb__s-astar/changmin_04_watering/p003/plan.val,results/raw/changmin-heuristics-all-20260912-160327-347232/cases/planforge-ipc2026/h-canonical_numeric_pdb__s-astar/changmin_04_watering/p003
planforge-ipc2026,h-domain_abstraction__s-astar,domain_abstraction,astar,changmin_04_watering,p003.pddl,timeout,true,timeout,300.085906,3259944,3259944,timeout,,,,,not-run,,results/raw/changmin-heuristics-all-20260912-160327-347232/cases/planforge-ipc2026/h-domain_abstraction__s-astar/changmin_04_watering/p003
planforge-ipc2026,h-canonical_domain_abstractions__s-astar,canonical_domain_abstractions,astar,changmin_04_watering,p003.pddl,timeout,true,timeout,300.034373,1309600,1309600,timeout,,170384,,,not-run,,results/raw/changmin-heuristics-all-20260912-160327-347232/cases/planforge-ipc2026/h-canonical_domain_abstractions__s-astar/changmin_04_watering/p003
planforge-ipc2026,h-multi_domain_abstractions__s-astar,multi_domain_abstractions,astar,changmin_04_watering,p003.pddl,timeout,true,timeout,300.025559,1991208,1991208,timeout,,1319748,,,not-run,,results/raw/changmin-heuristics-all-20260912-160327-347232/cases/planforge-ipc2026/h-multi_domain_abstractions__s-astar/changmin_04_watering/p003
planforge-ipc2026,h-scp_online__s-astar,scp_online,astar,changmin_04_watering,p003.pddl,solved,true,0,109.350608,8961212,8961212,,38,19149712,184.000000,184,valid,results/raw/changmin-heuristics-all-20260912-160327-347232/cases/planforge-ipc2026/h-scp_online__s-astar/changmin_04_watering/p003/plan.val,results/raw/changmin-heuristics-all-20260912-160327-347232/cases/planforge-ipc2026/h-scp_online__s-astar/changmin_04_watering/p003
planforge-ipc2026,h-fill_scp__s-astar,fill_scp,astar,changmin_04_watering,p003.pddl,timeout,true,timeout,300.168753,2051980,2051980,timeout,,1153050,,,not-run,,results/raw/changmin-heuristics-all-20260912-160327-347232/cases/planforge-ipc2026/h-fill_scp__s-astar/changmin_04_watering/p003
planforge-ipc2026,h-lmcutnumeric__s-astar,lmcutnumeric,astar,changmin_04_watering,p004.pddl,timeout,true,timeout,300.163812,3080796,3080796,timeout,,2419647,,,not-run,,results/raw/changmin-heuristics-all-20260912-160327-347232/cases/planforge-ipc2026/h-lmcutnumeric__s-astar/changmin_04_watering/p004
planforge-ipc2026,h-blind__s-astar,blind,astar,changmin_04_watering,p004.pddl,memory-limit,true,-15,65.057763,12745896,12745896,memory-limit,,19085886,,,not-run,,results/raw/changmin-heuristics-all-20260912-160327-347232/cases/planforge-ipc2026/h-blind__s-astar/changmin_04_watering/p004
planforge-ipc2026,h-ff__s-astar,ff,astar,changmin_04_watering,p004.pddl,memory-limit,true,-15,140.117124,12860468,12860468,memory-limit,,14659979,,,not-run,,results/raw/changmin-heuristics-all-20260912-160327-347232/cases/planforge-ipc2026/h-ff__s-astar/changmin_04_watering/p004
planforge-ipc2026,h-greedy_numeric_pdb__s-astar,greedy_numeric_pdb,astar,changmin_04_watering,p004.pddl,memory-limit,true,-15,72.763208,12608616,12608616,memory-limit,,18263194,,,not-run,,results/raw/changmin-heuristics-all-20260912-160327-347232/cases/planforge-ipc2026/h-greedy_numeric_pdb__s-astar/changmin_04_watering/p004
planforge-ipc2026,h-canonical_numeric_pdb__s-astar,canonical_numeric_pdb,astar,changmin_04_watering,p004.pddl,memory-limit,true,-15,131.857318,12784152,12784152,memory-limit,,14335938,,,not-run,,results/raw/changmin-heuristics-all-20260912-160327-347232/cases/planforge-ipc2026/h-canonical_numeric_pdb__s-astar/changmin_04_watering/p004
planforge-ipc2026,h-domain_abstraction__s-astar,domain_abstraction,astar,changmin_04_watering,p004.pddl,timeout,true,timeout,300.175173,3289732,3289732,timeout,,,,,not-run,,results/raw/changmin-heuristics-all-20260912-160327-347232/cases/planforge-ipc2026/h-domain_abstraction__s-astar/changmin_04_watering/p004
planforge-ipc2026,h-canonical_domain_abstractions__s-astar,canonical_domain_abstractions,astar,changmin_04_watering,p004.pddl,timeout,true,timeout,300.109708,1308400,1308400,timeout,,134156,,,not-run,,results/raw/changmin-heuristics-all-20260912-160327-347232/cases/planforge-ipc2026/h-canonical_domain_abstractions__s-astar/changmin_04_watering/p004
planforge-ipc2026,h-multi_domain_abstractions__s-astar,multi_domain_abstractions,astar,changmin_04_watering,p004.pddl,timeout,true,timeout,300.111105,2043592,2043592,timeout,,1093976,,,not-run,,results/raw/changmin-heuristics-all-20260912-160327-347232/cases/planforge-ipc2026/h-multi_domain_abstractions__s-astar/changmin_04_watering/p004
planforge-ipc2026,h-scp_online__s-astar,scp_online,astar,changmin_04_watering,p004.pddl,memory-limit,true,-15,123.450252,12636408,12636408,memory-limit,,18095709,,,not-run,,results/raw/changmin-heuristics-all-20260912-160327-347232/cases/planforge-ipc2026/h-scp_online__s-astar/changmin_04_watering/p004
planforge-ipc2026,h-fill_scp__s-astar,fill_scp,astar,changmin_04_watering,p004.pddl,timeout,true,timeout,300.040482,2074548,2074548,timeout,,935891,,,not-run,,results/raw/changmin-heuristics-all-20260912-160327-347232/cases/planforge-ipc2026/h-fill_scp__s-astar/changmin_04_watering/p004
planforge-ipc2026,h-lmcutnumeric__s-astar,lmcutnumeric,astar,changmin_05_barman,p000.pddl,solved,true,0,0.217389,537888,62176,,3,5,3.000000,3,valid,results/raw/changmin-heuristics-all-20260912-160327-347232/cases/planforge-ipc2026/h-lmcutnumeric__s-astar/changmin_05_barman/p000/plan.val,results/raw/changmin-heuristics-all-20260912-160327-347232/cases/planforge-ipc2026/h-lmcutnumeric__s-astar/changmin_05_barman/p000
planforge-ipc2026,h-blind__s-astar,blind,astar,changmin_05_barman,p000.pddl,solved,true,0,0.215170,537756,21344,,3,9,3.000000,3,valid,results/raw/changmin-heuristics-all-20260912-160327-347232/cases/planforge-ipc2026/h-blind__s-astar/changmin_05_barman/p000/plan.val,results/raw/changmin-heuristics-all-20260912-160327-347232/cases/planforge-ipc2026/h-blind__s-astar/changmin_05_barman/p000
planforge-ipc2026,h-ff__s-astar,ff,astar,changmin_05_barman,p000.pddl,solved,true,0,0.225513,537760,43936,,3,4,3.000000,3,valid,results/raw/changmin-heuristics-all-20260912-160327-347232/cases/planforge-ipc2026/h-ff__s-astar/changmin_05_barman/p000/plan.val,results/raw/changmin-heuristics-all-20260912-160327-347232/cases/planforge-ipc2026/h-ff__s-astar/changmin_05_barman/p000
planforge-ipc2026,h-lmcutnumeric__s-astar,lmcutnumeric,astar,changmin_05_barman,p001.pddl,timeout,true,timeout,300.231297,1169452,1169452,timeout,,19042,,,not-run,,results/raw/changmin-heuristics-all-20260912-160327-347232/cases/planforge-ipc2026/h-lmcutnumeric__s-astar/changmin_05_barman/p001
planforge-ipc2026,h-blind__s-astar,blind,astar,changmin_05_barman,p001.pddl,solved,true,0,86.801829,8219448,8219448,,26,27184541,74.000000,74,valid,results/raw/changmin-heuristics-all-20260912-160327-347232/cases/planforge-ipc2026/h-blind__s-astar/changmin_05_barman/p001/plan.val,results/raw/changmin-heuristics-all-20260912-160327-347232/cases/planforge-ipc2026/h-blind__s-astar/changmin_05_barman/p001
planforge-ipc2026,h-ff__s-astar,ff,astar,changmin_05_barman,p001.pddl,solved,true,0,7.033550,1257728,1257728,,28,345714,76.000000,76,valid,results/raw/changmin-heuristics-all-20260912-160327-347232/cases/planforge-ipc2026/h-ff__s-astar/changmin_05_barman/p001/plan.val,results/raw/changmin-heuristics-all-20260912-160327-347232/cases/planforge-ipc2026/h-ff__s-astar/changmin_05_barman/p001
planforge-ipc2026,h-lmcutnumeric__s-astar,lmcutnumeric,astar,changmin_05_barman,p002.pddl,timeout,true,timeout,300.151988,1343920,1343920,timeout,,5131,,,not-run,,results/raw/changmin-heuristics-all-20260912-160327-347232/cases/planforge-ipc2026/h-lmcutnumeric__s-astar/changmin_05_barman/p002
planforge-ipc2026,h-blind__s-astar,blind,astar,changmin_05_barman,p002.pddl,memory-limit,true,-15,90.094945,12776480,12776480,memory-limit,,13537356,,,not-run,,results/raw/changmin-heuristics-all-20260912-160327-347232/cases/planforge-ipc2026/h-blind__s-astar/changmin_05_barman/p002
planforge-ipc2026,h-ff__s-astar,ff,astar,changmin_05_barman,p002.pddl,timeout,true,timeout,300.212673,6754660,6754660,timeout,,7148718,,,not-run,,results/raw/changmin-heuristics-all-20260912-160327-347232/cases/planforge-ipc2026/h-ff__s-astar/changmin_05_barman/p002
planforge-ipc2026,h-lmcutnumeric__s-astar,lmcutnumeric,astar,changmin_05_barman,p003.pddl,timeout,true,timeout,300.209286,2619968,2619968,timeout,,73,,,not-run,,results/raw/changmin-heuristics-all-20260912-160327-347232/cases/planforge-ipc2026/h-lmcutnumeric__s-astar/changmin_05_barman/p003
planforge-ipc2026,h-blind__s-astar,blind,astar,changmin_05_barman,p003.pddl,memory-limit,true,-15,91.724200,12647248,12647248,memory-limit,,10538848,,,not-run,,results/raw/changmin-heuristics-all-20260912-160327-347232/cases/planforge-ipc2026/h-blind__s-astar/changmin_05_barman/p003
planforge-ipc2026,h-ff__s-astar,ff,astar,changmin_05_barman,p003.pddl,timeout,true,timeout,300.068122,3678688,3678688,timeout,,2015501,,,not-run,,results/raw/changmin-heuristics-all-20260912-160327-347232/cases/planforge-ipc2026/h-ff__s-astar/changmin_05_barman/p003
planforge-ipc2026,h-lmcutnumeric__s-astar,lmcutnumeric,astar,changmin_05_barman,p004.pddl,timeout,true,timeout,300.136135,4148076,4148076,timeout,,228,,,not-run,,results/raw/changmin-heuristics-all-20260912-160327-347232/cases/planforge-ipc2026/h-lmcutnumeric__s-astar/changmin_05_barman/p004
planforge-ipc2026,h-blind__s-astar,blind,astar,changmin_05_barman,p004.pddl,memory-limit,true,-15,100.137468,12598220,12598220,memory-limit,,6118451,,,not-run,,results/raw/changmin-heuristics-all-20260912-160327-347232/cases/planforge-ipc2026/h-blind__s-astar/changmin_05_barman/p004
planforge-ipc2026,h-ff__s-astar,ff,astar,changmin_05_barman,p004.pddl,timeout,true,timeout,300.225511,3303704,3303704,timeout,,750891,,,not-run,,results/raw/changmin-heuristics-all-20260912-160327-347232/cases/planforge-ipc2026/h-ff__s-astar/changmin_05_barman/p004
planforge-ipc2026,h-lmcutnumeric__s-astar,lmcutnumeric,astar,changmin_06_assembly,p000.pddl,solved,true,0,0.215905,538020,37876,,6,7,6.000000,6,valid,results/raw/changmin-heuristics-all-20260912-160327-347232/cases/planforge-ipc2026/h-lmcutnumeric__s-astar/changmin_06_assembly/p000/plan.val,results/raw/changmin-heuristics-all-20260912-160327-347232/cases/planforge-ipc2026/h-lmcutnumeric__s-astar/changmin_06_assembly/p000
planforge-ipc2026,h-blind__s-astar,blind,astar,changmin_06_assembly,p000.pddl,solved,true,0,0.213095,537760,4944,,6,8,6.000000,6,valid,results/raw/changmin-heuristics-all-20260912-160327-347232/cases/planforge-ipc2026/h-blind__s-astar/changmin_06_assembly/p000/plan.val,results/raw/changmin-heuristics-all-20260912-160327-347232/cases/planforge-ipc2026/h-blind__s-astar/changmin_06_assembly/p000
planforge-ipc2026,h-ff__s-astar,ff,astar,changmin_06_assembly,p000.pddl,solved,true,0,0.218514,537884,58132,,6,7,6.000000,6,valid,results/raw/changmin-heuristics-all-20260912-160327-347232/cases/planforge-ipc2026/h-ff__s-astar/changmin_06_assembly/p000/plan.val,results/raw/changmin-heuristics-all-20260912-160327-347232/cases/planforge-ipc2026/h-ff__s-astar/changmin_06_assembly/p000
planforge-ipc2026,h-greedy_numeric_pdb__s-astar,greedy_numeric_pdb,astar,changmin_06_assembly,p000.pddl,solved,true,0,0.434651,1155312,1155312,,6,8,6.000000,6,valid,results/raw/changmin-heuristics-all-20260912-160327-347232/cases/planforge-ipc2026/h-greedy_numeric_pdb__s-astar/changmin_06_assembly/p000/plan.val,results/raw/changmin-heuristics-all-20260912-160327-347232/cases/planforge-ipc2026/h-greedy_numeric_pdb__s-astar/changmin_06_assembly/p000
planforge-ipc2026,h-canonical_numeric_pdb__s-astar,canonical_numeric_pdb,astar,changmin_06_assembly,p000.pddl,solved,true,0,0.224665,798204,39776,,6,8,6.000000,6,valid,results/raw/changmin-heuristics-all-20260912-160327-347232/cases/planforge-ipc2026/h-canonical_numeric_pdb__s-astar/changmin_06_assembly/p000/plan.val,results/raw/changmin-heuristics-all-20260912-160327-347232/cases/planforge-ipc2026/h-canonical_numeric_pdb__s-astar/changmin_06_assembly/p000
planforge-ipc2026,h-domain_abstraction__s-astar,domain_abstraction,astar,changmin_06_assembly,p000.pddl,solved,true,0,0.215167,538260,23396,,6,7,6.000000,6,valid,results/raw/changmin-heuristics-all-20260912-160327-347232/cases/planforge-ipc2026/h-domain_abstraction__s-astar/changmin_06_assembly/p000/plan.val,results/raw/changmin-heuristics-all-20260912-160327-347232/cases/planforge-ipc2026/h-domain_abstraction__s-astar/changmin_06_assembly/p000
planforge-ipc2026,h-canonical_domain_abstractions__s-astar,canonical_domain_abstractions,astar,changmin_06_assembly,p000.pddl,solved,true,0,0.216822,538148,91108,,6,7,6.000000,6,valid,results/raw/changmin-heuristics-all-20260912-160327-347232/cases/planforge-ipc2026/h-canonical_domain_abstractions__s-astar/changmin_06_assembly/p000/plan.val,results/raw/changmin-heuristics-all-20260912-160327-347232/cases/planforge-ipc2026/h-canonical_domain_abstractions__s-astar/changmin_06_assembly/p000
planforge-ipc2026,h-multi_domain_abstractions__s-astar,multi_domain_abstractions,astar,changmin_06_assembly,p000.pddl,solved,true,0,0.216853,538144,88920,,6,7,6.000000,6,valid,results/raw/changmin-heuristics-all-20260912-160327-347232/cases/planforge-ipc2026/h-multi_domain_abstractions__s-astar/changmin_06_assembly/p000/plan.val,results/raw/changmin-heuristics-all-20260912-160327-347232/cases/planforge-ipc2026/h-multi_domain_abstractions__s-astar/changmin_06_assembly/p000
planforge-ipc2026,h-scp_online__s-astar,scp_online,astar,changmin_06_assembly,p000.pddl,solved,true,0,0.219811,538148,23412,,6,7,6.000000,6,valid,results/raw/changmin-heuristics-all-20260912-160327-347232/cases/planforge-ipc2026/h-scp_online__s-astar/changmin_06_assembly/p000/plan.val,results/raw/changmin-heuristics-all-20260912-160327-347232/cases/planforge-ipc2026/h-scp_online__s-astar/changmin_06_assembly/p000
planforge-ipc2026,h-fill_scp__s-astar,fill_scp,astar,changmin_06_assembly,p000.pddl,solved,true,0,0.213328,538400,58356,,6,7,6.000000,6,valid,results/raw/changmin-heuristics-all-20260912-160327-347232/cases/planforge-ipc2026/h-fill_scp__s-astar/changmin_06_assembly/p000/plan.val,results/raw/changmin-heuristics-all-20260912-160327-347232/cases/planforge-ipc2026/h-fill_scp__s-astar/changmin_06_assembly/p000
planforge-ipc2026,h-lmcutnumeric__s-astar,lmcutnumeric,astar,changmin_06_assembly,p001.pddl,solved,true,0,0.216347,538004,97108,,35,117,90.000000,90,valid,results/raw/changmin-heuristics-all-20260912-160327-347232/cases/planforge-ipc2026/h-lmcutnumeric__s-astar/changmin_06_assembly/p001/plan.val,results/raw/changmin-heuristics-all-20260912-160327-347232/cases/planforge-ipc2026/h-lmcutnumeric__s-astar/changmin_06_assembly/p001
planforge-ipc2026,h-blind__s-astar,blind,astar,changmin_06_assembly,p001.pddl,solved,true,0,0.216592,537764,99196,,35,182,90.000000,90,valid,results/raw/changmin-heuristics-all-20260912-160327-347232/cases/planforge-ipc2026/h-blind__s-astar/changmin_06_assembly/p001/plan.val,results/raw/changmin-heuristics-all-20260912-160327-347232/cases/planforge-ipc2026/h-blind__s-astar/changmin_06_assembly/p001
planforge-ipc2026,h-ff__s-astar,ff,astar,changmin_06_assembly,p001.pddl,solved,true,0,0.216674,537764,101348,,37,131,90.000000,90,valid,results/raw/changmin-heuristics-all-20260912-160327-347232/cases/planforge-ipc2026/h-ff__s-astar/changmin_06_assembly/p001/plan.val,results/raw/changmin-heuristics-all-20260912-160327-347232/cases/planforge-ipc2026/h-ff__s-astar/changmin_06_assembly/p001
planforge-ipc2026,h-greedy_numeric_pdb__s-astar,greedy_numeric_pdb,astar,changmin_06_assembly,p001.pddl,solved,true,0,0.429283,1126740,1126740,,37,178,90.000000,90,valid,results/raw/changmin-heuristics-all-20260912-160327-347232/cases/planforge-ipc2026/h-greedy_numeric_pdb__s-astar/changmin_06_assembly/p001/plan.val,results/raw/changmin-heuristics-all-20260912-160327-347232/cases/planforge-ipc2026/h-greedy_numeric_pdb__s-astar/changmin_06_assembly/p001
planforge-ipc2026,h-canonical_numeric_pdb__s-astar,canonical_numeric_pdb,astar,changmin_06_assembly,p001.pddl,solved,true,0,1.921181,2419004,2419004,,37,178,90.000000,90,valid,results/raw/changmin-heuristics-all-20260912-160327-347232/cases/planforge-ipc2026/h-canonical_numeric_pdb__s-astar/changmin_06_assembly/p001/plan.val,results/raw/changmin-heuristics-all-20260912-160327-347232/cases/planforge-ipc2026/h-canonical_numeric_pdb__s-astar/changmin_06_assembly/p001
planforge-ipc2026,h-domain_abstraction__s-astar,domain_abstraction,astar,changmin_06_assembly,p001.pddl,timeout,true,timeout,300.044682,10376764,10376764,timeout,,,,,not-run,,results/raw/changmin-heuristics-all-20260912-160327-347232/cases/planforge-ipc2026/h-domain_abstraction__s-astar/changmin_06_assembly/p001
planforge-ipc2026,h-canonical_domain_abstractions__s-astar,canonical_domain_abstractions,astar,changmin_06_assembly,p001.pddl,solved,true,0,262.555614,6354020,6354020,,37,142,90.000000,90,valid,results/raw/changmin-heuristics-all-20260912-160327-347232/cases/planforge-ipc2026/h-canonical_domain_abstractions__s-astar/changmin_06_assembly/p001/plan.val,results/raw/changmin-heuristics-all-20260912-160327-347232/cases/planforge-ipc2026/h-canonical_domain_abstractions__s-astar/changmin_06_assembly/p001
planforge-ipc2026,h-multi_domain_abstractions__s-astar,multi_domain_abstractions,astar,changmin_06_assembly,p001.pddl,solved,true,0,10.271775,1223256,1223256,,35,145,90.000000,90,valid,results/raw/changmin-heuristics-all-20260912-160327-347232/cases/planforge-ipc2026/h-multi_domain_abstractions__s-astar/changmin_06_assembly/p001/plan.val,results/raw/changmin-heuristics-all-20260912-160327-347232/cases/planforge-ipc2026/h-multi_domain_abstractions__s-astar/changmin_06_assembly/p001
planforge-ipc2026,h-scp_online__s-astar,scp_online,astar,changmin_06_assembly,p001.pddl,solved,true,0,21.254118,1638060,1638060,,35,158,90.000000,90,valid,results/raw/changmin-heuristics-all-20260912-160327-347232/cases/planforge-ipc2026/h-scp_online__s-astar/changmin_06_assembly/p001/plan.val,results/raw/changmin-heuristics-all-20260912-160327-347232/cases/planforge-ipc2026/h-scp_online__s-astar/changmin_06_assembly/p001
planforge-ipc2026,h-fill_scp__s-astar,fill_scp,astar,changmin_06_assembly,p001.pddl,solved,true,0,27.846842,1527496,1527496,,37,135,90.000000,90,valid,results/raw/changmin-heuristics-all-20260912-160327-347232/cases/planforge-ipc2026/h-fill_scp__s-astar/changmin_06_assembly/p001/plan.val,results/raw/changmin-heuristics-all-20260912-160327-347232/cases/planforge-ipc2026/h-fill_scp__s-astar/changmin_06_assembly/p001
planforge-ipc2026,h-lmcutnumeric__s-astar,lmcutnumeric,astar,changmin_06_assembly,p002.pddl,solved,true,0,0.428903,1083836,1083836,,54,5225,138.000000,138,valid,results/raw/changmin-heuristics-all-20260912-160327-347232/cases/planforge-ipc2026/h-lmcutnumeric__s-astar/changmin_06_assembly/p002/plan.val,results/raw/changmin-heuristics-all-20260912-160327-347232/cases/planforge-ipc2026/h-lmcutnumeric__s-astar/changmin_06_assembly/p002
planforge-ipc2026,h-blind__s-astar,blind,astar,changmin_06_assembly,p002.pddl,solved,true,0,0.217024,552252,101220,,54,14584,138.000000,138,valid,results/raw/changmin-heuristics-all-20260912-160327-347232/cases/planforge-ipc2026/h-blind__s-astar/changmin_06_assembly/p002/plan.val,results/raw/changmin-heuristics-all-20260912-160327-347232/cases/planforge-ipc2026/h-blind__s-astar/changmin_06_assembly/p002
planforge-ipc2026,h-ff__s-astar,ff,astar,changmin_06_assembly,p002.pddl,solved,true,0,0.216736,548032,109552,,56,11741,138.000000,138,valid,results/raw/changmin-heuristics-all-20260912-160327-347232/cases/planforge-ipc2026/h-ff__s-astar/changmin_06_assembly/p002/plan.val,results/raw/changmin-heuristics-all-20260912-160327-347232/cases/planforge-ipc2026/h-ff__s-astar/changmin_06_assembly/p002
planforge-ipc2026,h-greedy_numeric_pdb__s-astar,greedy_numeric_pdb,astar,changmin_06_assembly,p002.pddl,solved,true,0,0.646386,1184348,1184348,,56,14261,138.000000,138,valid,results/raw/changmin-heuristics-all-20260912-160327-347232/cases/planforge-ipc2026/h-greedy_numeric_pdb__s-astar/changmin_06_assembly/p002/plan.val,results/raw/changmin-heuristics-all-20260912-160327-347232/cases/planforge-ipc2026/h-greedy_numeric_pdb__s-astar/changmin_06_assembly/p002
planforge-ipc2026,h-canonical_numeric_pdb__s-astar,canonical_numeric_pdb,astar,changmin_06_assembly,p002.pddl,solved,true,0,253.435666,3320532,3320532,,56,14261,138.000000,138,valid,results/raw/changmin-heuristics-all-20260912-160327-347232/cases/planforge-ipc2026/h-canonical_numeric_pdb__s-astar/changmin_06_assembly/p002/plan.val,results/raw/changmin-heuristics-all-20260912-160327-347232/cases/planforge-ipc2026/h-canonical_numeric_pdb__s-astar/changmin_06_assembly/p002
planforge-ipc2026,h-domain_abstraction__s-astar,domain_abstraction,astar,changmin_06_assembly,p002.pddl,timeout,true,timeout,300.201455,5925384,5925384,timeout,,,,,not-run,,results/raw/changmin-heuristics-all-20260912-160327-347232/cases/planforge-ipc2026/h-domain_abstraction__s-astar/changmin_06_assembly/p002
planforge-ipc2026,h-canonical_domain_abstractions__s-astar,canonical_domain_abstractions,astar,changmin_06_assembly,p002.pddl,memory-limit,true,-15,295.168334,12589988,12589988,memory-limit,,,,,not-run,,results/raw/changmin-heuristics-all-20260912-160327-347232/cases/planforge-ipc2026/h-canonical_domain_abstractions__s-astar/changmin_06_assembly/p002
planforge-ipc2026,h-multi_domain_abstractions__s-astar,multi_domain_abstractions,astar,changmin_06_assembly,p002.pddl,solved,true,0,11.961758,1240548,1240548,,54,14407,138.000000,138,valid,results/raw/changmin-heuristics-all-20260912-160327-347232/cases/planforge-ipc2026/h-multi_domain_abstractions__s-astar/changmin_06_assembly/p002/plan.val,results/raw/changmin-heuristics-all-20260912-160327-347232/cases/planforge-ipc2026/h-multi_domain_abstractions__s-astar/changmin_06_assembly/p002
planforge-ipc2026,h-scp_online__s-astar,scp_online,astar,changmin_06_assembly,p002.pddl,solved,true,0,22.097304,1691532,1691532,,56,14252,138.000000,138,valid,results/raw/changmin-heuristics-all-20260912-160327-347232/cases/planforge-ipc2026/h-scp_online__s-astar/changmin_06_assembly/p002/plan.val,results/raw/changmin-heuristics-all-20260912-160327-347232/cases/planforge-ipc2026/h-scp_online__s-astar/changmin_06_assembly/p002
planforge-ipc2026,h-fill_scp__s-astar,fill_scp,astar,changmin_06_assembly,p002.pddl,solved,true,0,32.269159,1505928,1505928,,56,12743,138.000000,138,valid,results/raw/changmin-heuristics-all-20260912-160327-347232/cases/planforge-ipc2026/h-fill_scp__s-astar/changmin_06_assembly/p002/plan.val,results/raw/changmin-heuristics-all-20260912-160327-347232/cases/planforge-ipc2026/h-fill_scp__s-astar/changmin_06_assembly/p002
planforge-ipc2026,h-lmcutnumeric__s-astar,lmcutnumeric,astar,changmin_06_assembly,p003.pddl,solved,true,0,67.543490,1530876,1530876,,64,1098797,176.000000,176,valid,results/raw/changmin-heuristics-all-20260912-160327-347232/cases/planforge-ipc2026/h-lmcutnumeric__s-astar/changmin_06_assembly/p003/plan.val,results/raw/changmin-heuristics-all-20260912-160327-347232/cases/planforge-ipc2026/h-lmcutnumeric__s-astar/changmin_06_assembly/p003
planforge-ipc2026,h-blind__s-astar,blind,astar,changmin_06_assembly,p003.pddl,solved,true,0,9.617895,1864028,1864028,,64,2263017,176.000000,176,valid,results/raw/changmin-heuristics-all-20260912-160327-347232/cases/planforge-ipc2026/h-blind__s-astar/changmin_06_assembly/p003/plan.val,results/raw/changmin-heuristics-all-20260912-160327-347232/cases/planforge-ipc2026/h-blind__s-astar/changmin_06_assembly/p003
planforge-ipc2026,h-ff__s-astar,ff,astar,changmin_06_assembly,p003.pddl,solved,true,0,21.117153,1878312,1878312,,64,2135345,176.000000,176,valid,results/raw/changmin-heuristics-all-20260912-160327-347232/cases/planforge-ipc2026/h-ff__s-astar/changmin_06_assembly/p003/plan.val,results/raw/changmin-heuristics-all-20260912-160327-347232/cases/planforge-ipc2026/h-ff__s-astar/changmin_06_assembly/p003
planforge-ipc2026,h-greedy_numeric_pdb__s-astar,greedy_numeric_pdb,astar,changmin_06_assembly,p003.pddl,solved,true,0,10.462448,2023700,2023700,,64,2251070,176.000000,176,valid,results/raw/changmin-heuristics-all-20260912-160327-347232/cases/planforge-ipc2026/h-greedy_numeric_pdb__s-astar/changmin_06_assembly/p003/plan.val,results/raw/changmin-heuristics-all-20260912-160327-347232/cases/planforge-ipc2026/h-greedy_numeric_pdb__s-astar/changmin_06_assembly/p003
planforge-ipc2026,h-canonical_numeric_pdb__s-astar,canonical_numeric_pdb,astar,changmin_06_assembly,p003.pddl,memory-limit,true,-15,87.290193,12678536,12678536,memory-limit,,,,,not-run,,results/raw/changmin-heuristics-all-20260912-160327-347232/cases/planforge-ipc2026/h-canonical_numeric_pdb__s-astar/changmin_06_assembly/p003
planforge-ipc2026,h-domain_abstraction__s-astar,domain_abstraction,astar,changmin_06_assembly,p003.pddl,timeout,true,timeout,300.073055,2165488,2165488,timeout,,,,,not-run,,results/raw/changmin-heuristics-all-20260912-160327-347232/cases/planforge-ipc2026/h-domain_abstraction__s-astar/changmin_06_assembly/p003
planforge-ipc2026,h-canonical_domain_abstractions__s-astar,canonical_domain_abstractions,astar,changmin_06_assembly,p003.pddl,crash,true,1,4.275714,1121604,1121604,,,,,,not-run,,results/raw/changmin-heuristics-all-20260912-160327-347232/cases/planforge-ipc2026/h-canonical_domain_abstractions__s-astar/changmin_06_assembly/p003
planforge-ipc2026,h-multi_domain_abstractions__s-astar,multi_domain_abstractions,astar,changmin_06_assembly,p003.pddl,crash,true,1,0.644806,1079888,1079888,,,,,,not-run,,results/raw/changmin-heuristics-all-20260912-160327-347232/cases/planforge-ipc2026/h-multi_domain_abstractions__s-astar/changmin_06_assembly/p003
planforge-ipc2026,h-scp_online__s-astar,scp_online,astar,changmin_06_assembly,p003.pddl,crash,true,1,5.740468,1213976,1213976,,,,,,not-run,,results/raw/changmin-heuristics-all-20260912-160327-347232/cases/planforge-ipc2026/h-scp_online__s-astar/changmin_06_assembly/p003
planforge-ipc2026,h-fill_scp__s-astar,fill_scp,astar,changmin_06_assembly,p003.pddl,crash,true,1,0.426425,1081848,1081848,,,,,,not-run,,results/raw/changmin-heuristics-all-20260912-160327-347232/cases/planforge-ipc2026/h-fill_scp__s-astar/changmin_06_assembly/p003
planforge-ipc2026,h-lmcutnumeric__s-astar,lmcutnumeric,astar,changmin_06_assembly,p004.pddl,timeout,true,timeout,300.218972,2974336,2974336,timeout,,2150344,,,not-run,,results/raw/changmin-heuristics-all-20260912-160327-347232/cases/planforge-ipc2026/h-lmcutnumeric__s-astar/changmin_06_assembly/p004
planforge-ipc2026,h-blind__s-astar,blind,astar,changmin_06_assembly,p004.pddl,memory-limit,true,-15,159.021774,12696624,12696624,memory-limit,,27361679,,,not-run,,results/raw/changmin-heuristics-all-20260912-160327-347232/cases/planforge-ipc2026/h-blind__s-astar/changmin_06_assembly/p004
planforge-ipc2026,h-ff__s-astar,ff,astar,changmin_06_assembly,p004.pddl,timeout,true,timeout,300.107246,11875020,11875020,timeout,,17898051,,,not-run,,results/raw/changmin-heuristics-all-20260912-160327-347232/cases/planforge-ipc2026/h-ff__s-astar/changmin_06_assembly/p004
planforge-ipc2026,h-greedy_numeric_pdb__s-astar,greedy_numeric_pdb,astar,changmin_06_assembly,p004.pddl,memory-limit,true,-15,157.649751,12647340,12647340,memory-limit,,25454576,,,not-run,,results/raw/changmin-heuristics-all-20260912-160327-347232/cases/planforge-ipc2026/h-greedy_numeric_pdb__s-astar/changmin_06_assembly/p004
planforge-ipc2026,h-canonical_numeric_pdb__s-astar,canonical_numeric_pdb,astar,changmin_06_assembly,p004.pddl,memory-limit,true,-15,76.131927,12695860,12695860,memory-limit,,,,,not-run,,results/raw/changmin-heuristics-all-20260912-160327-347232/cases/planforge-ipc2026/h-canonical_numeric_pdb__s-astar/changmin_06_assembly/p004
planforge-ipc2026,h-domain_abstraction__s-astar,domain_abstraction,astar,changmin_06_assembly,p004.pddl,timeout,true,timeout,300.185015,1776196,1776196,timeout,,,,,not-run,,results/raw/changmin-heuristics-all-20260912-160327-347232/cases/planforge-ipc2026/h-domain_abstraction__s-astar/changmin_06_assembly/p004
planforge-ipc2026,h-canonical_domain_abstractions__s-astar,canonical_domain_abstractions,astar,changmin_06_assembly,p004.pddl,memory-limit,true,-15,274.983467,12587692,12587692,memory-limit,,,,,not-run,,results/raw/changmin-heuristics-all-20260912-160327-347232/cases/planforge-ipc2026/h-canonical_domain_abstractions__s-astar/changmin_06_assembly/p004
planforge-ipc2026,h-multi_domain_abstractions__s-astar,multi_domain_abstractions,astar,changmin_06_assembly,p004.pddl,crash,true,1,2.992613,1106256,1106256,,,,,,not-run,,results/raw/changmin-heuristics-all-20260912-160327-347232/cases/planforge-ipc2026/h-multi_domain_abstractions__s-astar/changmin_06_assembly/p004
planforge-ipc2026,h-scp_online__s-astar,scp_online,astar,changmin_06_assembly,p004.pddl,memory-limit,true,-15,231.686834,12792544,12792544,memory-limit,,24916725,,,not-run,,results/raw/changmin-heuristics-all-20260912-160327-347232/cases/planforge-ipc2026/h-scp_online__s-astar/changmin_06_assembly/p004
planforge-ipc2026,h-fill_scp__s-astar,fill_scp,astar,changmin_06_assembly,p004.pddl,crash,true,1,2.763439,1099728,1099728,,,,,,not-run,,results/raw/changmin-heuristics-all-20260912-160327-347232/cases/planforge-ipc2026/h-fill_scp__s-astar/changmin_06_assembly/p004
popf-static-v2,h-rpg__s-default,rpg,default,changmin_01_blocksworld,p000.pddl,solved,true,0,0.218491,5376,4888,,1,,1.000,1,valid,results/raw/changmin-heuristics-all-20260912-160327-347232/cases/popf-static-v2/h-rpg__s-default/changmin_01_blocksworld/p000/plan.val,results/raw/changmin-heuristics-all-20260912-160327-347232/cases/popf-static-v2/h-rpg__s-default/changmin_01_blocksworld/p000
popf-static-v2,h-rpg__s-default,rpg,default,changmin_01_blocksworld,p001.pddl,solved,true,0,0.221874,7680,7272,,8,,8.000,8,valid,results/raw/changmin-heuristics-all-20260912-160327-347232/cases/popf-static-v2/h-rpg__s-default/changmin_01_blocksworld/p001/plan.val,results/raw/changmin-heuristics-all-20260912-160327-347232/cases/popf-static-v2/h-rpg__s-default/changmin_01_blocksworld/p001
popf-static-v2,h-rpg__s-default,rpg,default,changmin_01_blocksworld,p002.pddl,solved,true,timeout,300.152324,3562632,3562632,timeout,16,,,16,valid,results/raw/changmin-heuristics-all-20260912-160327-347232/cases/popf-static-v2/h-rpg__s-default/changmin_01_blocksworld/p002/plan.val,results/raw/changmin-heuristics-all-20260912-160327-347232/cases/popf-static-v2/h-rpg__s-default/changmin_01_blocksworld/p002
popf-static-v2,h-rpg__s-default,rpg,default,changmin_01_blocksworld,p003.pddl,solved,true,134,218.366944,4191804,4191804,,28,,,28,valid,results/raw/changmin-heuristics-all-20260912-160327-347232/cases/popf-static-v2/h-rpg__s-default/changmin_01_blocksworld/p003/plan.val,results/raw/changmin-heuristics-all-20260912-160327-347232/cases/popf-static-v2/h-rpg__s-default/changmin_01_blocksworld/p003
popf-static-v2,h-rpg__s-default,rpg,default,changmin_01_blocksworld,p004.pddl,solved,true,134,228.701649,4192004,4192004,,26,,,26,valid,results/raw/changmin-heuristics-all-20260912-160327-347232/cases/popf-static-v2/h-rpg__s-default/changmin_01_blocksworld/p004/plan.val,results/raw/changmin-heuristics-all-20260912-160327-347232/cases/popf-static-v2/h-rpg__s-default/changmin_01_blocksworld/p004
popf-static-v2,h-rpg__s-default,rpg,default,changmin_02_logistics,p000.pddl,solved,true,0,0.214850,5632,0,,3,,4.000,4,valid,results/raw/changmin-heuristics-all-20260912-160327-347232/cases/popf-static-v2/h-rpg__s-default/changmin_02_logistics/p000/plan.val,results/raw/changmin-heuristics-all-20260912-160327-347232/cases/popf-static-v2/h-rpg__s-default/changmin_02_logistics/p000
popf-static-v2,h-rpg__s-default,rpg,default,changmin_02_logistics,p001.pddl,solved,true,134,112.473598,4190976,4190432,,15,,,50,valid,results/raw/changmin-heuristics-all-20260912-160327-347232/cases/popf-static-v2/h-rpg__s-default/changmin_02_logistics/p001/plan.val,results/raw/changmin-heuristics-all-20260912-160327-347232/cases/popf-static-v2/h-rpg__s-default/changmin_02_logistics/p001
popf-static-v2,h-rpg__s-default,rpg,default,changmin_02_logistics,p002.pddl,solved,true,134,224.542717,4192544,4192544,,1147,,,,invalid,results/raw/changmin-heuristics-all-20260912-160327-347232/cases/popf-static-v2/h-rpg__s-default/changmin_02_logistics/p002/plan.val,results/raw/changmin-heuristics-all-20260912-160327-347232/cases/popf-static-v2/h-rpg__s-default/changmin_02_logistics/p002
popf-static-v2,h-rpg__s-default,rpg,default,changmin_02_logistics,p003.pddl,solved,true,timeout,300.185927,3651564,3651564,timeout,331,,,,invalid,results/raw/changmin-heuristics-all-20260912-160327-347232/cases/popf-static-v2/h-rpg__s-default/changmin_02_logistics/p003/plan.val,results/raw/changmin-heuristics-all-20260912-160327-347232/cases/popf-static-v2/h-rpg__s-default/changmin_02_logistics/p003
popf-static-v2,h-rpg__s-default,rpg,default,changmin_02_logistics,p004.pddl,solved,true,timeout,300.198432,4144832,4144832,timeout,69,,,621,valid,results/raw/changmin-heuristics-all-20260912-160327-347232/cases/popf-static-v2/h-rpg__s-default/changmin_02_logistics/p004/plan.val,results/raw/changmin-heuristics-all-20260912-160327-347232/cases/popf-static-v2/h-rpg__s-default/changmin_02_logistics/p004
popf-static-v2,h-rpg__s-default,rpg,default,changmin_03_books,p000.pddl,solved,true,0,0.220580,5632,0,,2,,2.000,2,valid,results/raw/changmin-heuristics-all-20260912-160327-347232/cases/popf-static-v2/h-rpg__s-default/changmin_03_books/p000/plan.val,results/raw/changmin-heuristics-all-20260912-160327-347232/cases/popf-static-v2/h-rpg__s-default/changmin_03_books/p000
popf-static-v2,h-rpg__s-default,rpg,default,changmin_03_books,p001.pddl,solved,true,134,145.726402,4191872,4190004,,54,,,,invalid,results/raw/changmin-heuristics-all-20260912-160327-347232/cases/popf-static-v2/h-rpg__s-default/changmin_03_books/p001/plan.val,results/raw/changmin-heuristics-all-20260912-160327-347232/cases/popf-static-v2/h-rpg__s-default/changmin_03_books/p001
popf-static-v2,h-rpg__s-default,rpg,default,changmin_03_books,p002.pddl,solved,true,134,256.694178,4191104,4190980,,94,,,,invalid,results/raw/changmin-heuristics-all-20260912-160327-347232/cases/popf-static-v2/h-rpg__s-default/changmin_03_books/p002/plan.val,results/raw/changmin-heuristics-all-20260912-160327-347232/cases/popf-static-v2/h-rpg__s-default/changmin_03_books/p002
popf-static-v2,h-rpg__s-default,rpg,default,changmin_03_books,p003.pddl,solved,true,timeout,300.206801,4084896,4084896,timeout,219,,,,invalid,results/raw/changmin-heuristics-all-20260912-160327-347232/cases/popf-static-v2/h-rpg__s-default/changmin_03_books/p003/plan.val,results/raw/changmin-heuristics-all-20260912-160327-347232/cases/popf-static-v2/h-rpg__s-default/changmin_03_books/p003
popf-static-v2,h-rpg__s-default,rpg,default,changmin_03_books,p004.pddl,solved,true,timeout,300.033768,3350132,3350132,timeout,114,,,453,valid,results/raw/changmin-heuristics-all-20260912-160327-347232/cases/popf-static-v2/h-rpg__s-default/changmin_03_books/p004/plan.val,results/raw/changmin-heuristics-all-20260912-160327-347232/cases/popf-static-v2/h-rpg__s-default/changmin_03_books/p004
popf-static-v2,h-rpg__s-default,rpg,default,changmin_04_watering,p000.pddl,timeout,true,timeout,300.126396,363544,363544,timeout,,,,,not-run,,results/raw/changmin-heuristics-all-20260912-160327-347232/cases/popf-static-v2/h-rpg__s-default/changmin_04_watering/p000
popf-static-v2,h-rpg__s-default,rpg,default,changmin_04_watering,p001.pddl,timeout,true,timeout,300.052952,2260548,2260548,timeout,,,,,not-run,,results/raw/changmin-heuristics-all-20260912-160327-347232/cases/popf-static-v2/h-rpg__s-default/changmin_04_watering/p001
popf-static-v2,h-rpg__s-default,rpg,default,changmin_04_watering,p002.pddl,timeout,true,timeout,300.208314,1971988,1971988,timeout,,,,,not-run,,results/raw/changmin-heuristics-all-20260912-160327-347232/cases/popf-static-v2/h-rpg__s-default/changmin_04_watering/p002
popf-static-v2,h-rpg__s-default,rpg,default,changmin_04_watering,p003.pddl,timeout,true,timeout,300.061171,1965048,1965048,timeout,,,,,not-run,,results/raw/changmin-heuristics-all-20260912-160327-347232/cases/popf-static-v2/h-rpg__s-default/changmin_04_watering/p003
popf-static-v2,h-rpg__s-default,rpg,default,changmin_04_watering,p004.pddl,timeout,true,timeout,300.116335,1906268,1906268,timeout,,,,,not-run,,results/raw/changmin-heuristics-all-20260912-160327-347232/cases/popf-static-v2/h-rpg__s-default/changmin_04_watering/p004
popf-static-v2,h-rpg__s-default,rpg,default,changmin_05_barman,p000.pddl,unsolved,true,1,0.221732,5376,0,,,,,,not-run,,results/raw/changmin-heuristics-all-20260912-160327-347232/cases/popf-static-v2/h-rpg__s-default/changmin_05_barman/p000
popf-static-v2,h-rpg__s-default,rpg,default,changmin_05_barman,p001.pddl,unsolved,true,1,0.214438,7192,7192,,,,,,not-run,,results/raw/changmin-heuristics-all-20260912-160327-347232/cases/popf-static-v2/h-rpg__s-default/changmin_05_barman/p001
popf-static-v2,h-rpg__s-default,rpg,default,changmin_05_barman,p002.pddl,unsolved,true,1,0.214260,7204,7204,,,,,,not-run,,results/raw/changmin-heuristics-all-20260912-160327-347232/cases/popf-static-v2/h-rpg__s-default/changmin_05_barman/p002
popf-static-v2,h-rpg__s-default,rpg,default,changmin_05_barman,p003.pddl,unsolved,true,1,0.214649,8704,6968,,,,,,not-run,,results/raw/changmin-heuristics-all-20260912-160327-347232/cases/popf-static-v2/h-rpg__s-default/changmin_05_barman/p003
popf-static-v2,h-rpg__s-default,rpg,default,changmin_05_barman,p004.pddl,unsolved,true,1,0.428162,10820,10820,,,,,,not-run,,results/raw/changmin-heuristics-all-20260912-160327-347232/cases/popf-static-v2/h-rpg__s-default/changmin_05_barman/p004
popf-static-v2,h-rpg__s-default,rpg,default,changmin_06_assembly,p000.pddl,unsolved,true,1,0.212207,5248,0,,,,,,not-run,,results/raw/changmin-heuristics-all-20260912-160327-347232/cases/popf-static-v2/h-rpg__s-default/changmin_06_assembly/p000
popf-static-v2,h-rpg__s-default,rpg,default,changmin_06_assembly,p001.pddl,unsolved,true,1,0.213953,5248,0,,,,,,not-run,,results/raw/changmin-heuristics-all-20260912-160327-347232/cases/popf-static-v2/h-rpg__s-default/changmin_06_assembly/p001
popf-static-v2,h-rpg__s-default,rpg,default,changmin_06_assembly,p002.pddl,unsolved,true,1,0.217410,5248,0,,,,,,not-run,,results/raw/changmin-heuristics-all-20260912-160327-347232/cases/popf-static-v2/h-rpg__s-default/changmin_06_assembly/p002
popf-static-v2,h-rpg__s-default,rpg,default,changmin_06_assembly,p003.pddl,unsolved,true,1,0.214687,5376,0,,,,,,not-run,,results/raw/changmin-heuristics-all-20260912-160327-347232/cases/popf-static-v2/h-rpg__s-default/changmin_06_assembly/p003
popf-static-v2,h-rpg__s-default,rpg,default,changmin_06_assembly,p004.pddl,unsolved,true,1,0.215451,5376,0,,,,,,not-run,,results/raw/changmin-heuristics-all-20260912-160327-347232/cases/popf-static-v2/h-rpg__s-default/changmin_06_assembly/p004
tamerlite-ipc2026-agile-1,h-hadd__s-gbfs,hadd,gbfs,changmin_01_blocksworld,p000.pddl,solved,true,0,0.426279,144188,47364,,1,,,1,valid,results/raw/changmin-heuristics-all-20260912-160327-347232/cases/tamerlite-ipc2026-agile-1/h-hadd__s-gbfs/changmin_01_blocksworld/p000/plan.val,results/raw/changmin-heuristics-all-20260912-160327-347232/cases/tamerlite-ipc2026-agile-1/h-hadd__s-gbfs/changmin_01_blocksworld/p000
tamerlite-ipc2026-agile-1,h-hff__s-gbfs,hff,gbfs,changmin_01_blocksworld,p000.pddl,solved,true,0,0.429512,144140,47344,,1,,,1,valid,results/raw/changmin-heuristics-all-20260912-160327-347232/cases/tamerlite-ipc2026-agile-1/h-hff__s-gbfs/changmin_01_blocksworld/p000/plan.val,results/raw/changmin-heuristics-all-20260912-160327-347232/cases/tamerlite-ipc2026-agile-1/h-hff__s-gbfs/changmin_01_blocksworld/p000
tamerlite-ipc2026-agile-1,h-hmax__s-gbfs,hmax,gbfs,changmin_01_blocksworld,p000.pddl,solved,true,0,0.434311,144176,48608,,1,,,1,valid,results/raw/changmin-heuristics-all-20260912-160327-347232/cases/tamerlite-ipc2026-agile-1/h-hmax__s-gbfs/changmin_01_blocksworld/p000/plan.val,results/raw/changmin-heuristics-all-20260912-160327-347232/cases/tamerlite-ipc2026-agile-1/h-hmax__s-gbfs/changmin_01_blocksworld/p000
tamerlite-ipc2026-agile-1,h-hmax_explicit__s-gbfs,hmax_explicit,gbfs,changmin_01_blocksworld,p000.pddl,solved,true,0,0.437664,144292,47460,,1,,,1,valid,results/raw/changmin-heuristics-all-20260912-160327-347232/cases/tamerlite-ipc2026-agile-1/h-hmax_explicit__s-gbfs/changmin_01_blocksworld/p000/plan.val,results/raw/changmin-heuristics-all-20260912-160327-347232/cases/tamerlite-ipc2026-agile-1/h-hmax_explicit__s-gbfs/changmin_01_blocksworld/p000
tamerlite-ipc2026-agile-1,h-blind__s-gbfs,blind,gbfs,changmin_01_blocksworld,p000.pddl,solved,true,0,0.428976,144264,47368,,1,,,1,valid,results/raw/changmin-heuristics-all-20260912-160327-347232/cases/tamerlite-ipc2026-agile-1/h-blind__s-gbfs/changmin_01_blocksworld/p000/plan.val,results/raw/changmin-heuristics-all-20260912-160327-347232/cases/tamerlite-ipc2026-agile-1/h-blind__s-gbfs/changmin_01_blocksworld/p000
tamerlite-ipc2026-agile-1,h-hadd_no_numbers__s-gbfs,hadd_no_numbers,gbfs,changmin_01_blocksworld,p000.pddl,solved,true,0,0.433620,144304,47552,,1,,,1,valid,results/raw/changmin-heuristics-all-20260912-160327-347232/cases/tamerlite-ipc2026-agile-1/h-hadd_no_numbers__s-gbfs/changmin_01_blocksworld/p000/plan.val,results/raw/changmin-heuristics-all-20260912-160327-347232/cases/tamerlite-ipc2026-agile-1/h-hadd_no_numbers__s-gbfs/changmin_01_blocksworld/p000
tamerlite-ipc2026-agile-1,h-hff_no_numbers__s-gbfs,hff_no_numbers,gbfs,changmin_01_blocksworld,p000.pddl,solved,true,0,0.436891,144316,47392,,1,,,1,valid,results/raw/changmin-heuristics-all-20260912-160327-347232/cases/tamerlite-ipc2026-agile-1/h-hff_no_numbers__s-gbfs/changmin_01_blocksworld/p000/plan.val,results/raw/changmin-heuristics-all-20260912-160327-347232/cases/tamerlite-ipc2026-agile-1/h-hff_no_numbers__s-gbfs/changmin_01_blocksworld/p000
tamerlite-ipc2026-agile-1,h-hmax_no_numbers__s-gbfs,hmax_no_numbers,gbfs,changmin_01_blocksworld,p000.pddl,solved,true,0,0.429458,144188,47588,,1,,,1,valid,results/raw/changmin-heuristics-all-20260912-160327-347232/cases/tamerlite-ipc2026-agile-1/h-hmax_no_numbers__s-gbfs/changmin_01_blocksworld/p000/plan.val,results/raw/changmin-heuristics-all-20260912-160327-347232/cases/tamerlite-ipc2026-agile-1/h-hmax_no_numbers__s-gbfs/changmin_01_blocksworld/p000
tamerlite-ipc2026-agile-1,h-hadd__s-gbfs,hadd,gbfs,changmin_01_blocksworld,p001.pddl,solved,true,0,0.425738,144696,49016,,8,,,8,valid,results/raw/changmin-heuristics-all-20260912-160327-347232/cases/tamerlite-ipc2026-agile-1/h-hadd__s-gbfs/changmin_01_blocksworld/p001/plan.val,results/raw/changmin-heuristics-all-20260912-160327-347232/cases/tamerlite-ipc2026-agile-1/h-hadd__s-gbfs/changmin_01_blocksworld/p001
tamerlite-ipc2026-agile-1,h-hff__s-gbfs,hff,gbfs,changmin_01_blocksworld,p001.pddl,solved,true,0,0.426400,144552,47644,,8,,,8,valid,results/raw/changmin-heuristics-all-20260912-160327-347232/cases/tamerlite-ipc2026-agile-1/h-hff__s-gbfs/changmin_01_blocksworld/p001/plan.val,results/raw/changmin-heuristics-all-20260912-160327-347232/cases/tamerlite-ipc2026-agile-1/h-hff__s-gbfs/changmin_01_blocksworld/p001
tamerlite-ipc2026-agile-1,h-hmax__s-gbfs,hmax,gbfs,changmin_01_blocksworld,p001.pddl,solved,true,0,0.425878,144684,49064,,8,,,8,valid,results/raw/changmin-heuristics-all-20260912-160327-347232/cases/tamerlite-ipc2026-agile-1/h-hmax__s-gbfs/changmin_01_blocksworld/p001/plan.val,results/raw/changmin-heuristics-all-20260912-160327-347232/cases/tamerlite-ipc2026-agile-1/h-hmax__s-gbfs/changmin_01_blocksworld/p001
tamerlite-ipc2026-agile-1,h-hmax_explicit__s-gbfs,hmax_explicit,gbfs,changmin_01_blocksworld,p001.pddl,solved,true,0,0.644112,144796,52888,,8,,,8,valid,results/raw/changmin-heuristics-all-20260912-160327-347232/cases/tamerlite-ipc2026-agile-1/h-hmax_explicit__s-gbfs/changmin_01_blocksworld/p001/plan.val,results/raw/changmin-heuristics-all-20260912-160327-347232/cases/tamerlite-ipc2026-agile-1/h-hmax_explicit__s-gbfs/changmin_01_blocksworld/p001
tamerlite-ipc2026-agile-1,h-blind__s-gbfs,blind,gbfs,changmin_01_blocksworld,p001.pddl,solved,true,0,0.641412,144704,47512,,8,,,8,valid,results/raw/changmin-heuristics-all-20260912-160327-347232/cases/tamerlite-ipc2026-agile-1/h-blind__s-gbfs/changmin_01_blocksworld/p001/plan.val,results/raw/changmin-heuristics-all-20260912-160327-347232/cases/tamerlite-ipc2026-agile-1/h-blind__s-gbfs/changmin_01_blocksworld/p001
tamerlite-ipc2026-agile-1,h-hadd_no_numbers__s-gbfs,hadd_no_numbers,gbfs,changmin_01_blocksworld,p001.pddl,solved,true,0,0.640978,144560,47464,,8,,,8,valid,results/raw/changmin-heuristics-all-20260912-160327-347232/cases/tamerlite-ipc2026-agile-1/h-hadd_no_numbers__s-gbfs/changmin_01_blocksworld/p001/plan.val,results/raw/changmin-heuristics-all-20260912-160327-347232/cases/tamerlite-ipc2026-agile-1/h-hadd_no_numbers__s-gbfs/changmin_01_blocksworld/p001
tamerlite-ipc2026-agile-1,h-hff_no_numbers__s-gbfs,hff_no_numbers,gbfs,changmin_01_blocksworld,p001.pddl,solved,true,0,0.643736,144572,47360,,8,,,8,valid,results/raw/changmin-heuristics-all-20260912-160327-347232/cases/tamerlite-ipc2026-agile-1/h-hff_no_numbers__s-gbfs/changmin_01_blocksworld/p001/plan.val,results/raw/changmin-heuristics-all-20260912-160327-347232/cases/tamerlite-ipc2026-agile-1/h-hff_no_numbers__s-gbfs/changmin_01_blocksworld/p001
tamerlite-ipc2026-agile-1,h-hmax_no_numbers__s-gbfs,hmax_no_numbers,gbfs,changmin_01_blocksworld,p001.pddl,solved,true,0,0.644274,144700,47436,,8,,,8,valid,results/raw/changmin-heuristics-all-20260912-160327-347232/cases/tamerlite-ipc2026-agile-1/h-hmax_no_numbers__s-gbfs/changmin_01_blocksworld/p001/plan.val,results/raw/changmin-heuristics-all-20260912-160327-347232/cases/tamerlite-ipc2026-agile-1/h-hmax_no_numbers__s-gbfs/changmin_01_blocksworld/p001
tamerlite-ipc2026-agile-1,h-hadd__s-gbfs,hadd,gbfs,changmin_01_blocksworld,p002.pddl,solved,true,0,0.636721,146804,146804,,20,,,20,valid,results/raw/changmin-heuristics-all-20260912-160327-347232/cases/tamerlite-ipc2026-agile-1/h-hadd__s-gbfs/changmin_01_blocksworld/p002/plan.val,results/raw/changmin-heuristics-all-20260912-160327-347232/cases/tamerlite-ipc2026-agile-1/h-hadd__s-gbfs/changmin_01_blocksworld/p002
tamerlite-ipc2026-agile-1,h-hff__s-gbfs,hff,gbfs,changmin_01_blocksworld,p002.pddl,solved,true,0,0.636762,146832,146832,,16,,,16,valid,results/raw/changmin-heuristics-all-20260912-160327-347232/cases/tamerlite-ipc2026-agile-1/h-hff__s-gbfs/changmin_01_blocksworld/p002/plan.val,results/raw/changmin-heuristics-all-20260912-160327-347232/cases/tamerlite-ipc2026-agile-1/h-hff__s-gbfs/changmin_01_blocksworld/p002
tamerlite-ipc2026-agile-1,h-hmax__s-gbfs,hmax,gbfs,changmin_01_blocksworld,p002.pddl,solved,true,0,1.059493,146892,146892,,24,,,24,valid,results/raw/changmin-heuristics-all-20260912-160327-347232/cases/tamerlite-ipc2026-agile-1/h-hmax__s-gbfs/changmin_01_blocksworld/p002/plan.val,results/raw/changmin-heuristics-all-20260912-160327-347232/cases/tamerlite-ipc2026-agile-1/h-hmax__s-gbfs/changmin_01_blocksworld/p002
tamerlite-ipc2026-agile-1,h-hmax_explicit__s-gbfs,hmax_explicit,gbfs,changmin_01_blocksworld,p002.pddl,solved,true,0,1.288529,147160,147160,,24,,,24,valid,results/raw/changmin-heuristics-all-20260912-160327-347232/cases/tamerlite-ipc2026-agile-1/h-hmax_explicit__s-gbfs/changmin_01_blocksworld/p002/plan.val,results/raw/changmin-heuristics-all-20260912-160327-347232/cases/tamerlite-ipc2026-agile-1/h-hmax_explicit__s-gbfs/changmin_01_blocksworld/p002
tamerlite-ipc2026-agile-1,h-blind__s-gbfs,blind,gbfs,changmin_01_blocksworld,p002.pddl,solved,true,0,2.347976,147332,147332,,16,,,16,valid,results/raw/changmin-heuristics-all-20260912-160327-347232/cases/tamerlite-ipc2026-agile-1/h-blind__s-gbfs/changmin_01_blocksworld/p002/plan.val,results/raw/changmin-heuristics-all-20260912-160327-347232/cases/tamerlite-ipc2026-agile-1/h-blind__s-gbfs/changmin_01_blocksworld/p002
tamerlite-ipc2026-agile-1,h-hadd_no_numbers__s-gbfs,hadd_no_numbers,gbfs,changmin_01_blocksworld,p002.pddl,solved,true,0,0.638415,146796,146796,,20,,,20,valid,results/raw/changmin-heuristics-all-20260912-160327-347232/cases/tamerlite-ipc2026-agile-1/h-hadd_no_numbers__s-gbfs/changmin_01_blocksworld/p002/plan.val,results/raw/changmin-heuristics-all-20260912-160327-347232/cases/tamerlite-ipc2026-agile-1/h-hadd_no_numbers__s-gbfs/changmin_01_blocksworld/p002
tamerlite-ipc2026-agile-1,h-hff_no_numbers__s-gbfs,hff_no_numbers,gbfs,changmin_01_blocksworld,p002.pddl,solved,true,0,0.643386,146876,146876,,16,,,16,valid,results/raw/changmin-heuristics-all-20260912-160327-347232/cases/tamerlite-ipc2026-agile-1/h-hff_no_numbers__s-gbfs/changmin_01_blocksworld/p002/plan.val,results/raw/changmin-heuristics-all-20260912-160327-347232/cases/tamerlite-ipc2026-agile-1/h-hff_no_numbers__s-gbfs/changmin_01_blocksworld/p002
tamerlite-ipc2026-agile-1,h-hmax_no_numbers__s-gbfs,hmax_no_numbers,gbfs,changmin_01_blocksworld,p002.pddl,solved,true,0,1.286247,146848,146848,,24,,,24,valid,results/raw/changmin-heuristics-all-20260912-160327-347232/cases/tamerlite-ipc2026-agile-1/h-hmax_no_numbers__s-gbfs/changmin_01_blocksworld/p002/plan.val,results/raw/changmin-heuristics-all-20260912-160327-347232/cases/tamerlite-ipc2026-agile-1/h-hmax_no_numbers__s-gbfs/changmin_01_blocksworld/p002
tamerlite-ipc2026-agile-1,h-hadd__s-gbfs,hadd,gbfs,changmin_01_blocksworld,p003.pddl,solved,true,0,4.460183,147868,147868,,92,,,92,valid,results/raw/changmin-heuristics-all-20260912-160327-347232/cases/tamerlite-ipc2026-agile-1/h-hadd__s-gbfs/changmin_01_blocksworld/p003/plan.val,results/raw/changmin-heuristics-all-20260912-160327-347232/cases/tamerlite-ipc2026-agile-1/h-hadd__s-gbfs/changmin_01_blocksworld/p003
tamerlite-ipc2026-agile-1,h-hff__s-gbfs,hff,gbfs,changmin_01_blocksworld,p003.pddl,solved,true,0,1.705574,147656,147656,,50,,,50,valid,results/raw/changmin-heuristics-all-20260912-160327-347232/cases/tamerlite-ipc2026-agile-1/h-hff__s-gbfs/changmin_01_blocksworld/p003/plan.val,results/raw/changmin-heuristics-all-20260912-160327-347232/cases/tamerlite-ipc2026-agile-1/h-hff__s-gbfs/changmin_01_blocksworld/p003
tamerlite-ipc2026-agile-1,h-hmax__s-gbfs,hmax,gbfs,changmin_01_blocksworld,p003.pddl,solved,true,0,7.228443,148656,148656,,38,,,38,valid,results/raw/changmin-heuristics-all-20260912-160327-347232/cases/tamerlite-ipc2026-agile-1/h-hmax__s-gbfs/changmin_01_blocksworld/p003/plan.val,results/raw/changmin-heuristics-all-20260912-160327-347232/cases/tamerlite-ipc2026-agile-1/h-hmax__s-gbfs/changmin_01_blocksworld/p003
tamerlite-ipc2026-agile-1,h-hmax_explicit__s-gbfs,hmax_explicit,gbfs,changmin_01_blocksworld,p003.pddl,solved,true,0,8.128323,148864,148864,,38,,,38,valid,results/raw/changmin-heuristics-all-20260912-160327-347232/cases/tamerlite-ipc2026-agile-1/h-hmax_explicit__s-gbfs/changmin_01_blocksworld/p003/plan.val,results/raw/changmin-heuristics-all-20260912-160327-347232/cases/tamerlite-ipc2026-agile-1/h-hmax_explicit__s-gbfs/changmin_01_blocksworld/p003
tamerlite-ipc2026-agile-1,h-blind__s-gbfs,blind,gbfs,changmin_01_blocksworld,p003.pddl,solved,true,0,92.023374,224172,224172,,22,,,22,valid,results/raw/changmin-heuristics-all-20260912-160327-347232/cases/tamerlite-ipc2026-agile-1/h-blind__s-gbfs/changmin_01_blocksworld/p003/plan.val,results/raw/changmin-heuristics-all-20260912-160327-347232/cases/tamerlite-ipc2026-agile-1/h-blind__s-gbfs/changmin_01_blocksworld/p003
tamerlite-ipc2026-agile-1,h-hadd_no_numbers__s-gbfs,hadd_no_numbers,gbfs,changmin_01_blocksworld,p003.pddl,solved,true,0,4.694041,147928,147928,,92,,,92,valid,results/raw/changmin-heuristics-all-20260912-160327-347232/cases/tamerlite-ipc2026-agile-1/h-hadd_no_numbers__s-gbfs/changmin_01_blocksworld/p003/plan.val,results/raw/changmin-heuristics-all-20260912-160327-347232/cases/tamerlite-ipc2026-agile-1/h-hadd_no_numbers__s-gbfs/changmin_01_blocksworld/p003
tamerlite-ipc2026-agile-1,h-hff_no_numbers__s-gbfs,hff_no_numbers,gbfs,changmin_01_blocksworld,p003.pddl,solved,true,0,1.711117,147624,147624,,50,,,50,valid,results/raw/changmin-heuristics-all-20260912-160327-347232/cases/tamerlite-ipc2026-agile-1/h-hff_no_numbers__s-gbfs/changmin_01_blocksworld/p003/plan.val,results/raw/changmin-heuristics-all-20260912-160327-347232/cases/tamerlite-ipc2026-agile-1/h-hff_no_numbers__s-gbfs/changmin_01_blocksworld/p003
tamerlite-ipc2026-agile-1,h-hmax_no_numbers__s-gbfs,hmax_no_numbers,gbfs,changmin_01_blocksworld,p003.pddl,solved,true,0,7.472904,148748,148748,,38,,,38,valid,results/raw/changmin-heuristics-all-20260912-160327-347232/cases/tamerlite-ipc2026-agile-1/h-hmax_no_numbers__s-gbfs/changmin_01_blocksworld/p003/plan.val,results/raw/changmin-heuristics-all-20260912-160327-347232/cases/tamerlite-ipc2026-agile-1/h-hmax_no_numbers__s-gbfs/changmin_01_blocksworld/p003
tamerlite-ipc2026-agile-1,h-hadd__s-gbfs,hadd,gbfs,changmin_01_blocksworld,p004.pddl,solved,true,0,10.634132,150692,150692,,86,,,86,valid,results/raw/changmin-heuristics-all-20260912-160327-347232/cases/tamerlite-ipc2026-agile-1/h-hadd__s-gbfs/changmin_01_blocksworld/p004/plan.val,results/raw/changmin-heuristics-all-20260912-160327-347232/cases/tamerlite-ipc2026-agile-1/h-hadd__s-gbfs/changmin_01_blocksworld/p004
tamerlite-ipc2026-agile-1,h-hff__s-gbfs,hff,gbfs,changmin_01_blocksworld,p004.pddl,solved,true,0,1.493308,148604,148604,,30,,,30,valid,results/raw/changmin-heuristics-all-20260912-160327-347232/cases/tamerlite-ipc2026-agile-1/h-hff__s-gbfs/changmin_01_blocksworld/p004/plan.val,results/raw/changmin-heuristics-all-20260912-160327-347232/cases/tamerlite-ipc2026-agile-1/h-hff__s-gbfs/changmin_01_blocksworld/p004
tamerlite-ipc2026-agile-1,h-hmax__s-gbfs,hmax,gbfs,changmin_01_blocksworld,p004.pddl,solved,true,0,56.373867,163996,163996,,44,,,44,valid,results/raw/changmin-heuristics-all-20260912-160327-347232/cases/tamerlite-ipc2026-agile-1/h-hmax__s-gbfs/changmin_01_blocksworld/p004/plan.val,results/raw/changmin-heuristics-all-20260912-160327-347232/cases/tamerlite-ipc2026-agile-1/h-hmax__s-gbfs/changmin_01_blocksworld/p004
tamerlite-ipc2026-agile-1,h-hmax_explicit__s-gbfs,hmax_explicit,gbfs,changmin_01_blocksworld,p004.pddl,solved,true,0,61.679993,164212,164212,,44,,,44,valid,results/raw/changmin-heuristics-all-20260912-160327-347232/cases/tamerlite-ipc2026-agile-1/h-hmax_explicit__s-gbfs/changmin_01_blocksworld/p004/plan.val,results/raw/changmin-heuristics-all-20260912-160327-347232/cases/tamerlite-ipc2026-agile-1/h-hmax_explicit__s-gbfs/changmin_01_blocksworld/p004
tamerlite-ipc2026-agile-1,h-blind__s-gbfs,blind,gbfs,changmin_01_blocksworld,p004.pddl,timeout,true,timeout,300.140503,455632,455632,timeout,,,,,not-run,,results/raw/changmin-heuristics-all-20260912-160327-347232/cases/tamerlite-ipc2026-agile-1/h-blind__s-gbfs/changmin_01_blocksworld/p004
tamerlite-ipc2026-agile-1,h-hadd_no_numbers__s-gbfs,hadd_no_numbers,gbfs,changmin_01_blocksworld,p004.pddl,solved,true,0,11.092453,150620,150620,,86,,,86,valid,results/raw/changmin-heuristics-all-20260912-160327-347232/cases/tamerlite-ipc2026-agile-1/h-hadd_no_numbers__s-gbfs/changmin_01_blocksworld/p004/plan.val,results/raw/changmin-heuristics-all-20260912-160327-347232/cases/tamerlite-ipc2026-agile-1/h-hadd_no_numbers__s-gbfs/changmin_01_blocksworld/p004
tamerlite-ipc2026-agile-1,h-hff_no_numbers__s-gbfs,hff_no_numbers,gbfs,changmin_01_blocksworld,p004.pddl,solved,true,0,1.498632,148664,148664,,30,,,30,valid,results/raw/changmin-heuristics-all-20260912-160327-347232/cases/tamerlite-ipc2026-agile-1/h-hff_no_numbers__s-gbfs/changmin_01_blocksworld/p004/plan.val,results/raw/changmin-heuristics-all-20260912-160327-347232/cases/tamerlite-ipc2026-agile-1/h-hff_no_numbers__s-gbfs/changmin_01_blocksworld/p004
tamerlite-ipc2026-agile-1,h-hmax_no_numbers__s-gbfs,hmax_no_numbers,gbfs,changmin_01_blocksworld,p004.pddl,solved,true,0,59.131866,163872,163872,,44,,,44,valid,results/raw/changmin-heuristics-all-20260912-160327-347232/cases/tamerlite-ipc2026-agile-1/h-hmax_no_numbers__s-gbfs/changmin_01_blocksworld/p004/plan.val,results/raw/changmin-heuristics-all-20260912-160327-347232/cases/tamerlite-ipc2026-agile-1/h-hmax_no_numbers__s-gbfs/changmin_01_blocksworld/p004
tamerlite-ipc2026-agile-1,h-hadd__s-gbfs,hadd,gbfs,changmin_02_logistics,p000.pddl,solved,true,0,0.639379,146244,144540,,3,,,4,valid,results/raw/changmin-heuristics-all-20260912-160327-347232/cases/tamerlite-ipc2026-agile-1/h-hadd__s-gbfs/changmin_02_logistics/p000/plan.val,results/raw/changmin-heuristics-all-20260912-160327-347232/cases/tamerlite-ipc2026-agile-1/h-hadd__s-gbfs/changmin_02_logistics/p000
tamerlite-ipc2026-agile-1,h-hff__s-gbfs,hff,gbfs,changmin_02_logistics,p000.pddl,solved,true,0,0.640683,147956,147956,,3,,,4,valid,results/raw/changmin-heuristics-all-20260912-160327-347232/cases/tamerlite-ipc2026-agile-1/h-hff__s-gbfs/changmin_02_logistics/p000/plan.val,results/raw/changmin-heuristics-all-20260912-160327-347232/cases/tamerlite-ipc2026-agile-1/h-hff__s-gbfs/changmin_02_logistics/p000
tamerlite-ipc2026-agile-1,h-hmax__s-gbfs,hmax,gbfs,changmin_02_logistics,p000.pddl,solved,true,0,0.639303,147956,147956,,3,,,4,valid,results/raw/changmin-heuristics-all-20260912-160327-347232/cases/tamerlite-ipc2026-agile-1/h-hmax__s-gbfs/changmin_02_logistics/p000/plan.val,results/raw/changmin-heuristics-all-20260912-160327-347232/cases/tamerlite-ipc2026-agile-1/h-hmax__s-gbfs/changmin_02_logistics/p000
tamerlite-ipc2026-agile-1,h-hmax_explicit__s-gbfs,hmax_explicit,gbfs,changmin_02_logistics,p000.pddl,solved,true,0,0.641784,146348,117380,,3,,,4,valid,results/raw/changmin-heuristics-all-20260912-160327-347232/cases/tamerlite-ipc2026-agile-1/h-hmax_explicit__s-gbfs/changmin_02_logistics/p000/plan.val,results/raw/changmin-heuristics-all-20260912-160327-347232/cases/tamerlite-ipc2026-agile-1/h-hmax_explicit__s-gbfs/changmin_02_logistics/p000
tamerlite-ipc2026-agile-1,h-blind__s-gbfs,blind,gbfs,changmin_02_logistics,p000.pddl,solved,true,0,0.648775,146168,104100,,3,,,4,valid,results/raw/changmin-heuristics-all-20260912-160327-347232/cases/tamerlite-ipc2026-agile-1/h-blind__s-gbfs/changmin_02_logistics/p000/plan.val,results/raw/changmin-heuristics-all-20260912-160327-347232/cases/tamerlite-ipc2026-agile-1/h-blind__s-gbfs/changmin_02_logistics/p000
tamerlite-ipc2026-agile-1,h-hadd_no_numbers__s-gbfs,hadd_no_numbers,gbfs,changmin_02_logistics,p000.pddl,solved,true,0,0.641416,146224,133900,,3,,,4,valid,results/raw/changmin-heuristics-all-20260912-160327-347232/cases/tamerlite-ipc2026-agile-1/h-hadd_no_numbers__s-gbfs/changmin_02_logistics/p000/plan.val,results/raw/changmin-heuristics-all-20260912-160327-347232/cases/tamerlite-ipc2026-agile-1/h-hadd_no_numbers__s-gbfs/changmin_02_logistics/p000
tamerlite-ipc2026-agile-1,h-hff_no_numbers__s-gbfs,hff_no_numbers,gbfs,changmin_02_logistics,p000.pddl,solved,true,0,0.641691,146232,113672,,3,,,4,valid,results/raw/changmin-heuristics-all-20260912-160327-347232/cases/tamerlite-ipc2026-agile-1/h-hff_no_numbers__s-gbfs/changmin_02_logistics/p000/plan.val,results/raw/changmin-heuristics-all-20260912-160327-347232/cases/tamerlite-ipc2026-agile-1/h-hff_no_numbers__s-gbfs/changmin_02_logistics/p000
tamerlite-ipc2026-agile-1,h-hmax_no_numbers__s-gbfs,hmax_no_numbers,gbfs,changmin_02_logistics,p000.pddl,solved,true,0,0.640642,146224,135476,,3,,,4,valid,results/raw/changmin-heuristics-all-20260912-160327-347232/cases/tamerlite-ipc2026-agile-1/h-hmax_no_numbers__s-gbfs/changmin_02_logistics/p000/plan.val,results/raw/changmin-heuristics-all-20260912-160327-347232/cases/tamerlite-ipc2026-agile-1/h-hmax_no_numbers__s-gbfs/changmin_02_logistics/p000
tamerlite-ipc2026-agile-1,h-hadd__s-gbfs,hadd,gbfs,changmin_02_logistics,p001.pddl,timeout,true,timeout,300.202972,788684,788684,timeout,,,,,not-run,,results/raw/changmin-heuristics-all-20260912-160327-347232/cases/tamerlite-ipc2026-agile-1/h-hadd__s-gbfs/changmin_02_logistics/p001
tamerlite-ipc2026-agile-1,h-hff__s-gbfs,hff,gbfs,changmin_02_logistics,p001.pddl,solved,true,0,1.489668,151248,151248,,12,,,126,valid,results/raw/changmin-heuristics-all-20260912-160327-347232/cases/tamerlite-ipc2026-agile-1/h-hff__s-gbfs/changmin_02_logistics/p001/plan.val,results/raw/changmin-heuristics-all-20260912-160327-347232/cases/tamerlite-ipc2026-agile-1/h-hff__s-gbfs/changmin_02_logistics/p001
tamerlite-ipc2026-agile-1,h-hmax__s-gbfs,hmax,gbfs,changmin_02_logistics,p001.pddl,timeout,true,timeout,300.134990,559724,559724,timeout,,,,,not-run,,results/raw/changmin-heuristics-all-20260912-160327-347232/cases/tamerlite-ipc2026-agile-1/h-hmax__s-gbfs/changmin_02_logistics/p001
tamerlite-ipc2026-agile-1,h-hmax_explicit__s-gbfs,hmax_explicit,gbfs,changmin_02_logistics,p001.pddl,timeout,true,timeout,300.206416,481068,481068,timeout,,,,,not-run,,results/raw/changmin-heuristics-all-20260912-160327-347232/cases/tamerlite-ipc2026-agile-1/h-hmax_explicit__s-gbfs/changmin_02_logistics/p001
tamerlite-ipc2026-agile-1,h-blind__s-gbfs,blind,gbfs,changmin_02_logistics,p001.pddl,timeout,true,timeout,300.019863,991388,991388,timeout,,,,,not-run,,results/raw/changmin-heuristics-all-20260912-160327-347232/cases/tamerlite-ipc2026-agile-1/h-blind__s-gbfs/changmin_02_logistics/p001
tamerlite-ipc2026-agile-1,h-hadd_no_numbers__s-gbfs,hadd_no_numbers,gbfs,changmin_02_logistics,p001.pddl,timeout,true,timeout,300.037652,755072,755072,timeout,,,,,not-run,,results/raw/changmin-heuristics-all-20260912-160327-347232/cases/tamerlite-ipc2026-agile-1/h-hadd_no_numbers__s-gbfs/changmin_02_logistics/p001
tamerlite-ipc2026-agile-1,h-hff_no_numbers__s-gbfs,hff_no_numbers,gbfs,changmin_02_logistics,p001.pddl,solved,true,0,1.497271,151264,151264,,12,,,126,valid,results/raw/changmin-heuristics-all-20260912-160327-347232/cases/tamerlite-ipc2026-agile-1/h-hff_no_numbers__s-gbfs/changmin_02_logistics/p001/plan.val,results/raw/changmin-heuristics-all-20260912-160327-347232/cases/tamerlite-ipc2026-agile-1/h-hff_no_numbers__s-gbfs/changmin_02_logistics/p001
tamerlite-ipc2026-agile-1,h-hmax_no_numbers__s-gbfs,hmax_no_numbers,gbfs,changmin_02_logistics,p001.pddl,timeout,true,timeout,300.200386,591784,591784,timeout,,,,,not-run,,results/raw/changmin-heuristics-all-20260912-160327-347232/cases/tamerlite-ipc2026-agile-1/h-hmax_no_numbers__s-gbfs/changmin_02_logistics/p001
tamerlite-ipc2026-agile-1,h-hadd__s-gbfs,hadd,gbfs,changmin_02_logistics,p002.pddl,timeout,true,timeout,300.166009,473108,473108,timeout,,,,,not-run,,results/raw/changmin-heuristics-all-20260912-160327-347232/cases/tamerlite-ipc2026-agile-1/h-hadd__s-gbfs/changmin_02_logistics/p002
tamerlite-ipc2026-agile-1,h-hff__s-gbfs,hff,gbfs,changmin_02_logistics,p002.pddl,timeout,true,timeout,300.203697,432624,432624,timeout,,,,,not-run,,results/raw/changmin-heuristics-all-20260912-160327-347232/cases/tamerlite-ipc2026-agile-1/h-hff__s-gbfs/changmin_02_logistics/p002
tamerlite-ipc2026-agile-1,h-hmax__s-gbfs,hmax,gbfs,changmin_02_logistics,p002.pddl,timeout,true,timeout,300.062754,370036,370036,timeout,,,,,not-run,,results/raw/changmin-heuristics-all-20260912-160327-347232/cases/tamerlite-ipc2026-agile-1/h-hmax__s-gbfs/changmin_02_logistics/p002
tamerlite-ipc2026-agile-1,h-hmax_explicit__s-gbfs,hmax_explicit,gbfs,changmin_02_logistics,p002.pddl,timeout,true,timeout,300.047594,233160,233160,timeout,,,,,not-run,,results/raw/changmin-heuristics-all-20260912-160327-347232/cases/tamerlite-ipc2026-agile-1/h-hmax_explicit__s-gbfs/changmin_02_logistics/p002
tamerlite-ipc2026-agile-1,h-blind__s-gbfs,blind,gbfs,changmin_02_logistics,p002.pddl,timeout,true,timeout,300.019500,955704,955704,timeout,,,,,not-run,,results/raw/changmin-heuristics-all-20260912-160327-347232/cases/tamerlite-ipc2026-agile-1/h-blind__s-gbfs/changmin_02_logistics/p002
tamerlite-ipc2026-agile-1,h-hadd_no_numbers__s-gbfs,hadd_no_numbers,gbfs,changmin_02_logistics,p002.pddl,timeout,true,timeout,300.197962,459612,459612,timeout,,,,,not-run,,results/raw/changmin-heuristics-all-20260912-160327-347232/cases/tamerlite-ipc2026-agile-1/h-hadd_no_numbers__s-gbfs/changmin_02_logistics/p002
tamerlite-ipc2026-agile-1,h-hff_no_numbers__s-gbfs,hff_no_numbers,gbfs,changmin_02_logistics,p002.pddl,timeout,true,timeout,300.160407,431184,431184,timeout,,,,,not-run,,results/raw/changmin-heuristics-all-20260912-160327-347232/cases/tamerlite-ipc2026-agile-1/h-hff_no_numbers__s-gbfs/changmin_02_logistics/p002
tamerlite-ipc2026-agile-1,h-hmax_no_numbers__s-gbfs,hmax_no_numbers,gbfs,changmin_02_logistics,p002.pddl,timeout,true,timeout,300.158385,410648,410648,timeout,,,,,not-run,,results/raw/changmin-heuristics-all-20260912-160327-347232/cases/tamerlite-ipc2026-agile-1/h-hmax_no_numbers__s-gbfs/changmin_02_logistics/p002
tamerlite-ipc2026-agile-1,h-hadd__s-gbfs,hadd,gbfs,changmin_02_logistics,p003.pddl,timeout,true,timeout,300.221447,422868,422868,timeout,,,,,not-run,,results/raw/changmin-heuristics-all-20260912-160327-347232/cases/tamerlite-ipc2026-agile-1/h-hadd__s-gbfs/changmin_02_logistics/p003
tamerlite-ipc2026-agile-1,h-hff__s-gbfs,hff,gbfs,changmin_02_logistics,p003.pddl,timeout,true,timeout,300.049258,420084,420084,timeout,,,,,not-run,,results/raw/changmin-heuristics-all-20260912-160327-347232/cases/tamerlite-ipc2026-agile-1/h-hff__s-gbfs/changmin_02_logistics/p003
tamerlite-ipc2026-agile-1,h-hmax__s-gbfs,hmax,gbfs,changmin_02_logistics,p003.pddl,timeout,true,timeout,300.219378,367424,367424,timeout,,,,,not-run,,results/raw/changmin-heuristics-all-20260912-160327-347232/cases/tamerlite-ipc2026-agile-1/h-hmax__s-gbfs/changmin_02_logistics/p003
tamerlite-ipc2026-agile-1,h-hmax_explicit__s-gbfs,hmax_explicit,gbfs,changmin_02_logistics,p003.pddl,timeout,true,timeout,300.170801,226868,226868,timeout,,,,,not-run,,results/raw/changmin-heuristics-all-20260912-160327-347232/cases/tamerlite-ipc2026-agile-1/h-hmax_explicit__s-gbfs/changmin_02_logistics/p003
tamerlite-ipc2026-agile-1,h-blind__s-gbfs,blind,gbfs,changmin_02_logistics,p003.pddl,timeout,true,timeout,300.090613,909160,909160,timeout,,,,,not-run,,results/raw/changmin-heuristics-all-20260912-160327-347232/cases/tamerlite-ipc2026-agile-1/h-blind__s-gbfs/changmin_02_logistics/p003
tamerlite-ipc2026-agile-1,h-hadd_no_numbers__s-gbfs,hadd_no_numbers,gbfs,changmin_02_logistics,p003.pddl,timeout,true,timeout,300.033858,419480,419480,timeout,,,,,not-run,,results/raw/changmin-heuristics-all-20260912-160327-347232/cases/tamerlite-ipc2026-agile-1/h-hadd_no_numbers__s-gbfs/changmin_02_logistics/p003
tamerlite-ipc2026-agile-1,h-hff_no_numbers__s-gbfs,hff_no_numbers,gbfs,changmin_02_logistics,p003.pddl,timeout,true,timeout,300.224160,417048,417048,timeout,,,,,not-run,,results/raw/changmin-heuristics-all-20260912-160327-347232/cases/tamerlite-ipc2026-agile-1/h-hff_no_numbers__s-gbfs/changmin_02_logistics/p003
tamerlite-ipc2026-agile-1,h-hmax_no_numbers__s-gbfs,hmax_no_numbers,gbfs,changmin_02_logistics,p003.pddl,timeout,true,timeout,300.035120,401716,401716,timeout,,,,,not-run,,results/raw/changmin-heuristics-all-20260912-160327-347232/cases/tamerlite-ipc2026-agile-1/h-hmax_no_numbers__s-gbfs/changmin_02_logistics/p003
tamerlite-ipc2026-agile-1,h-hadd__s-gbfs,hadd,gbfs,changmin_02_logistics,p004.pddl,timeout,true,timeout,300.048401,421312,421312,timeout,,,,,not-run,,results/raw/changmin-heuristics-all-20260912-160327-347232/cases/tamerlite-ipc2026-agile-1/h-hadd__s-gbfs/changmin_02_logistics/p004
tamerlite-ipc2026-agile-1,h-hff__s-gbfs,hff,gbfs,changmin_02_logistics,p004.pddl,timeout,true,timeout,300.173690,418076,418076,timeout,,,,,not-run,,results/raw/changmin-heuristics-all-20260912-160327-347232/cases/tamerlite-ipc2026-agile-1/h-hff__s-gbfs/changmin_02_logistics/p004
tamerlite-ipc2026-agile-1,h-hmax__s-gbfs,hmax,gbfs,changmin_02_logistics,p004.pddl,timeout,true,timeout,300.110172,380936,380936,timeout,,,,,not-run,,results/raw/changmin-heuristics-all-20260912-160327-347232/cases/tamerlite-ipc2026-agile-1/h-hmax__s-gbfs/changmin_02_logistics/p004
tamerlite-ipc2026-agile-1,h-hmax_explicit__s-gbfs,hmax_explicit,gbfs,changmin_02_logistics,p004.pddl,timeout,true,timeout,300.083694,208324,208324,timeout,,,,,not-run,,results/raw/changmin-heuristics-all-20260912-160327-347232/cases/tamerlite-ipc2026-agile-1/h-hmax_explicit__s-gbfs/changmin_02_logistics/p004
tamerlite-ipc2026-agile-1,h-blind__s-gbfs,blind,gbfs,changmin_02_logistics,p004.pddl,timeout,true,timeout,300.128353,1090780,1090780,timeout,,,,,not-run,,results/raw/changmin-heuristics-all-20260912-160327-347232/cases/tamerlite-ipc2026-agile-1/h-blind__s-gbfs/changmin_02_logistics/p004
tamerlite-ipc2026-agile-1,h-hadd_no_numbers__s-gbfs,hadd_no_numbers,gbfs,changmin_02_logistics,p004.pddl,timeout,true,timeout,300.214978,418820,418820,timeout,,,,,not-run,,results/raw/changmin-heuristics-all-20260912-160327-347232/cases/tamerlite-ipc2026-agile-1/h-hadd_no_numbers__s-gbfs/changmin_02_logistics/p004
tamerlite-ipc2026-agile-1,h-hff_no_numbers__s-gbfs,hff_no_numbers,gbfs,changmin_02_logistics,p004.pddl,timeout,true,timeout,300.222543,423132,423132,timeout,,,,,not-run,,results/raw/changmin-heuristics-all-20260912-160327-347232/cases/tamerlite-ipc2026-agile-1/h-hff_no_numbers__s-gbfs/changmin_02_logistics/p004
tamerlite-ipc2026-agile-1,h-hmax_no_numbers__s-gbfs,hmax_no_numbers,gbfs,changmin_02_logistics,p004.pddl,timeout,true,timeout,300.050465,406692,406692,timeout,,,,,not-run,,results/raw/changmin-heuristics-all-20260912-160327-347232/cases/tamerlite-ipc2026-agile-1/h-hmax_no_numbers__s-gbfs/changmin_02_logistics/p004
tamerlite-ipc2026-agile-1,h-hadd__s-gbfs,hadd,gbfs,changmin_03_books,p000.pddl,solved,true,0,0.648797,146488,67608,,2,,,2,valid,results/raw/changmin-heuristics-all-20260912-160327-347232/cases/tamerlite-ipc2026-agile-1/h-hadd__s-gbfs/changmin_03_books/p000/plan.val,results/raw/changmin-heuristics-all-20260912-160327-347232/cases/tamerlite-ipc2026-agile-1/h-hadd__s-gbfs/changmin_03_books/p000
tamerlite-ipc2026-agile-1,h-hff__s-gbfs,hff,gbfs,changmin_03_books,p000.pddl,solved,true,0,0.646780,146620,97584,,2,,,2,valid,results/raw/changmin-heuristics-all-20260912-160327-347232/cases/tamerlite-ipc2026-agile-1/h-hff__s-gbfs/changmin_03_books/p000/plan.val,results/raw/changmin-heuristics-all-20260912-160327-347232/cases/tamerlite-ipc2026-agile-1/h-hff__s-gbfs/changmin_03_books/p000
tamerlite-ipc2026-agile-1,h-hmax__s-gbfs,hmax,gbfs,changmin_03_books,p000.pddl,solved,true,0,0.651773,146596,54488,,2,,,2,valid,results/raw/changmin-heuristics-all-20260912-160327-347232/cases/tamerlite-ipc2026-agile-1/h-hmax__s-gbfs/changmin_03_books/p000/plan.val,results/raw/changmin-heuristics-all-20260912-160327-347232/cases/tamerlite-ipc2026-agile-1/h-hmax__s-gbfs/changmin_03_books/p000
tamerlite-ipc2026-agile-1,h-hmax_explicit__s-gbfs,hmax_explicit,gbfs,changmin_03_books,p000.pddl,solved,true,0,0.648703,146536,55056,,2,,,2,valid,results/raw/changmin-heuristics-all-20260912-160327-347232/cases/tamerlite-ipc2026-agile-1/h-hmax_explicit__s-gbfs/changmin_03_books/p000/plan.val,results/raw/changmin-heuristics-all-20260912-160327-347232/cases/tamerlite-ipc2026-agile-1/h-hmax_explicit__s-gbfs/changmin_03_books/p000
tamerlite-ipc2026-agile-1,h-blind__s-gbfs,blind,gbfs,changmin_03_books,p000.pddl,solved,true,0,0.646093,146516,89428,,2,,,2,valid,results/raw/changmin-heuristics-all-20260912-160327-347232/cases/tamerlite-ipc2026-agile-1/h-blind__s-gbfs/changmin_03_books/p000/plan.val,results/raw/changmin-heuristics-all-20260912-160327-347232/cases/tamerlite-ipc2026-agile-1/h-blind__s-gbfs/changmin_03_books/p000
tamerlite-ipc2026-agile-1,h-hadd_no_numbers__s-gbfs,hadd_no_numbers,gbfs,changmin_03_books,p000.pddl,solved,true,0,0.652395,146616,115624,,2,,,2,valid,results/raw/changmin-heuristics-all-20260912-160327-347232/cases/tamerlite-ipc2026-agile-1/h-hadd_no_numbers__s-gbfs/changmin_03_books/p000/plan.val,results/raw/changmin-heuristics-all-20260912-160327-347232/cases/tamerlite-ipc2026-agile-1/h-hadd_no_numbers__s-gbfs/changmin_03_books/p000
tamerlite-ipc2026-agile-1,h-hff_no_numbers__s-gbfs,hff_no_numbers,gbfs,changmin_03_books,p000.pddl,solved,true,0,0.648286,146480,78780,,2,,,2,valid,results/raw/changmin-heuristics-all-20260912-160327-347232/cases/tamerlite-ipc2026-agile-1/h-hff_no_numbers__s-gbfs/changmin_03_books/p000/plan.val,results/raw/changmin-heuristics-all-20260912-160327-347232/cases/tamerlite-ipc2026-agile-1/h-hff_no_numbers__s-gbfs/changmin_03_books/p000
tamerlite-ipc2026-agile-1,h-hmax_no_numbers__s-gbfs,hmax_no_numbers,gbfs,changmin_03_books,p000.pddl,solved,true,0,0.647299,146604,72768,,2,,,2,valid,results/raw/changmin-heuristics-all-20260912-160327-347232/cases/tamerlite-ipc2026-agile-1/h-hmax_no_numbers__s-gbfs/changmin_03_books/p000/plan.val,results/raw/changmin-heuristics-all-20260912-160327-347232/cases/tamerlite-ipc2026-agile-1/h-hmax_no_numbers__s-gbfs/changmin_03_books/p000
tamerlite-ipc2026-agile-1,h-hadd__s-gbfs,hadd,gbfs,changmin_03_books,p001.pddl,timeout,true,timeout,300.098944,6086936,6086936,timeout,,,,,not-run,,results/raw/changmin-heuristics-all-20260912-160327-347232/cases/tamerlite-ipc2026-agile-1/h-hadd__s-gbfs/changmin_03_books/p001
tamerlite-ipc2026-agile-1,h-hff__s-gbfs,hff,gbfs,changmin_03_books,p001.pddl,solved,true,0,2.145018,149472,149472,,18,,,58,valid,results/raw/changmin-heuristics-all-20260912-160327-347232/cases/tamerlite-ipc2026-agile-1/h-hff__s-gbfs/changmin_03_books/p001/plan.val,results/raw/changmin-heuristics-all-20260912-160327-347232/cases/tamerlite-ipc2026-agile-1/h-hff__s-gbfs/changmin_03_books/p001
tamerlite-ipc2026-agile-1,h-hmax__s-gbfs,hmax,gbfs,changmin_03_books,p001.pddl,timeout,true,timeout,300.019400,5884700,5884700,timeout,,,,,not-run,,results/raw/changmin-heuristics-all-20260912-160327-347232/cases/tamerlite-ipc2026-agile-1/h-hmax__s-gbfs/changmin_03_books/p001
tamerlite-ipc2026-agile-1,h-hmax_explicit__s-gbfs,hmax_explicit,gbfs,changmin_03_books,p001.pddl,timeout,true,timeout,300.032303,2220276,2220276,timeout,,,,,not-run,,results/raw/changmin-heuristics-all-20260912-160327-347232/cases/tamerlite-ipc2026-agile-1/h-hmax_explicit__s-gbfs/changmin_03_books/p001
tamerlite-ipc2026-agile-1,h-blind__s-gbfs,blind,gbfs,changmin_03_books,p001.pddl,solved,true,0,53.175148,204844,204844,,17,,,53,valid,results/raw/changmin-heuristics-all-20260912-160327-347232/cases/tamerlite-ipc2026-agile-1/h-blind__s-gbfs/changmin_03_books/p001/plan.val,results/raw/changmin-heuristics-all-20260912-160327-347232/cases/tamerlite-ipc2026-agile-1/h-blind__s-gbfs/changmin_03_books/p001
tamerlite-ipc2026-agile-1,h-hadd_no_numbers__s-gbfs,hadd_no_numbers,gbfs,changmin_03_books,p001.pddl,timeout,true,timeout,300.216559,6393620,6393620,timeout,,,,,not-run,,results/raw/changmin-heuristics-all-20260912-160327-347232/cases/tamerlite-ipc2026-agile-1/h-hadd_no_numbers__s-gbfs/changmin_03_books/p001
tamerlite-ipc2026-agile-1,h-hff_no_numbers__s-gbfs,hff_no_numbers,gbfs,changmin_03_books,p001.pddl,solved,true,0,2.562603,149496,149496,,17,,,53,valid,results/raw/changmin-heuristics-all-20260912-160327-347232/cases/tamerlite-ipc2026-agile-1/h-hff_no_numbers__s-gbfs/changmin_03_books/p001/plan.val,results/raw/changmin-heuristics-all-20260912-160327-347232/cases/tamerlite-ipc2026-agile-1/h-hff_no_numbers__s-gbfs/changmin_03_books/p001
tamerlite-ipc2026-agile-1,h-hmax_no_numbers__s-gbfs,hmax_no_numbers,gbfs,changmin_03_books,p001.pddl,timeout,true,timeout,300.179241,1543656,1543656,timeout,,,,,not-run,,results/raw/changmin-heuristics-all-20260912-160327-347232/cases/tamerlite-ipc2026-agile-1/h-hmax_no_numbers__s-gbfs/changmin_03_books/p001
tamerlite-ipc2026-agile-1,h-hadd__s-gbfs,hadd,gbfs,changmin_03_books,p002.pddl,timeout,true,timeout,300.122417,1098300,1098300,timeout,,,,,not-run,,results/raw/changmin-heuristics-all-20260912-160327-347232/cases/tamerlite-ipc2026-agile-1/h-hadd__s-gbfs/changmin_03_books/p002
tamerlite-ipc2026-agile-1,h-hff__s-gbfs,hff,gbfs,changmin_03_books,p002.pddl,solved,true,0,40.735999,179944,179944,,44,,,184,valid,results/raw/changmin-heuristics-all-20260912-160327-347232/cases/tamerlite-ipc2026-agile-1/h-hff__s-gbfs/changmin_03_books/p002/plan.val,results/raw/changmin-heuristics-all-20260912-160327-347232/cases/tamerlite-ipc2026-agile-1/h-hff__s-gbfs/changmin_03_books/p002
tamerlite-ipc2026-agile-1,h-hmax__s-gbfs,hmax,gbfs,changmin_03_books,p002.pddl,timeout,true,timeout,300.102597,465836,465836,timeout,,,,,not-run,,results/raw/changmin-heuristics-all-20260912-160327-347232/cases/tamerlite-ipc2026-agile-1/h-hmax__s-gbfs/changmin_03_books/p002
tamerlite-ipc2026-agile-1,h-hmax_explicit__s-gbfs,hmax_explicit,gbfs,changmin_03_books,p002.pddl,timeout,true,timeout,300.032653,253904,253904,timeout,,,,,not-run,,results/raw/changmin-heuristics-all-20260912-160327-347232/cases/tamerlite-ipc2026-agile-1/h-hmax_explicit__s-gbfs/changmin_03_books/p002
tamerlite-ipc2026-agile-1,h-blind__s-gbfs,blind,gbfs,changmin_03_books,p002.pddl,timeout,true,timeout,300.105483,652852,652852,timeout,,,,,not-run,,results/raw/changmin-heuristics-all-20260912-160327-347232/cases/tamerlite-ipc2026-agile-1/h-blind__s-gbfs/changmin_03_books/p002
tamerlite-ipc2026-agile-1,h-hadd_no_numbers__s-gbfs,hadd_no_numbers,gbfs,changmin_03_books,p002.pddl,timeout,true,timeout,300.089904,1151324,1151324,timeout,,,,,not-run,,results/raw/changmin-heuristics-all-20260912-160327-347232/cases/tamerlite-ipc2026-agile-1/h-hadd_no_numbers__s-gbfs/changmin_03_books/p002
tamerlite-ipc2026-agile-1,h-hff_no_numbers__s-gbfs,hff_no_numbers,gbfs,changmin_03_books,p002.pddl,solved,true,0,25.620504,169344,169344,,44,,,184,valid,results/raw/changmin-heuristics-all-20260912-160327-347232/cases/tamerlite-ipc2026-agile-1/h-hff_no_numbers__s-gbfs/changmin_03_books/p002/plan.val,results/raw/changmin-heuristics-all-20260912-160327-347232/cases/tamerlite-ipc2026-agile-1/h-hff_no_numbers__s-gbfs/changmin_03_books/p002
tamerlite-ipc2026-agile-1,h-hmax_no_numbers__s-gbfs,hmax_no_numbers,gbfs,changmin_03_books,p002.pddl,timeout,true,timeout,300.161795,511536,511536,timeout,,,,,not-run,,results/raw/changmin-heuristics-all-20260912-160327-347232/cases/tamerlite-ipc2026-agile-1/h-hmax_no_numbers__s-gbfs/changmin_03_books/p002
tamerlite-ipc2026-agile-1,h-hadd__s-gbfs,hadd,gbfs,changmin_03_books,p003.pddl,timeout,true,timeout,300.035580,467092,467092,timeout,,,,,not-run,,results/raw/changmin-heuristics-all-20260912-160327-347232/cases/tamerlite-ipc2026-agile-1/h-hadd__s-gbfs/changmin_03_books/p003
tamerlite-ipc2026-agile-1,h-hff__s-gbfs,hff,gbfs,changmin_03_books,p003.pddl,timeout,true,timeout,300.179693,333264,333264,timeout,,,,,not-run,,results/raw/changmin-heuristics-all-20260912-160327-347232/cases/tamerlite-ipc2026-agile-1/h-hff__s-gbfs/changmin_03_books/p003
tamerlite-ipc2026-agile-1,h-hmax__s-gbfs,hmax,gbfs,changmin_03_books,p003.pddl,timeout,true,timeout,300.130943,435868,435868,timeout,,,,,not-run,,results/raw/changmin-heuristics-all-20260912-160327-347232/cases/tamerlite-ipc2026-agile-1/h-hmax__s-gbfs/changmin_03_books/p003
tamerlite-ipc2026-agile-1,h-hmax_explicit__s-gbfs,hmax_explicit,gbfs,changmin_03_books,p003.pddl,timeout,true,timeout,300.152894,358288,358288,timeout,,,,,not-run,,results/raw/changmin-heuristics-all-20260912-160327-347232/cases/tamerlite-ipc2026-agile-1/h-hmax_explicit__s-gbfs/changmin_03_books/p003
tamerlite-ipc2026-agile-1,h-blind__s-gbfs,blind,gbfs,changmin_03_books,p003.pddl,timeout,true,timeout,300.090112,755968,755968,timeout,,,,,not-run,,results/raw/changmin-heuristics-all-20260912-160327-347232/cases/tamerlite-ipc2026-agile-1/h-blind__s-gbfs/changmin_03_books/p003
tamerlite-ipc2026-agile-1,h-hadd_no_numbers__s-gbfs,hadd_no_numbers,gbfs,changmin_03_books,p003.pddl,timeout,true,timeout,300.141876,459672,459672,timeout,,,,,not-run,,results/raw/changmin-heuristics-all-20260912-160327-347232/cases/tamerlite-ipc2026-agile-1/h-hadd_no_numbers__s-gbfs/changmin_03_books/p003
tamerlite-ipc2026-agile-1,h-hff_no_numbers__s-gbfs,hff_no_numbers,gbfs,changmin_03_books,p003.pddl,timeout,true,timeout,300.146164,338320,338320,timeout,,,,,not-run,,results/raw/changmin-heuristics-all-20260912-160327-347232/cases/tamerlite-ipc2026-agile-1/h-hff_no_numbers__s-gbfs/changmin_03_books/p003
tamerlite-ipc2026-agile-1,h-hmax_no_numbers__s-gbfs,hmax_no_numbers,gbfs,changmin_03_books,p003.pddl,timeout,true,timeout,300.212677,468752,468752,timeout,,,,,not-run,,results/raw/changmin-heuristics-all-20260912-160327-347232/cases/tamerlite-ipc2026-agile-1/h-hmax_no_numbers__s-gbfs/changmin_03_books/p003
tamerlite-ipc2026-agile-1,h-hadd__s-gbfs,hadd,gbfs,changmin_03_books,p004.pddl,timeout,true,timeout,300.081849,429552,429552,timeout,,,,,not-run,,results/raw/changmin-heuristics-all-20260912-160327-347232/cases/tamerlite-ipc2026-agile-1/h-hadd__s-gbfs/changmin_03_books/p004
tamerlite-ipc2026-agile-1,h-hff__s-gbfs,hff,gbfs,changmin_03_books,p004.pddl,timeout,true,timeout,300.052015,361532,361532,timeout,,,,,not-run,,results/raw/changmin-heuristics-all-20260912-160327-347232/cases/tamerlite-ipc2026-agile-1/h-hff__s-gbfs/changmin_03_books/p004
tamerlite-ipc2026-agile-1,h-hmax__s-gbfs,hmax,gbfs,changmin_03_books,p004.pddl,timeout,true,timeout,300.095313,407460,407460,timeout,,,,,not-run,,results/raw/changmin-heuristics-all-20260912-160327-347232/cases/tamerlite-ipc2026-agile-1/h-hmax__s-gbfs/changmin_03_books/p004
tamerlite-ipc2026-agile-1,h-hmax_explicit__s-gbfs,hmax_explicit,gbfs,changmin_03_books,p004.pddl,timeout,true,timeout,300.169866,322520,322520,timeout,,,,,not-run,,results/raw/changmin-heuristics-all-20260912-160327-347232/cases/tamerlite-ipc2026-agile-1/h-hmax_explicit__s-gbfs/changmin_03_books/p004
tamerlite-ipc2026-agile-1,h-blind__s-gbfs,blind,gbfs,changmin_03_books,p004.pddl,timeout,true,timeout,300.133043,908892,908892,timeout,,,,,not-run,,results/raw/changmin-heuristics-all-20260912-160327-347232/cases/tamerlite-ipc2026-agile-1/h-blind__s-gbfs/changmin_03_books/p004
tamerlite-ipc2026-agile-1,h-hadd_no_numbers__s-gbfs,hadd_no_numbers,gbfs,changmin_03_books,p004.pddl,timeout,true,timeout,300.069496,425180,425180,timeout,,,,,not-run,,results/raw/changmin-heuristics-all-20260912-160327-347232/cases/tamerlite-ipc2026-agile-1/h-hadd_no_numbers__s-gbfs/changmin_03_books/p004
tamerlite-ipc2026-agile-1,h-hff_no_numbers__s-gbfs,hff_no_numbers,gbfs,changmin_03_books,p004.pddl,timeout,true,timeout,300.111347,359148,359148,timeout,,,,,not-run,,results/raw/changmin-heuristics-all-20260912-160327-347232/cases/tamerlite-ipc2026-agile-1/h-hff_no_numbers__s-gbfs/changmin_03_books/p004
tamerlite-ipc2026-agile-1,h-hmax_no_numbers__s-gbfs,hmax_no_numbers,gbfs,changmin_03_books,p004.pddl,timeout,true,timeout,300.149217,412332,412332,timeout,,,,,not-run,,results/raw/changmin-heuristics-all-20260912-160327-347232/cases/tamerlite-ipc2026-agile-1/h-hmax_no_numbers__s-gbfs/changmin_03_books/p004
tamerlite-ipc2026-agile-1,h-hadd__s-gbfs,hadd,gbfs,changmin_04_watering,p000.pddl,solved,true,0,0.650003,145592,47408,,3,,,3,valid,results/raw/changmin-heuristics-all-20260912-160327-347232/cases/tamerlite-ipc2026-agile-1/h-hadd__s-gbfs/changmin_04_watering/p000/plan.val,results/raw/changmin-heuristics-all-20260912-160327-347232/cases/tamerlite-ipc2026-agile-1/h-hadd__s-gbfs/changmin_04_watering/p000
tamerlite-ipc2026-agile-1,h-hff__s-gbfs,hff,gbfs,changmin_04_watering,p000.pddl,solved,true,0,0.644881,145724,53728,,3,,,3,valid,results/raw/changmin-heuristics-all-20260912-160327-347232/cases/tamerlite-ipc2026-agile-1/h-hff__s-gbfs/changmin_04_watering/p000/plan.val,results/raw/changmin-heuristics-all-20260912-160327-347232/cases/tamerlite-ipc2026-agile-1/h-hff__s-gbfs/changmin_04_watering/p000
tamerlite-ipc2026-agile-1,h-hmax__s-gbfs,hmax,gbfs,changmin_04_watering,p000.pddl,solved,true,0,0.651725,145708,53748,,3,,,3,valid,results/raw/changmin-heuristics-all-20260912-160327-347232/cases/tamerlite-ipc2026-agile-1/h-hmax__s-gbfs/changmin_04_watering/p000/plan.val,results/raw/changmin-heuristics-all-20260912-160327-347232/cases/tamerlite-ipc2026-agile-1/h-hmax__s-gbfs/changmin_04_watering/p000
tamerlite-ipc2026-agile-1,h-hmax_explicit__s-gbfs,hmax_explicit,gbfs,changmin_04_watering,p000.pddl,solved,true,0,0.643918,145516,53752,,3,,,3,valid,results/raw/changmin-heuristics-all-20260912-160327-347232/cases/tamerlite-ipc2026-agile-1/h-hmax_explicit__s-gbfs/changmin_04_watering/p000/plan.val,results/raw/changmin-heuristics-all-20260912-160327-347232/cases/tamerlite-ipc2026-agile-1/h-hmax_explicit__s-gbfs/changmin_04_watering/p000
tamerlite-ipc2026-agile-1,h-blind__s-gbfs,blind,gbfs,changmin_04_watering,p000.pddl,solved,true,0,0.648683,145588,53748,,3,,,3,valid,results/raw/changmin-heuristics-all-20260912-160327-347232/cases/tamerlite-ipc2026-agile-1/h-blind__s-gbfs/changmin_04_watering/p000/plan.val,results/raw/changmin-heuristics-all-20260912-160327-347232/cases/tamerlite-ipc2026-agile-1/h-blind__s-gbfs/changmin_04_watering/p000
tamerlite-ipc2026-agile-1,h-hadd_no_numbers__s-gbfs,hadd_no_numbers,gbfs,changmin_04_watering,p000.pddl,solved,true,0,0.645861,145724,53744,,3,,,3,valid,results/raw/changmin-heuristics-all-20260912-160327-347232/cases/tamerlite-ipc2026-agile-1/h-hadd_no_numbers__s-gbfs/changmin_04_watering/p000/plan.val,results/raw/changmin-heuristics-all-20260912-160327-347232/cases/tamerlite-ipc2026-agile-1/h-hadd_no_numbers__s-gbfs/changmin_04_watering/p000
tamerlite-ipc2026-agile-1,h-hff_no_numbers__s-gbfs,hff_no_numbers,gbfs,changmin_04_watering,p000.pddl,solved,true,0,0.643053,145592,53632,,3,,,3,valid,results/raw/changmin-heuristics-all-20260912-160327-347232/cases/tamerlite-ipc2026-agile-1/h-hff_no_numbers__s-gbfs/changmin_04_watering/p000/plan.val,results/raw/changmin-heuristics-all-20260912-160327-347232/cases/tamerlite-ipc2026-agile-1/h-hff_no_numbers__s-gbfs/changmin_04_watering/p000
tamerlite-ipc2026-agile-1,h-hmax_no_numbers__s-gbfs,hmax_no_numbers,gbfs,changmin_04_watering,p000.pddl,solved,true,0,0.642309,145508,53712,,3,,,3,valid,results/raw/changmin-heuristics-all-20260912-160327-347232/cases/tamerlite-ipc2026-agile-1/h-hmax_no_numbers__s-gbfs/changmin_04_watering/p000/plan.val,results/raw/changmin-heuristics-all-20260912-160327-347232/cases/tamerlite-ipc2026-agile-1/h-hmax_no_numbers__s-gbfs/changmin_04_watering/p000
tamerlite-ipc2026-agile-1,h-hadd__s-gbfs,hadd,gbfs,changmin_04_watering,p001.pddl,timeout,true,timeout,300.123345,11625596,11625596,timeout,,,,,not-run,,results/raw/changmin-heuristics-all-20260912-160327-347232/cases/tamerlite-ipc2026-agile-1/h-hadd__s-gbfs/changmin_04_watering/p001
tamerlite-ipc2026-agile-1,h-hff__s-gbfs,hff,gbfs,changmin_04_watering,p001.pddl,timeout,true,timeout,300.180473,451972,451972,timeout,,,,,not-run,,results/raw/changmin-heuristics-all-20260912-160327-347232/cases/tamerlite-ipc2026-agile-1/h-hff__s-gbfs/changmin_04_watering/p001
tamerlite-ipc2026-agile-1,h-hmax__s-gbfs,hmax,gbfs,changmin_04_watering,p001.pddl,timeout,true,timeout,300.195838,703448,703448,timeout,,,,,not-run,,results/raw/changmin-heuristics-all-20260912-160327-347232/cases/tamerlite-ipc2026-agile-1/h-hmax__s-gbfs/changmin_04_watering/p001
tamerlite-ipc2026-agile-1,h-hmax_explicit__s-gbfs,hmax_explicit,gbfs,changmin_04_watering,p001.pddl,timeout,true,timeout,300.058411,152524,152524,timeout,,,,,not-run,,results/raw/changmin-heuristics-all-20260912-160327-347232/cases/tamerlite-ipc2026-agile-1/h-hmax_explicit__s-gbfs/changmin_04_watering/p001
tamerlite-ipc2026-agile-1,h-blind__s-gbfs,blind,gbfs,changmin_04_watering,p001.pddl,timeout,true,timeout,300.173340,725320,725320,timeout,,,,,not-run,,results/raw/changmin-heuristics-all-20260912-160327-347232/cases/tamerlite-ipc2026-agile-1/h-blind__s-gbfs/changmin_04_watering/p001
tamerlite-ipc2026-agile-1,h-hadd_no_numbers__s-gbfs,hadd_no_numbers,gbfs,changmin_04_watering,p001.pddl,timeout,true,timeout,300.062930,579024,579024,timeout,,,,,not-run,,results/raw/changmin-heuristics-all-20260912-160327-347232/cases/tamerlite-ipc2026-agile-1/h-hadd_no_numbers__s-gbfs/changmin_04_watering/p001
tamerlite-ipc2026-agile-1,h-hff_no_numbers__s-gbfs,hff_no_numbers,gbfs,changmin_04_watering,p001.pddl,timeout,true,timeout,300.114935,480464,480464,timeout,,,,,not-run,,results/raw/changmin-heuristics-all-20260912-160327-347232/cases/tamerlite-ipc2026-agile-1/h-hff_no_numbers__s-gbfs/changmin_04_watering/p001
tamerlite-ipc2026-agile-1,h-hmax_no_numbers__s-gbfs,hmax_no_numbers,gbfs,changmin_04_watering,p001.pddl,timeout,true,timeout,300.153229,552336,552336,timeout,,,,,not-run,,results/raw/changmin-heuristics-all-20260912-160327-347232/cases/tamerlite-ipc2026-agile-1/h-hmax_no_numbers__s-gbfs/changmin_04_watering/p001
tamerlite-ipc2026-agile-1,h-hadd__s-gbfs,hadd,gbfs,changmin_04_watering,p002.pddl,timeout,true,timeout,300.028453,990868,990868,timeout,,,,,not-run,,results/raw/changmin-heuristics-all-20260912-160327-347232/cases/tamerlite-ipc2026-agile-1/h-hadd__s-gbfs/changmin_04_watering/p002
tamerlite-ipc2026-agile-1,h-hff__s-gbfs,hff,gbfs,changmin_04_watering,p002.pddl,timeout,true,timeout,300.091981,424612,424612,timeout,,,,,not-run,,results/raw/changmin-heuristics-all-20260912-160327-347232/cases/tamerlite-ipc2026-agile-1/h-hff__s-gbfs/changmin_04_watering/p002
tamerlite-ipc2026-agile-1,h-hmax__s-gbfs,hmax,gbfs,changmin_04_watering,p002.pddl,timeout,true,timeout,300.128942,642180,642180,timeout,,,,,not-run,,results/raw/changmin-heuristics-all-20260912-160327-347232/cases/tamerlite-ipc2026-agile-1/h-hmax__s-gbfs/changmin_04_watering/p002
tamerlite-ipc2026-agile-1,h-hmax_explicit__s-gbfs,hmax_explicit,gbfs,changmin_04_watering,p002.pddl,timeout,true,timeout,300.018983,152028,152028,timeout,,,,,not-run,,results/raw/changmin-heuristics-all-20260912-160327-347232/cases/tamerlite-ipc2026-agile-1/h-hmax_explicit__s-gbfs/changmin_04_watering/p002
tamerlite-ipc2026-agile-1,h-blind__s-gbfs,blind,gbfs,changmin_04_watering,p002.pddl,timeout,true,timeout,300.145712,902144,902144,timeout,,,,,not-run,,results/raw/changmin-heuristics-all-20260912-160327-347232/cases/tamerlite-ipc2026-agile-1/h-blind__s-gbfs/changmin_04_watering/p002
tamerlite-ipc2026-agile-1,h-hadd_no_numbers__s-gbfs,hadd_no_numbers,gbfs,changmin_04_watering,p002.pddl,timeout,true,timeout,300.129381,536456,536456,timeout,,,,,not-run,,results/raw/changmin-heuristics-all-20260912-160327-347232/cases/tamerlite-ipc2026-agile-1/h-hadd_no_numbers__s-gbfs/changmin_04_watering/p002
tamerlite-ipc2026-agile-1,h-hff_no_numbers__s-gbfs,hff_no_numbers,gbfs,changmin_04_watering,p002.pddl,timeout,true,timeout,300.095758,492072,492072,timeout,,,,,not-run,,results/raw/changmin-heuristics-all-20260912-160327-347232/cases/tamerlite-ipc2026-agile-1/h-hff_no_numbers__s-gbfs/changmin_04_watering/p002
tamerlite-ipc2026-agile-1,h-hmax_no_numbers__s-gbfs,hmax_no_numbers,gbfs,changmin_04_watering,p002.pddl,timeout,true,timeout,300.173529,491020,491020,timeout,,,,,not-run,,results/raw/changmin-heuristics-all-20260912-160327-347232/cases/tamerlite-ipc2026-agile-1/h-hmax_no_numbers__s-gbfs/changmin_04_watering/p002
tamerlite-ipc2026-agile-1,h-hadd__s-gbfs,hadd,gbfs,changmin_04_watering,p003.pddl,timeout,true,timeout,300.210514,622568,622568,timeout,,,,,not-run,,results/raw/changmin-heuristics-all-20260912-160327-347232/cases/tamerlite-ipc2026-agile-1/h-hadd__s-gbfs/changmin_04_watering/p003
tamerlite-ipc2026-agile-1,h-hff__s-gbfs,hff,gbfs,changmin_04_watering,p003.pddl,timeout,true,timeout,300.044181,518420,518420,timeout,,,,,not-run,,results/raw/changmin-heuristics-all-20260912-160327-347232/cases/tamerlite-ipc2026-agile-1/h-hff__s-gbfs/changmin_04_watering/p003
tamerlite-ipc2026-agile-1,h-hmax__s-gbfs,hmax,gbfs,changmin_04_watering,p003.pddl,timeout,true,timeout,300.058590,667376,667376,timeout,,,,,not-run,,results/raw/changmin-heuristics-all-20260912-160327-347232/cases/tamerlite-ipc2026-agile-1/h-hmax__s-gbfs/changmin_04_watering/p003
tamerlite-ipc2026-agile-1,h-hmax_explicit__s-gbfs,hmax_explicit,gbfs,changmin_04_watering,p003.pddl,timeout,true,timeout,300.144189,151812,151812,timeout,,,,,not-run,,results/raw/changmin-heuristics-all-20260912-160327-347232/cases/tamerlite-ipc2026-agile-1/h-hmax_explicit__s-gbfs/changmin_04_watering/p003
tamerlite-ipc2026-agile-1,h-blind__s-gbfs,blind,gbfs,changmin_04_watering,p003.pddl,timeout,true,timeout,300.173056,785740,785740,timeout,,,,,not-run,,results/raw/changmin-heuristics-all-20260912-160327-347232/cases/tamerlite-ipc2026-agile-1/h-blind__s-gbfs/changmin_04_watering/p003
tamerlite-ipc2026-agile-1,h-hadd_no_numbers__s-gbfs,hadd_no_numbers,gbfs,changmin_04_watering,p003.pddl,timeout,true,timeout,300.092921,486940,486940,timeout,,,,,not-run,,results/raw/changmin-heuristics-all-20260912-160327-347232/cases/tamerlite-ipc2026-agile-1/h-hadd_no_numbers__s-gbfs/changmin_04_watering/p003
tamerlite-ipc2026-agile-1,h-hff_no_numbers__s-gbfs,hff_no_numbers,gbfs,changmin_04_watering,p003.pddl,timeout,true,timeout,300.129267,437612,437612,timeout,,,,,not-run,,results/raw/changmin-heuristics-all-20260912-160327-347232/cases/tamerlite-ipc2026-agile-1/h-hff_no_numbers__s-gbfs/changmin_04_watering/p003
tamerlite-ipc2026-agile-1,h-hmax_no_numbers__s-gbfs,hmax_no_numbers,gbfs,changmin_04_watering,p003.pddl,timeout,true,timeout,300.182216,443924,443924,timeout,,,,,not-run,,results/raw/changmin-heuristics-all-20260912-160327-347232/cases/tamerlite-ipc2026-agile-1/h-hmax_no_numbers__s-gbfs/changmin_04_watering/p003
tamerlite-ipc2026-agile-1,h-hadd__s-gbfs,hadd,gbfs,changmin_04_watering,p004.pddl,timeout,true,timeout,300.117016,782928,782928,timeout,,,,,not-run,,results/raw/changmin-heuristics-all-20260912-160327-347232/cases/tamerlite-ipc2026-agile-1/h-hadd__s-gbfs/changmin_04_watering/p004
tamerlite-ipc2026-agile-1,h-hff__s-gbfs,hff,gbfs,changmin_04_watering,p004.pddl,timeout,true,timeout,300.171572,370000,370000,timeout,,,,,not-run,,results/raw/changmin-heuristics-all-20260912-160327-347232/cases/tamerlite-ipc2026-agile-1/h-hff__s-gbfs/changmin_04_watering/p004
tamerlite-ipc2026-agile-1,h-hmax__s-gbfs,hmax,gbfs,changmin_04_watering,p004.pddl,timeout,true,timeout,300.031031,435944,435944,timeout,,,,,not-run,,results/raw/changmin-heuristics-all-20260912-160327-347232/cases/tamerlite-ipc2026-agile-1/h-hmax__s-gbfs/changmin_04_watering/p004
tamerlite-ipc2026-agile-1,h-hmax_explicit__s-gbfs,hmax_explicit,gbfs,changmin_04_watering,p004.pddl,timeout,true,timeout,300.063476,153648,153648,timeout,,,,,not-run,,results/raw/changmin-heuristics-all-20260912-160327-347232/cases/tamerlite-ipc2026-agile-1/h-hmax_explicit__s-gbfs/changmin_04_watering/p004
tamerlite-ipc2026-agile-1,h-blind__s-gbfs,blind,gbfs,changmin_04_watering,p004.pddl,timeout,true,timeout,300.013634,791108,791108,timeout,,,,,not-run,,results/raw/changmin-heuristics-all-20260912-160327-347232/cases/tamerlite-ipc2026-agile-1/h-blind__s-gbfs/changmin_04_watering/p004
tamerlite-ipc2026-agile-1,h-hadd_no_numbers__s-gbfs,hadd_no_numbers,gbfs,changmin_04_watering,p004.pddl,timeout,true,timeout,300.216918,487960,487960,timeout,,,,,not-run,,results/raw/changmin-heuristics-all-20260912-160327-347232/cases/tamerlite-ipc2026-agile-1/h-hadd_no_numbers__s-gbfs/changmin_04_watering/p004
tamerlite-ipc2026-agile-1,h-hff_no_numbers__s-gbfs,hff_no_numbers,gbfs,changmin_04_watering,p004.pddl,timeout,true,timeout,300.077248,484188,484188,timeout,,,,,not-run,,results/raw/changmin-heuristics-all-20260912-160327-347232/cases/tamerlite-ipc2026-agile-1/h-hff_no_numbers__s-gbfs/changmin_04_watering/p004
tamerlite-ipc2026-agile-1,h-hmax_no_numbers__s-gbfs,hmax_no_numbers,gbfs,changmin_04_watering,p004.pddl,timeout,true,timeout,300.032219,485108,485108,timeout,,,,,not-run,,results/raw/changmin-heuristics-all-20260912-160327-347232/cases/tamerlite-ipc2026-agile-1/h-hmax_no_numbers__s-gbfs/changmin_04_watering/p004
tamerlite-ipc2026-agile-1,h-hadd__s-gbfs,hadd,gbfs,changmin_05_barman,p000.pddl,solved,true,0,0.650101,147004,54560,,3,,,3,valid,results/raw/changmin-heuristics-all-20260912-160327-347232/cases/tamerlite-ipc2026-agile-1/h-hadd__s-gbfs/changmin_05_barman/p000/plan.val,results/raw/changmin-heuristics-all-20260912-160327-347232/cases/tamerlite-ipc2026-agile-1/h-hadd__s-gbfs/changmin_05_barman/p000
tamerlite-ipc2026-agile-1,h-hff__s-gbfs,hff,gbfs,changmin_05_barman,p000.pddl,solved,true,0,0.650383,146748,54520,,3,,,3,valid,results/raw/changmin-heuristics-all-20260912-160327-347232/cases/tamerlite-ipc2026-agile-1/h-hff__s-gbfs/changmin_05_barman/p000/plan.val,results/raw/changmin-heuristics-all-20260912-160327-347232/cases/tamerlite-ipc2026-agile-1/h-hff__s-gbfs/changmin_05_barman/p000
tamerlite-ipc2026-agile-1,h-hmax__s-gbfs,hmax,gbfs,changmin_05_barman,p000.pddl,solved,true,0,0.652051,146748,54456,,3,,,3,valid,results/raw/changmin-heuristics-all-20260912-160327-347232/cases/tamerlite-ipc2026-agile-1/h-hmax__s-gbfs/changmin_05_barman/p000/plan.val,results/raw/changmin-heuristics-all-20260912-160327-347232/cases/tamerlite-ipc2026-agile-1/h-hmax__s-gbfs/changmin_05_barman/p000
tamerlite-ipc2026-agile-1,h-hmax_explicit__s-gbfs,hmax_explicit,gbfs,changmin_05_barman,p000.pddl,timeout,true,timeout,300.174079,149108,149108,timeout,,,,,not-run,,results/raw/changmin-heuristics-all-20260912-160327-347232/cases/tamerlite-ipc2026-agile-1/h-hmax_explicit__s-gbfs/changmin_05_barman/p000
tamerlite-ipc2026-agile-1,h-blind__s-gbfs,blind,gbfs,changmin_05_barman,p000.pddl,solved,true,0,0.640852,146740,54468,,3,,,3,valid,results/raw/changmin-heuristics-all-20260912-160327-347232/cases/tamerlite-ipc2026-agile-1/h-blind__s-gbfs/changmin_05_barman/p000/plan.val,results/raw/changmin-heuristics-all-20260912-160327-347232/cases/tamerlite-ipc2026-agile-1/h-blind__s-gbfs/changmin_05_barman/p000
tamerlite-ipc2026-agile-1,h-hadd_no_numbers__s-gbfs,hadd_no_numbers,gbfs,changmin_05_barman,p000.pddl,solved,true,0,0.643401,146988,54552,,3,,,3,valid,results/raw/changmin-heuristics-all-20260912-160327-347232/cases/tamerlite-ipc2026-agile-1/h-hadd_no_numbers__s-gbfs/changmin_05_barman/p000/plan.val,results/raw/changmin-heuristics-all-20260912-160327-347232/cases/tamerlite-ipc2026-agile-1/h-hadd_no_numbers__s-gbfs/changmin_05_barman/p000
tamerlite-ipc2026-agile-1,h-hff_no_numbers__s-gbfs,hff_no_numbers,gbfs,changmin_05_barman,p000.pddl,solved,true,0,0.649532,146740,54620,,3,,,3,valid,results/raw/changmin-heuristics-all-20260912-160327-347232/cases/tamerlite-ipc2026-agile-1/h-hff_no_numbers__s-gbfs/changmin_05_barman/p000/plan.val,results/raw/changmin-heuristics-all-20260912-160327-347232/cases/tamerlite-ipc2026-agile-1/h-hff_no_numbers__s-gbfs/changmin_05_barman/p000
tamerlite-ipc2026-agile-1,h-hmax_no_numbers__s-gbfs,hmax_no_numbers,gbfs,changmin_05_barman,p000.pddl,solved,true,0,0.861858,146736,54992,,3,,,3,valid,results/raw/changmin-heuristics-all-20260912-160327-347232/cases/tamerlite-ipc2026-agile-1/h-hmax_no_numbers__s-gbfs/changmin_05_barman/p000/plan.val,results/raw/changmin-heuristics-all-20260912-160327-347232/cases/tamerlite-ipc2026-agile-1/h-hmax_no_numbers__s-gbfs/changmin_05_barman/p000
tamerlite-ipc2026-agile-1,h-hadd__s-gbfs,hadd,gbfs,changmin_05_barman,p001.pddl,timeout,true,timeout,300.221710,494716,494716,timeout,,,,,not-run,,results/raw/changmin-heuristics-all-20260912-160327-347232/cases/tamerlite-ipc2026-agile-1/h-hadd__s-gbfs/changmin_05_barman/p001
tamerlite-ipc2026-agile-1,h-hff__s-gbfs,hff,gbfs,changmin_05_barman,p001.pddl,timeout,true,timeout,300.064598,352536,352536,timeout,,,,,not-run,,results/raw/changmin-heuristics-all-20260912-160327-347232/cases/tamerlite-ipc2026-agile-1/h-hff__s-gbfs/changmin_05_barman/p001
tamerlite-ipc2026-agile-1,h-hmax__s-gbfs,hmax,gbfs,changmin_05_barman,p001.pddl,timeout,true,timeout,300.082179,189388,189388,timeout,,,,,not-run,,results/raw/changmin-heuristics-all-20260912-160327-347232/cases/tamerlite-ipc2026-agile-1/h-hmax__s-gbfs/changmin_05_barman/p001
tamerlite-ipc2026-agile-1,h-hmax_explicit__s-gbfs,hmax_explicit,gbfs,changmin_05_barman,p001.pddl,timeout,true,timeout,300.172323,154676,154676,timeout,,,,,not-run,,results/raw/changmin-heuristics-all-20260912-160327-347232/cases/tamerlite-ipc2026-agile-1/h-hmax_explicit__s-gbfs/changmin_05_barman/p001
tamerlite-ipc2026-agile-1,h-blind__s-gbfs,blind,gbfs,changmin_05_barman,p001.pddl,timeout,true,timeout,300.086868,461992,461992,timeout,,,,,not-run,,results/raw/changmin-heuristics-all-20260912-160327-347232/cases/tamerlite-ipc2026-agile-1/h-blind__s-gbfs/changmin_05_barman/p001
tamerlite-ipc2026-agile-1,h-hadd_no_numbers__s-gbfs,hadd_no_numbers,gbfs,changmin_05_barman,p001.pddl,timeout,true,timeout,300.122744,526272,526272,timeout,,,,,not-run,,results/raw/changmin-heuristics-all-20260912-160327-347232/cases/tamerlite-ipc2026-agile-1/h-hadd_no_numbers__s-gbfs/changmin_05_barman/p001
tamerlite-ipc2026-agile-1,h-hff_no_numbers__s-gbfs,hff_no_numbers,gbfs,changmin_05_barman,p001.pddl,timeout,true,timeout,300.202682,365036,365036,timeout,,,,,not-run,,results/raw/changmin-heuristics-all-20260912-160327-347232/cases/tamerlite-ipc2026-agile-1/h-hff_no_numbers__s-gbfs/changmin_05_barman/p001
tamerlite-ipc2026-agile-1,h-hmax_no_numbers__s-gbfs,hmax_no_numbers,gbfs,changmin_05_barman,p001.pddl,timeout,true,timeout,300.142915,212176,212176,timeout,,,,,not-run,,results/raw/changmin-heuristics-all-20260912-160327-347232/cases/tamerlite-ipc2026-agile-1/h-hmax_no_numbers__s-gbfs/changmin_05_barman/p001
tamerlite-ipc2026-agile-1,h-hadd__s-gbfs,hadd,gbfs,changmin_05_barman,p002.pddl,timeout,true,timeout,300.179196,251140,251140,timeout,,,,,not-run,,results/raw/changmin-heuristics-all-20260912-160327-347232/cases/tamerlite-ipc2026-agile-1/h-hadd__s-gbfs/changmin_05_barman/p002
tamerlite-ipc2026-agile-1,h-hff__s-gbfs,hff,gbfs,changmin_05_barman,p002.pddl,timeout,true,timeout,300.143676,202576,202576,timeout,,,,,not-run,,results/raw/changmin-heuristics-all-20260912-160327-347232/cases/tamerlite-ipc2026-agile-1/h-hff__s-gbfs/changmin_05_barman/p002
tamerlite-ipc2026-agile-1,h-hmax__s-gbfs,hmax,gbfs,changmin_05_barman,p002.pddl,timeout,true,timeout,300.133844,175816,175816,timeout,,,,,not-run,,results/raw/changmin-heuristics-all-20260912-160327-347232/cases/tamerlite-ipc2026-agile-1/h-hmax__s-gbfs/changmin_05_barman/p002
tamerlite-ipc2026-agile-1,h-hmax_explicit__s-gbfs,hmax_explicit,gbfs,changmin_05_barman,p002.pddl,timeout,true,timeout,300.094850,165176,165176,timeout,,,,,not-run,,results/raw/changmin-heuristics-all-20260912-160327-347232/cases/tamerlite-ipc2026-agile-1/h-hmax_explicit__s-gbfs/changmin_05_barman/p002
tamerlite-ipc2026-agile-1,h-blind__s-gbfs,blind,gbfs,changmin_05_barman,p002.pddl,timeout,true,timeout,300.156381,461052,461052,timeout,,,,,not-run,,results/raw/changmin-heuristics-all-20260912-160327-347232/cases/tamerlite-ipc2026-agile-1/h-blind__s-gbfs/changmin_05_barman/p002
tamerlite-ipc2026-agile-1,h-hadd_no_numbers__s-gbfs,hadd_no_numbers,gbfs,changmin_05_barman,p002.pddl,timeout,true,timeout,300.176498,319200,319200,timeout,,,,,not-run,,results/raw/changmin-heuristics-all-20260912-160327-347232/cases/tamerlite-ipc2026-agile-1/h-hadd_no_numbers__s-gbfs/changmin_05_barman/p002
tamerlite-ipc2026-agile-1,h-hff_no_numbers__s-gbfs,hff_no_numbers,gbfs,changmin_05_barman,p002.pddl,timeout,true,timeout,300.106177,255516,255516,timeout,,,,,not-run,,results/raw/changmin-heuristics-all-20260912-160327-347232/cases/tamerlite-ipc2026-agile-1/h-hff_no_numbers__s-gbfs/changmin_05_barman/p002
tamerlite-ipc2026-agile-1,h-hmax_no_numbers__s-gbfs,hmax_no_numbers,gbfs,changmin_05_barman,p002.pddl,timeout,true,timeout,300.193520,196896,196896,timeout,,,,,not-run,,results/raw/changmin-heuristics-all-20260912-160327-347232/cases/tamerlite-ipc2026-agile-1/h-hmax_no_numbers__s-gbfs/changmin_05_barman/p002
tamerlite-ipc2026-agile-1,h-hadd__s-gbfs,hadd,gbfs,changmin_05_barman,p003.pddl,timeout,true,timeout,300.025972,195524,195524,timeout,,,,,not-run,,results/raw/changmin-heuristics-all-20260912-160327-347232/cases/tamerlite-ipc2026-agile-1/h-hadd__s-gbfs/changmin_05_barman/p003
tamerlite-ipc2026-agile-1,h-hff__s-gbfs,hff,gbfs,changmin_05_barman,p003.pddl,timeout,true,timeout,300.208718,193312,193312,timeout,,,,,not-run,,results/raw/changmin-heuristics-all-20260912-160327-347232/cases/tamerlite-ipc2026-agile-1/h-hff__s-gbfs/changmin_05_barman/p003
tamerlite-ipc2026-agile-1,h-hmax__s-gbfs,hmax,gbfs,changmin_05_barman,p003.pddl,timeout,true,timeout,300.182156,174396,174396,timeout,,,,,not-run,,results/raw/changmin-heuristics-all-20260912-160327-347232/cases/tamerlite-ipc2026-agile-1/h-hmax__s-gbfs/changmin_05_barman/p003
tamerlite-ipc2026-agile-1,h-hmax_explicit__s-gbfs,hmax_explicit,gbfs,changmin_05_barman,p003.pddl,timeout,true,timeout,300.186546,178084,178084,timeout,,,,,not-run,,results/raw/changmin-heuristics-all-20260912-160327-347232/cases/tamerlite-ipc2026-agile-1/h-hmax_explicit__s-gbfs/changmin_05_barman/p003
tamerlite-ipc2026-agile-1,h-blind__s-gbfs,blind,gbfs,changmin_05_barman,p003.pddl,timeout,true,timeout,300.154632,462452,462452,timeout,,,,,not-run,,results/raw/changmin-heuristics-all-20260912-160327-347232/cases/tamerlite-ipc2026-agile-1/h-blind__s-gbfs/changmin_05_barman/p003
tamerlite-ipc2026-agile-1,h-hadd_no_numbers__s-gbfs,hadd_no_numbers,gbfs,changmin_05_barman,p003.pddl,timeout,true,timeout,300.043736,201320,201320,timeout,,,,,not-run,,results/raw/changmin-heuristics-all-20260912-160327-347232/cases/tamerlite-ipc2026-agile-1/h-hadd_no_numbers__s-gbfs/changmin_05_barman/p003
tamerlite-ipc2026-agile-1,h-hff_no_numbers__s-gbfs,hff_no_numbers,gbfs,changmin_05_barman,p003.pddl,timeout,true,timeout,300.059412,194376,194376,timeout,,,,,not-run,,results/raw/changmin-heuristics-all-20260912-160327-347232/cases/tamerlite-ipc2026-agile-1/h-hff_no_numbers__s-gbfs/changmin_05_barman/p003
tamerlite-ipc2026-agile-1,h-hmax_no_numbers__s-gbfs,hmax_no_numbers,gbfs,changmin_05_barman,p003.pddl,timeout,true,timeout,300.140458,194212,194212,timeout,,,,,not-run,,results/raw/changmin-heuristics-all-20260912-160327-347232/cases/tamerlite-ipc2026-agile-1/h-hmax_no_numbers__s-gbfs/changmin_05_barman/p003
tamerlite-ipc2026-agile-1,h-hadd__s-gbfs,hadd,gbfs,changmin_05_barman,p004.pddl,timeout,true,timeout,300.049285,202068,202068,timeout,,,,,not-run,,results/raw/changmin-heuristics-all-20260912-160327-347232/cases/tamerlite-ipc2026-agile-1/h-hadd__s-gbfs/changmin_05_barman/p004
tamerlite-ipc2026-agile-1,h-hff__s-gbfs,hff,gbfs,changmin_05_barman,p004.pddl,timeout,true,timeout,300.024413,200420,200420,timeout,,,,,not-run,,results/raw/changmin-heuristics-all-20260912-160327-347232/cases/tamerlite-ipc2026-agile-1/h-hff__s-gbfs/changmin_05_barman/p004
tamerlite-ipc2026-agile-1,h-hmax__s-gbfs,hmax,gbfs,changmin_05_barman,p004.pddl,timeout,true,timeout,300.175098,186324,186324,timeout,,,,,not-run,,results/raw/changmin-heuristics-all-20260912-160327-347232/cases/tamerlite-ipc2026-agile-1/h-hmax__s-gbfs/changmin_05_barman/p004
tamerlite-ipc2026-agile-1,h-hmax_explicit__s-gbfs,hmax_explicit,gbfs,changmin_05_barman,p004.pddl,timeout,true,timeout,300.095646,189256,189256,timeout,,,,,not-run,,results/raw/changmin-heuristics-all-20260912-160327-347232/cases/tamerlite-ipc2026-agile-1/h-hmax_explicit__s-gbfs/changmin_05_barman/p004
tamerlite-ipc2026-agile-1,h-blind__s-gbfs,blind,gbfs,changmin_05_barman,p004.pddl,timeout,true,timeout,300.054254,540352,540352,timeout,,,,,not-run,,results/raw/changmin-heuristics-all-20260912-160327-347232/cases/tamerlite-ipc2026-agile-1/h-blind__s-gbfs/changmin_05_barman/p004
tamerlite-ipc2026-agile-1,h-hadd_no_numbers__s-gbfs,hadd_no_numbers,gbfs,changmin_05_barman,p004.pddl,timeout,true,timeout,300.217058,203648,203648,timeout,,,,,not-run,,results/raw/changmin-heuristics-all-20260912-160327-347232/cases/tamerlite-ipc2026-agile-1/h-hadd_no_numbers__s-gbfs/changmin_05_barman/p004
tamerlite-ipc2026-agile-1,h-hff_no_numbers__s-gbfs,hff_no_numbers,gbfs,changmin_05_barman,p004.pddl,timeout,true,timeout,300.070779,201192,201192,timeout,,,,,not-run,,results/raw/changmin-heuristics-all-20260912-160327-347232/cases/tamerlite-ipc2026-agile-1/h-hff_no_numbers__s-gbfs/changmin_05_barman/p004
tamerlite-ipc2026-agile-1,h-hmax_no_numbers__s-gbfs,hmax_no_numbers,gbfs,changmin_05_barman,p004.pddl,timeout,true,timeout,300.166438,201832,201832,timeout,,,,,not-run,,results/raw/changmin-heuristics-all-20260912-160327-347232/cases/tamerlite-ipc2026-agile-1/h-hmax_no_numbers__s-gbfs/changmin_05_barman/p004
tamerlite-ipc2026-agile-1,h-hadd__s-gbfs,hadd,gbfs,changmin_06_assembly,p000.pddl,solved,true,0,0.647388,144956,53152,,6,,,6,valid,results/raw/changmin-heuristics-all-20260912-160327-347232/cases/tamerlite-ipc2026-agile-1/h-hadd__s-gbfs/changmin_06_assembly/p000/plan.val,results/raw/changmin-heuristics-all-20260912-160327-347232/cases/tamerlite-ipc2026-agile-1/h-hadd__s-gbfs/changmin_06_assembly/p000
tamerlite-ipc2026-agile-1,h-hff__s-gbfs,hff,gbfs,changmin_06_assembly,p000.pddl,solved,true,0,0.433820,145204,48508,,6,,,6,valid,results/raw/changmin-heuristics-all-20260912-160327-347232/cases/tamerlite-ipc2026-agile-1/h-hff__s-gbfs/changmin_06_assembly/p000/plan.val,results/raw/changmin-heuristics-all-20260912-160327-347232/cases/tamerlite-ipc2026-agile-1/h-hff__s-gbfs/changmin_06_assembly/p000
tamerlite-ipc2026-agile-1,h-hmax__s-gbfs,hmax,gbfs,changmin_06_assembly,p000.pddl,solved,true,0,0.431020,145072,48280,,6,,,6,valid,results/raw/changmin-heuristics-all-20260912-160327-347232/cases/tamerlite-ipc2026-agile-1/h-hmax__s-gbfs/changmin_06_assembly/p000/plan.val,results/raw/changmin-heuristics-all-20260912-160327-347232/cases/tamerlite-ipc2026-agile-1/h-hmax__s-gbfs/changmin_06_assembly/p000
tamerlite-ipc2026-agile-1,h-hmax_explicit__s-gbfs,hmax_explicit,gbfs,changmin_06_assembly,p000.pddl,solved,true,0,0.642525,145212,47396,,6,,,6,valid,results/raw/changmin-heuristics-all-20260912-160327-347232/cases/tamerlite-ipc2026-agile-1/h-hmax_explicit__s-gbfs/changmin_06_assembly/p000/plan.val,results/raw/changmin-heuristics-all-20260912-160327-347232/cases/tamerlite-ipc2026-agile-1/h-hmax_explicit__s-gbfs/changmin_06_assembly/p000
tamerlite-ipc2026-agile-1,h-blind__s-gbfs,blind,gbfs,changmin_06_assembly,p000.pddl,solved,true,0,0.649969,145200,47488,,6,,,6,valid,results/raw/changmin-heuristics-all-20260912-160327-347232/cases/tamerlite-ipc2026-agile-1/h-blind__s-gbfs/changmin_06_assembly/p000/plan.val,results/raw/changmin-heuristics-all-20260912-160327-347232/cases/tamerlite-ipc2026-agile-1/h-blind__s-gbfs/changmin_06_assembly/p000
tamerlite-ipc2026-agile-1,h-hadd_no_numbers__s-gbfs,hadd_no_numbers,gbfs,changmin_06_assembly,p000.pddl,solved,true,0,0.644644,145208,47472,,6,,,6,valid,results/raw/changmin-heuristics-all-20260912-160327-347232/cases/tamerlite-ipc2026-agile-1/h-hadd_no_numbers__s-gbfs/changmin_06_assembly/p000/plan.val,results/raw/changmin-heuristics-all-20260912-160327-347232/cases/tamerlite-ipc2026-agile-1/h-hadd_no_numbers__s-gbfs/changmin_06_assembly/p000
tamerlite-ipc2026-agile-1,h-hff_no_numbers__s-gbfs,hff_no_numbers,gbfs,changmin_06_assembly,p000.pddl,solved,true,0,0.650051,145144,47416,,6,,,6,valid,results/raw/changmin-heuristics-all-20260912-160327-347232/cases/tamerlite-ipc2026-agile-1/h-hff_no_numbers__s-gbfs/changmin_06_assembly/p000/plan.val,results/raw/changmin-heuristics-all-20260912-160327-347232/cases/tamerlite-ipc2026-agile-1/h-hff_no_numbers__s-gbfs/changmin_06_assembly/p000
tamerlite-ipc2026-agile-1,h-hmax_no_numbers__s-gbfs,hmax_no_numbers,gbfs,changmin_06_assembly,p000.pddl,solved,true,0,0.650258,145040,96364,,6,,,6,valid,results/raw/changmin-heuristics-all-20260912-160327-347232/cases/tamerlite-ipc2026-agile-1/h-hmax_no_numbers__s-gbfs/changmin_06_assembly/p000/plan.val,results/raw/changmin-heuristics-all-20260912-160327-347232/cases/tamerlite-ipc2026-agile-1/h-hmax_no_numbers__s-gbfs/changmin_06_assembly/p000
tamerlite-ipc2026-agile-1,h-hadd__s-gbfs,hadd,gbfs,changmin_06_assembly,p001.pddl,memory-limit,true,-15,221.732485,12598212,12598212,memory-limit,,,,,not-run,,results/raw/changmin-heuristics-all-20260912-160327-347232/cases/tamerlite-ipc2026-agile-1/h-hadd__s-gbfs/changmin_06_assembly/p001
tamerlite-ipc2026-agile-1,h-hff__s-gbfs,hff,gbfs,changmin_06_assembly,p001.pddl,timeout,true,timeout,300.113718,9478308,9478308,timeout,,,,,not-run,,results/raw/changmin-heuristics-all-20260912-160327-347232/cases/tamerlite-ipc2026-agile-1/h-hff__s-gbfs/changmin_06_assembly/p001
tamerlite-ipc2026-agile-1,h-hmax__s-gbfs,hmax,gbfs,changmin_06_assembly,p001.pddl,solved,true,0,0.640816,147632,147632,,39,,,94,valid,results/raw/changmin-heuristics-all-20260912-160327-347232/cases/tamerlite-ipc2026-agile-1/h-hmax__s-gbfs/changmin_06_assembly/p001/plan.val,results/raw/changmin-heuristics-all-20260912-160327-347232/cases/tamerlite-ipc2026-agile-1/h-hmax__s-gbfs/changmin_06_assembly/p001
tamerlite-ipc2026-agile-1,h-hmax_explicit__s-gbfs,hmax_explicit,gbfs,changmin_06_assembly,p001.pddl,timeout,true,timeout,300.047251,151952,151952,timeout,,,,,not-run,,results/raw/changmin-heuristics-all-20260912-160327-347232/cases/tamerlite-ipc2026-agile-1/h-hmax_explicit__s-gbfs/changmin_06_assembly/p001
tamerlite-ipc2026-agile-1,h-blind__s-gbfs,blind,gbfs,changmin_06_assembly,p001.pddl,solved,true,0,2.559582,147780,147780,,35,,,90,valid,results/raw/changmin-heuristics-all-20260912-160327-347232/cases/tamerlite-ipc2026-agile-1/h-blind__s-gbfs/changmin_06_assembly/p001/plan.val,results/raw/changmin-heuristics-all-20260912-160327-347232/cases/tamerlite-ipc2026-agile-1/h-blind__s-gbfs/changmin_06_assembly/p001
tamerlite-ipc2026-agile-1,h-hadd_no_numbers__s-gbfs,hadd_no_numbers,gbfs,changmin_06_assembly,p001.pddl,solved,true,0,0.856860,147564,147564,,35,,,90,valid,results/raw/changmin-heuristics-all-20260912-160327-347232/cases/tamerlite-ipc2026-agile-1/h-hadd_no_numbers__s-gbfs/changmin_06_assembly/p001/plan.val,results/raw/changmin-heuristics-all-20260912-160327-347232/cases/tamerlite-ipc2026-agile-1/h-hadd_no_numbers__s-gbfs/changmin_06_assembly/p001
tamerlite-ipc2026-agile-1,h-hff_no_numbers__s-gbfs,hff_no_numbers,gbfs,changmin_06_assembly,p001.pddl,solved,true,0,1.068235,147684,147684,,35,,,90,valid,results/raw/changmin-heuristics-all-20260912-160327-347232/cases/tamerlite-ipc2026-agile-1/h-hff_no_numbers__s-gbfs/changmin_06_assembly/p001/plan.val,results/raw/changmin-heuristics-all-20260912-160327-347232/cases/tamerlite-ipc2026-agile-1/h-hff_no_numbers__s-gbfs/changmin_06_assembly/p001
tamerlite-ipc2026-agile-1,h-hmax_no_numbers__s-gbfs,hmax_no_numbers,gbfs,changmin_06_assembly,p001.pddl,solved,true,0,0.859219,147596,147596,,35,,,90,valid,results/raw/changmin-heuristics-all-20260912-160327-347232/cases/tamerlite-ipc2026-agile-1/h-hmax_no_numbers__s-gbfs/changmin_06_assembly/p001/plan.val,results/raw/changmin-heuristics-all-20260912-160327-347232/cases/tamerlite-ipc2026-agile-1/h-hmax_no_numbers__s-gbfs/changmin_06_assembly/p001
tamerlite-ipc2026-agile-1,h-hadd__s-gbfs,hadd,gbfs,changmin_06_assembly,p002.pddl,timeout,true,timeout,300.060931,10958112,10958112,timeout,,,,,not-run,,results/raw/changmin-heuristics-all-20260912-160327-347232/cases/tamerlite-ipc2026-agile-1/h-hadd__s-gbfs/changmin_06_assembly/p002
tamerlite-ipc2026-agile-1,h-hff__s-gbfs,hff,gbfs,changmin_06_assembly,p002.pddl,timeout,true,timeout,300.069901,2593556,2593556,timeout,,,,,not-run,,results/raw/changmin-heuristics-all-20260912-160327-347232/cases/tamerlite-ipc2026-agile-1/h-hff__s-gbfs/changmin_06_assembly/p002
tamerlite-ipc2026-agile-1,h-hmax__s-gbfs,hmax,gbfs,changmin_06_assembly,p002.pddl,solved,true,0,1.279622,148328,148328,,62,,,150,valid,results/raw/changmin-heuristics-all-20260912-160327-347232/cases/tamerlite-ipc2026-agile-1/h-hmax__s-gbfs/changmin_06_assembly/p002/plan.val,results/raw/changmin-heuristics-all-20260912-160327-347232/cases/tamerlite-ipc2026-agile-1/h-hmax__s-gbfs/changmin_06_assembly/p002
tamerlite-ipc2026-agile-1,h-hmax_explicit__s-gbfs,hmax_explicit,gbfs,changmin_06_assembly,p002.pddl,timeout,true,timeout,300.110244,151848,151848,timeout,,,,,not-run,,results/raw/changmin-heuristics-all-20260912-160327-347232/cases/tamerlite-ipc2026-agile-1/h-hmax_explicit__s-gbfs/changmin_06_assembly/p002
tamerlite-ipc2026-agile-1,h-blind__s-gbfs,blind,gbfs,changmin_06_assembly,p002.pddl,timeout,true,timeout,300.106838,271600,271600,timeout,,,,,not-run,,results/raw/changmin-heuristics-all-20260912-160327-347232/cases/tamerlite-ipc2026-agile-1/h-blind__s-gbfs/changmin_06_assembly/p002
tamerlite-ipc2026-agile-1,h-hadd_no_numbers__s-gbfs,hadd_no_numbers,gbfs,changmin_06_assembly,p002.pddl,solved,true,0,1.921473,148412,148412,,56,,,143,valid,results/raw/changmin-heuristics-all-20260912-160327-347232/cases/tamerlite-ipc2026-agile-1/h-hadd_no_numbers__s-gbfs/changmin_06_assembly/p002/plan.val,results/raw/changmin-heuristics-all-20260912-160327-347232/cases/tamerlite-ipc2026-agile-1/h-hadd_no_numbers__s-gbfs/changmin_06_assembly/p002
tamerlite-ipc2026-agile-1,h-hff_no_numbers__s-gbfs,hff_no_numbers,gbfs,changmin_06_assembly,p002.pddl,solved,true,0,2.991180,148576,148576,,56,,,143,valid,results/raw/changmin-heuristics-all-20260912-160327-347232/cases/tamerlite-ipc2026-agile-1/h-hff_no_numbers__s-gbfs/changmin_06_assembly/p002/plan.val,results/raw/changmin-heuristics-all-20260912-160327-347232/cases/tamerlite-ipc2026-agile-1/h-hff_no_numbers__s-gbfs/changmin_06_assembly/p002
tamerlite-ipc2026-agile-1,h-hmax_no_numbers__s-gbfs,hmax_no_numbers,gbfs,changmin_06_assembly,p002.pddl,solved,true,0,22.642420,169164,169164,,54,,,138,valid,results/raw/changmin-heuristics-all-20260912-160327-347232/cases/tamerlite-ipc2026-agile-1/h-hmax_no_numbers__s-gbfs/changmin_06_assembly/p002/plan.val,results/raw/changmin-heuristics-all-20260912-160327-347232/cases/tamerlite-ipc2026-agile-1/h-hmax_no_numbers__s-gbfs/changmin_06_assembly/p002
tamerlite-ipc2026-agile-1,h-hadd__s-gbfs,hadd,gbfs,changmin_06_assembly,p003.pddl,timeout,true,timeout,300.109948,880884,880884,timeout,,,,,not-run,,results/raw/changmin-heuristics-all-20260912-160327-347232/cases/tamerlite-ipc2026-agile-1/h-hadd__s-gbfs/changmin_06_assembly/p003
tamerlite-ipc2026-agile-1,h-hff__s-gbfs,hff,gbfs,changmin_06_assembly,p003.pddl,timeout,true,timeout,300.112048,1447940,1447940,timeout,,,,,not-run,,results/raw/changmin-heuristics-all-20260912-160327-347232/cases/tamerlite-ipc2026-agile-1/h-hff__s-gbfs/changmin_06_assembly/p003
tamerlite-ipc2026-agile-1,h-hmax__s-gbfs,hmax,gbfs,changmin_06_assembly,p003.pddl,timeout,true,timeout,300.027084,630264,630264,timeout,,,,,not-run,,results/raw/changmin-heuristics-all-20260912-160327-347232/cases/tamerlite-ipc2026-agile-1/h-hmax__s-gbfs/changmin_06_assembly/p003
tamerlite-ipc2026-agile-1,h-hmax_explicit__s-gbfs,hmax_explicit,gbfs,changmin_06_assembly,p003.pddl,timeout,true,timeout,300.048775,151228,151228,timeout,,,,,not-run,,results/raw/changmin-heuristics-all-20260912-160327-347232/cases/tamerlite-ipc2026-agile-1/h-hmax_explicit__s-gbfs/changmin_06_assembly/p003
tamerlite-ipc2026-agile-1,h-blind__s-gbfs,blind,gbfs,changmin_06_assembly,p003.pddl,timeout,true,timeout,300.074126,359300,359300,timeout,,,,,not-run,,results/raw/changmin-heuristics-all-20260912-160327-347232/cases/tamerlite-ipc2026-agile-1/h-blind__s-gbfs/changmin_06_assembly/p003
tamerlite-ipc2026-agile-1,h-hadd_no_numbers__s-gbfs,hadd_no_numbers,gbfs,changmin_06_assembly,p003.pddl,timeout,true,timeout,300.039209,829256,829256,timeout,,,,,not-run,,results/raw/changmin-heuristics-all-20260912-160327-347232/cases/tamerlite-ipc2026-agile-1/h-hadd_no_numbers__s-gbfs/changmin_06_assembly/p003
tamerlite-ipc2026-agile-1,h-hff_no_numbers__s-gbfs,hff_no_numbers,gbfs,changmin_06_assembly,p003.pddl,solved,true,0,17.687983,160524,160524,,74,,,204,valid,results/raw/changmin-heuristics-all-20260912-160327-347232/cases/tamerlite-ipc2026-agile-1/h-hff_no_numbers__s-gbfs/changmin_06_assembly/p003/plan.val,results/raw/changmin-heuristics-all-20260912-160327-347232/cases/tamerlite-ipc2026-agile-1/h-hff_no_numbers__s-gbfs/changmin_06_assembly/p003
tamerlite-ipc2026-agile-1,h-hmax_no_numbers__s-gbfs,hmax_no_numbers,gbfs,changmin_06_assembly,p003.pddl,timeout,true,timeout,300.054819,716508,716508,timeout,,,,,not-run,,results/raw/changmin-heuristics-all-20260912-160327-347232/cases/tamerlite-ipc2026-agile-1/h-hmax_no_numbers__s-gbfs/changmin_06_assembly/p003
tamerlite-ipc2026-agile-1,h-hadd__s-gbfs,hadd,gbfs,changmin_06_assembly,p004.pddl,timeout,true,timeout,300.197149,664268,664268,timeout,,,,,not-run,,results/raw/changmin-heuristics-all-20260912-160327-347232/cases/tamerlite-ipc2026-agile-1/h-hadd__s-gbfs/changmin_06_assembly/p004
tamerlite-ipc2026-agile-1,h-hff__s-gbfs,hff,gbfs,changmin_06_assembly,p004.pddl,timeout,true,timeout,300.190629,818320,818320,timeout,,,,,not-run,,results/raw/changmin-heuristics-all-20260912-160327-347232/cases/tamerlite-ipc2026-agile-1/h-hff__s-gbfs/changmin_06_assembly/p004
tamerlite-ipc2026-agile-1,h-hmax__s-gbfs,hmax,gbfs,changmin_06_assembly,p004.pddl,timeout,true,timeout,300.029828,416904,416904,timeout,,,,,not-run,,results/raw/changmin-heuristics-all-20260912-160327-347232/cases/tamerlite-ipc2026-agile-1/h-hmax__s-gbfs/changmin_06_assembly/p004
tamerlite-ipc2026-agile-1,h-hmax_explicit__s-gbfs,hmax_explicit,gbfs,changmin_06_assembly,p004.pddl,timeout,true,timeout,300.138694,153144,153144,timeout,,,,,not-run,,results/raw/changmin-heuristics-all-20260912-160327-347232/cases/tamerlite-ipc2026-agile-1/h-hmax_explicit__s-gbfs/changmin_06_assembly/p004
tamerlite-ipc2026-agile-1,h-blind__s-gbfs,blind,gbfs,changmin_06_assembly,p004.pddl,timeout,true,timeout,300.020357,416316,416316,timeout,,,,,not-run,,results/raw/changmin-heuristics-all-20260912-160327-347232/cases/tamerlite-ipc2026-agile-1/h-blind__s-gbfs/changmin_06_assembly/p004
tamerlite-ipc2026-agile-1,h-hadd_no_numbers__s-gbfs,hadd_no_numbers,gbfs,changmin_06_assembly,p004.pddl,timeout,true,timeout,300.059824,621324,621324,timeout,,,,,not-run,,results/raw/changmin-heuristics-all-20260912-160327-347232/cases/tamerlite-ipc2026-agile-1/h-hadd_no_numbers__s-gbfs/changmin_06_assembly/p004
tamerlite-ipc2026-agile-1,h-hff_no_numbers__s-gbfs,hff_no_numbers,gbfs,changmin_06_assembly,p004.pddl,solved,true,0,66.405299,213324,213324,,89,,,277,valid,results/raw/changmin-heuristics-all-20260912-160327-347232/cases/tamerlite-ipc2026-agile-1/h-hff_no_numbers__s-gbfs/changmin_06_assembly/p004/plan.val,results/raw/changmin-heuristics-all-20260912-160327-347232/cases/tamerlite-ipc2026-agile-1/h-hff_no_numbers__s-gbfs/changmin_06_assembly/p004
tamerlite-ipc2026-agile-1,h-hmax_no_numbers__s-gbfs,hmax_no_numbers,gbfs,changmin_06_assembly,p004.pddl,timeout,true,timeout,300.177737,459392,459392,timeout,,,,,not-run,,results/raw/changmin-heuristics-all-20260912-160327-347232/cases/tamerlite-ipc2026-agile-1/h-hmax_no_numbers__s-gbfs/changmin_06_assembly/p004
tempest-numeric-ipc2026,h-numeric-hff__s-fixed,numeric-hff,fixed,changmin_01_blocksworld,p000.pddl,solved,true,0,0.211838,4480,1556,,1,,,1,valid,results/raw/changmin-heuristics-all-20260912-160327-347232/cases/tempest-numeric-ipc2026/h-numeric-hff__s-fixed/changmin_01_blocksworld/p000/plan.val,results/raw/changmin-heuristics-all-20260912-160327-347232/cases/tempest-numeric-ipc2026/h-numeric-hff__s-fixed/changmin_01_blocksworld/p000
tempest-numeric-ipc2026,h-numeric-hff__s-fixed,numeric-hff,fixed,changmin_01_blocksworld,p001.pddl,solved,true,0,0.211918,4992,0,,10,,,10,valid,results/raw/changmin-heuristics-all-20260912-160327-347232/cases/tempest-numeric-ipc2026/h-numeric-hff__s-fixed/changmin_01_blocksworld/p001/plan.val,results/raw/changmin-heuristics-all-20260912-160327-347232/cases/tempest-numeric-ipc2026/h-numeric-hff__s-fixed/changmin_01_blocksworld/p001
tempest-numeric-ipc2026,h-numeric-hff__s-fixed,numeric-hff,fixed,changmin_01_blocksworld,p002.pddl,timeout,true,timeout,300.183653,6803060,6803060,timeout,,,,,not-run,,results/raw/changmin-heuristics-all-20260912-160327-347232/cases/tempest-numeric-ipc2026/h-numeric-hff__s-fixed/changmin_01_blocksworld/p002
tempest-numeric-ipc2026,h-numeric-hff__s-fixed,numeric-hff,fixed,changmin_01_blocksworld,p003.pddl,timeout,true,timeout,300.101254,4469152,4469152,timeout,,,,,not-run,,results/raw/changmin-heuristics-all-20260912-160327-347232/cases/tempest-numeric-ipc2026/h-numeric-hff__s-fixed/changmin_01_blocksworld/p003
tempest-numeric-ipc2026,h-numeric-hff__s-fixed,numeric-hff,fixed,changmin_01_blocksworld,p004.pddl,timeout,true,timeout,300.083702,6669976,6669976,timeout,,,,,not-run,,results/raw/changmin-heuristics-all-20260912-160327-347232/cases/tempest-numeric-ipc2026/h-numeric-hff__s-fixed/changmin_01_blocksworld/p004
tempest-numeric-ipc2026,h-numeric-hff__s-fixed,numeric-hff,fixed,changmin_02_logistics,p000.pddl,solved,true,0,0.212362,5376,4824,,3,,,4,valid,results/raw/changmin-heuristics-all-20260912-160327-347232/cases/tempest-numeric-ipc2026/h-numeric-hff__s-fixed/changmin_02_logistics/p000/plan.val,results/raw/changmin-heuristics-all-20260912-160327-347232/cases/tempest-numeric-ipc2026/h-numeric-hff__s-fixed/changmin_02_logistics/p000
tempest-numeric-ipc2026,h-numeric-hff__s-fixed,numeric-hff,fixed,changmin_02_logistics,p001.pddl,solved,true,0,0.446801,17032,17032,,12,,,126,valid,results/raw/changmin-heuristics-all-20260912-160327-347232/cases/tempest-numeric-ipc2026/h-numeric-hff__s-fixed/changmin_02_logistics/p001/plan.val,results/raw/changmin-heuristics-all-20260912-160327-347232/cases/tempest-numeric-ipc2026/h-numeric-hff__s-fixed/changmin_02_logistics/p001
tempest-numeric-ipc2026,h-numeric-hff__s-fixed,numeric-hff,fixed,changmin_02_logistics,p002.pddl,memory-limit,true,-15,126.055524,12594536,12594536,memory-limit,,,,,not-run,,results/raw/changmin-heuristics-all-20260912-160327-347232/cases/tempest-numeric-ipc2026/h-numeric-hff__s-fixed/changmin_02_logistics/p002
tempest-numeric-ipc2026,h-numeric-hff__s-fixed,numeric-hff,fixed,changmin_02_logistics,p003.pddl,memory-limit,true,-15,155.067537,12597308,12597308,memory-limit,,,,,not-run,,results/raw/changmin-heuristics-all-20260912-160327-347232/cases/tempest-numeric-ipc2026/h-numeric-hff__s-fixed/changmin_02_logistics/p003
tempest-numeric-ipc2026,h-numeric-hff__s-fixed,numeric-hff,fixed,changmin_02_logistics,p004.pddl,memory-limit,true,-15,131.774043,12596668,12596668,memory-limit,,,,,not-run,,results/raw/changmin-heuristics-all-20260912-160327-347232/cases/tempest-numeric-ipc2026/h-numeric-hff__s-fixed/changmin_02_logistics/p004
tempest-numeric-ipc2026,h-numeric-hff__s-fixed,numeric-hff,fixed,changmin_03_books,p000.pddl,solved,true,0,0.219301,4992,1556,,2,,,2,valid,results/raw/changmin-heuristics-all-20260912-160327-347232/cases/tempest-numeric-ipc2026/h-numeric-hff__s-fixed/changmin_03_books/p000/plan.val,results/raw/changmin-heuristics-all-20260912-160327-347232/cases/tempest-numeric-ipc2026/h-numeric-hff__s-fixed/changmin_03_books/p000
tempest-numeric-ipc2026,h-numeric-hff__s-fixed,numeric-hff,fixed,changmin_03_books,p001.pddl,memory-limit,true,-15,160.777051,12588964,12588964,memory-limit,,,,,not-run,,results/raw/changmin-heuristics-all-20260912-160327-347232/cases/tempest-numeric-ipc2026/h-numeric-hff__s-fixed/changmin_03_books/p001
tempest-numeric-ipc2026,h-numeric-hff__s-fixed,numeric-hff,fixed,changmin_03_books,p002.pddl,memory-limit,true,-15,230.742098,12587236,12587236,memory-limit,,,,,not-run,,results/raw/changmin-heuristics-all-20260912-160327-347232/cases/tempest-numeric-ipc2026/h-numeric-hff__s-fixed/changmin_03_books/p002
tempest-numeric-ipc2026,h-numeric-hff__s-fixed,numeric-hff,fixed,changmin_03_books,p003.pddl,memory-limit,true,-15,226.688961,12592776,12592776,memory-limit,,,,,not-run,,results/raw/changmin-heuristics-all-20260912-160327-347232/cases/tempest-numeric-ipc2026/h-numeric-hff__s-fixed/changmin_03_books/p003
tempest-numeric-ipc2026,h-numeric-hff__s-fixed,numeric-hff,fixed,changmin_03_books,p004.pddl,memory-limit,true,-15,263.497144,12586492,12586492,memory-limit,,,,,not-run,,results/raw/changmin-heuristics-all-20260912-160327-347232/cases/tempest-numeric-ipc2026/h-numeric-hff__s-fixed/changmin_03_books/p004
tempest-numeric-ipc2026,h-numeric-hff__s-fixed,numeric-hff,fixed,changmin_04_watering,p000.pddl,solved,true,0,0.213547,4608,4552,,3,,,3,valid,results/raw/changmin-heuristics-all-20260912-160327-347232/cases/tempest-numeric-ipc2026/h-numeric-hff__s-fixed/changmin_04_watering/p000/plan.val,results/raw/changmin-heuristics-all-20260912-160327-347232/cases/tempest-numeric-ipc2026/h-numeric-hff__s-fixed/changmin_04_watering/p000
tempest-numeric-ipc2026,h-numeric-hff__s-fixed,numeric-hff,fixed,changmin_04_watering,p001.pddl,memory-limit,true,-15,91.920811,12590092,12590092,memory-limit,,,,,not-run,,results/raw/changmin-heuristics-all-20260912-160327-347232/cases/tempest-numeric-ipc2026/h-numeric-hff__s-fixed/changmin_04_watering/p001
tempest-numeric-ipc2026,h-numeric-hff__s-fixed,numeric-hff,fixed,changmin_04_watering,p002.pddl,solved,true,0,3.450976,527500,527500,,76,,,374,valid,results/raw/changmin-heuristics-all-20260912-160327-347232/cases/tempest-numeric-ipc2026/h-numeric-hff__s-fixed/changmin_04_watering/p002/plan.val,results/raw/changmin-heuristics-all-20260912-160327-347232/cases/tempest-numeric-ipc2026/h-numeric-hff__s-fixed/changmin_04_watering/p002
tempest-numeric-ipc2026,h-numeric-hff__s-fixed,numeric-hff,fixed,changmin_04_watering,p003.pddl,memory-limit,true,-15,101.771180,12605248,12605248,memory-limit,,,,,not-run,,results/raw/changmin-heuristics-all-20260912-160327-347232/cases/tempest-numeric-ipc2026/h-numeric-hff__s-fixed/changmin_04_watering/p003
tempest-numeric-ipc2026,h-numeric-hff__s-fixed,numeric-hff,fixed,changmin_04_watering,p004.pddl,memory-limit,true,-15,85.878737,12585240,12585240,memory-limit,,,,,not-run,,results/raw/changmin-heuristics-all-20260912-160327-347232/cases/tempest-numeric-ipc2026/h-numeric-hff__s-fixed/changmin_04_watering/p004
tempest-numeric-ipc2026,h-numeric-hff__s-fixed,numeric-hff,fixed,changmin_05_barman,p000.pddl,solved,true,0,0.221964,7604,7604,,3,,,3,valid,results/raw/changmin-heuristics-all-20260912-160327-347232/cases/tempest-numeric-ipc2026/h-numeric-hff__s-fixed/changmin_05_barman/p000/plan.val,results/raw/changmin-heuristics-all-20260912-160327-347232/cases/tempest-numeric-ipc2026/h-numeric-hff__s-fixed/changmin_05_barman/p000
tempest-numeric-ipc2026,h-numeric-hff__s-fixed,numeric-hff,fixed,changmin_05_barman,p001.pddl,timeout,true,timeout,300.133457,6187372,6187372,timeout,,,,,not-run,,results/raw/changmin-heuristics-all-20260912-160327-347232/cases/tempest-numeric-ipc2026/h-numeric-hff__s-fixed/changmin_05_barman/p001
tempest-numeric-ipc2026,h-numeric-hff__s-fixed,numeric-hff,fixed,changmin_05_barman,p002.pddl,timeout,true,timeout,300.207297,3467624,3467624,timeout,,,,,not-run,,results/raw/changmin-heuristics-all-20260912-160327-347232/cases/tempest-numeric-ipc2026/h-numeric-hff__s-fixed/changmin_05_barman/p002
tempest-numeric-ipc2026,h-numeric-hff__s-fixed,numeric-hff,fixed,changmin_05_barman,p003.pddl,timeout,true,timeout,300.030484,1930588,1930588,timeout,,,,,not-run,,results/raw/changmin-heuristics-all-20260912-160327-347232/cases/tempest-numeric-ipc2026/h-numeric-hff__s-fixed/changmin_05_barman/p003
tempest-numeric-ipc2026,h-numeric-hff__s-fixed,numeric-hff,fixed,changmin_05_barman,p004.pddl,timeout,true,timeout,300.157081,1414544,1414544,timeout,,,,,not-run,,results/raw/changmin-heuristics-all-20260912-160327-347232/cases/tempest-numeric-ipc2026/h-numeric-hff__s-fixed/changmin_05_barman/p004
tempest-numeric-ipc2026,h-numeric-hff__s-fixed,numeric-hff,fixed,changmin_06_assembly,p000.pddl,solved,true,0,0.218400,4608,1552,,6,,,6,valid,results/raw/changmin-heuristics-all-20260912-160327-347232/cases/tempest-numeric-ipc2026/h-numeric-hff__s-fixed/changmin_06_assembly/p000/plan.val,results/raw/changmin-heuristics-all-20260912-160327-347232/cases/tempest-numeric-ipc2026/h-numeric-hff__s-fixed/changmin_06_assembly/p000
tempest-numeric-ipc2026,h-numeric-hff__s-fixed,numeric-hff,fixed,changmin_06_assembly,p001.pddl,solved,true,0,0.213928,4992,1556,,39,,,94,valid,results/raw/changmin-heuristics-all-20260912-160327-347232/cases/tempest-numeric-ipc2026/h-numeric-hff__s-fixed/changmin_06_assembly/p001/plan.val,results/raw/changmin-heuristics-all-20260912-160327-347232/cases/tempest-numeric-ipc2026/h-numeric-hff__s-fixed/changmin_06_assembly/p001
tempest-numeric-ipc2026,h-numeric-hff__s-fixed,numeric-hff,fixed,changmin_06_assembly,p002.pddl,memory-limit,true,-15,86.448529,12594452,12594452,memory-limit,,,,,not-run,,results/raw/changmin-heuristics-all-20260912-160327-347232/cases/tempest-numeric-ipc2026/h-numeric-hff__s-fixed/changmin_06_assembly/p002
tempest-numeric-ipc2026,h-numeric-hff__s-fixed,numeric-hff,fixed,changmin_06_assembly,p003.pddl,memory-limit,true,-15,104.515860,12582936,12582936,memory-limit,,,,,not-run,,results/raw/changmin-heuristics-all-20260912-160327-347232/cases/tempest-numeric-ipc2026/h-numeric-hff__s-fixed/changmin_06_assembly/p003
tempest-numeric-ipc2026,h-numeric-hff__s-fixed,numeric-hff,fixed,changmin_06_assembly,p004.pddl,memory-limit,true,-15,146.987279,12594640,12594640,memory-limit,,,,,not-run,,results/raw/changmin-heuristics-all-20260912-160327-347232/cases/tempest-numeric-ipc2026/h-numeric-hff__s-fixed/changmin_06_assembly/p004
